incident_id,city,road_name,vehicle_type,accident_type,severity,weather_condition,road_condition,cause,driver_age,driver_gender,injury_count,damage_cost_php,latitude,longitude,datetime,hour,day_of_week,month_name,is_weekend,age_group
MMTI-2025-0001,Mandaluyong,Quezon Ave,Car,Rear-end,Minor,Rain,Unknown,Distracted Driving,55,Female,0,5500,14.518739,120.946532,2025-11-24 03:01:00,3 AM,Monday,November,False,41-60
MMTI-2025-0002,Parañaque,España Blvd,Truck,Rear-end,Unknown,Clear,Slippery,Overspeeding,66,Female,0,56000,14.56805,120.931096,2025-11-05 00:35:00,12 AM,Wednesday,November,False,Senior
MMTI-2025-0003,Navotas,C5,Bus,Side-swipe,Unknown,Storm,Dry,Unknown,52,Male,3,12000,14.610408,121.065881,2025-06-22 03:05:00,3 AM,Sunday,June,True,41-60
MMTI-2025-0004,Parañaque,C5,Motorcycle,Rear-end,Fatal,Clear,Wet,Distracted Driving,42,Male,3,83000,14.666822,120.932531,2025-11-13 11:36:00,11 AM,Thursday,November,False,41-60
MMTI-2025-0005,Mandaluyong,C5,Jeepney,Rear-end,Unknown,Rain,Wet,Drunk Driving,47,Female,2,83500,14.637632,120.943923,2025-07-01 06:42:00,6 AM,Tuesday,July,False,41-60
MMTI-2025-0006,Quezon City,Ortigas Ave,Truck,Side-swipe,Minor,Rain,Unknown,Traffic Violation,31,Female,3,84000,14.59177,120.952976,2025-06-16 01:14:00,1 AM,Monday,June,False,26-40
MMTI-2025-0007,Quezon City,Roxas Blvd,UV Express,Pedestrian,Unknown,Clear,Unknown,Traffic Violation,32,Female,4,65000,14.518182,120.909423,2025-05-07 23:35:00,11 PM,Wednesday,May,False,26-40
MMTI-2025-0008,Pasay,Taft Ave,Jeepney,Collision,Unknown,Cloudy,Unknown,Unknown,51,Male,4,3000,14.636057,120.92291,2025-02-26 04:40:00,4 AM,Wednesday,February,False,41-60
MMTI-2025-0009,Marikina,C5,Bus,Hit and Run,Major,Cloudy,Dry,Reckless Driving,50,Female,4,15500,14.674104,120.959689,2025-10-02 08:49:00,8 AM,Thursday,October,False,41-60
MMTI-2025-0010,Parañaque,Commonwealth Ave,Bus,Rear-end,Unknown,Clear,Dry,Traffic Violation,49,Male,0,48000,14.675744,121.066333,2025-11-24 16:38:00,4 PM,Monday,November,False,41-60
MMTI-2025-0011,Caloocan,Katipunan Ave,Motorcycle,Collision,Unknown,Clear,Unknown,Drunk Driving,26,Female,4,23000,14.553011,121.074487,2025-06-07 07:03:00,7 AM,Saturday,June,True,26-40
MMTI-2025-0012,Quezon City,Quezon Ave,UV Express,Side-swipe,Unknown,Rain,Slippery,Unknown,51,Female,0,33500,14.544939,120.967617,2025-08-05 06:59:00,6 AM,Tuesday,August,False,41-60
MMTI-2025-0013,Makati,Quezon Ave,Motorcycle,Collision,Minor,Rain,Dry,Overspeeding,39,Male,4,32000,14.555695,120.997083,2025-10-29 17:14:00,5 PM,Wednesday,October,False,26-40
MMTI-2025-0014,Makati,Katipunan Ave,Truck,Rear-end,Unknown,Cloudy,Wet,Distracted Driving,24,Female,2,56000,14.58222,121.072767,2025-10-04 04:46:00,4 AM,Saturday,October,True,18-25
MMTI-2025-0015,Taguig,EDSA,Truck,Side-swipe,Minor,Rain,Wet,Mechanical Failure,52,Female,1,56000,14.536698,120.992526,2025-01-28 21:41:00,9 PM,Tuesday,January,False,41-60
MMTI-2025-0016,Quezon City,C5,Motorcycle,Pedestrian,Minor,Clear,Wet,Drunk Driving,44,Female,3,29000,14.67293,121.080489,2025-02-08 14:51:00,2 PM,Saturday,February,True,41-60
MMTI-2025-0017,Navotas,Roxas Blvd,Taxi,Hit and Run,Fatal,Cloudy,Unknown,Unknown,27,Female,2,29500,14.693742,121.015836,2025-03-26 12:00:00,12 PM,Wednesday,March,False,26-40
MMTI-2025-0018,Marikina,EDSA,Motorcycle,Pedestrian,Unknown,Clear,Unknown,Drunk Driving,21,Male,1,10500,14.619007,121.035043,2025-10-05 01:47:00,1 AM,Sunday,October,True,18-25
MMTI-2025-0019,Makati,Quezon Ave,Jeepney,Pedestrian,Minor,Clear,Dry,Unknown,60,Male,2,28000,14.633945,120.962837,2025-05-01 12:07:00,12 PM,Thursday,May,False,41-60
MMTI-2025-0020,San Juan,Aurora Blvd,Bus,Collision,Minor,Cloudy,Unknown,Distracted Driving,22,Female,4,35500,14.526491,120.969802,2025-05-16 12:08:00,12 PM,Friday,May,False,18-25
MMTI-2025-0021,San Juan,Commonwealth Ave,Truck,Pedestrian,Fatal,Clear,Unknown,Overspeeding,60,Male,0,15000,14.687786,120.926858,2025-02-05 07:23:00,7 AM,Wednesday,February,False,41-60
MMTI-2025-0022,Quezon City,Commonwealth Ave,Bus,Side-swipe,Unknown,Rain,Slippery,Mechanical Failure,61,Male,4,64500,14.550224,121.081632,2025-03-01 03:47:00,3 AM,Saturday,March,True,Senior
MMTI-2025-0023,Malabon,Roxas Blvd,Motorcycle,Collision,Fatal,Rain,Slippery,Drunk Driving,65,Female,4,92000,14.585537,120.901934,2025-01-27 02:40:00,2 AM,Monday,January,False,Senior
MMTI-2025-0024,Pasig,España Blvd,Motorcycle,Side-swipe,Unknown,Clear,Wet,Unknown,26,Male,2,48500,14.679796,121.059224,2025-02-08 22:57:00,10 PM,Saturday,February,True,26-40
MMTI-2025-0025,Caloocan,C5,Bus,Pedestrian,Unknown,Clear,Wet,Mechanical Failure,28,Female,3,5000,14.535872,121.084897,2025-01-21 11:13:00,11 AM,Tuesday,January,False,26-40
MMTI-2025-0026,Caloocan,Roxas Blvd,Car,Collision,Unknown,Clear,Unknown,Mechanical Failure,30,Female,2,41000,14.664107,121.074265,2025-07-30 21:55:00,9 PM,Wednesday,July,False,26-40
MMTI-2025-0027,Parañaque,Taft Ave,Bus,Side-swipe,Minor,Storm,Slippery,Unknown,61,Male,0,16500,14.675408,120.952243,2025-04-25 00:42:00,12 AM,Friday,April,False,Senior
MMTI-2025-0028,Taguig,Katipunan Ave,Truck,Side-swipe,Fatal,Cloudy,Unknown,Distracted Driving,42,Female,2,7500,14.641757,120.900338,2025-10-25 08:02:00,8 AM,Saturday,October,True,41-60
MMTI-2025-0029,Parañaque,Ortigas Ave,Truck,Collision,Fatal,Clear,Slippery,Distracted Driving,64,Male,4,41500,14.633379,120.965237,2025-10-03 21:46:00,9 PM,Friday,October,False,Senior
MMTI-2025-0030,Pasig,Quezon Ave,Truck,Hit and Run,Major,Clear,Unknown,Reckless Driving,43,Male,2,38500,14.542037,121.057152,2025-12-23 09:35:00,9 AM,Tuesday,December,False,41-60
MMTI-2025-0031,Valenzuela,Aurora Blvd,Truck,Rear-end,Unknown,Cloudy,Wet,Distracted Driving,36,Male,0,98000,14.546974,120.962084,2025-11-07 20:20:00,8 PM,Friday,November,False,26-40
MMTI-2025-0032,Quezon City,Quezon Ave,Truck,Pedestrian,Minor,Cloudy,Unknown,Mechanical Failure,63,Female,3,53000,14.548797,121.031212,2025-04-12 04:01:00,4 AM,Saturday,April,True,Senior
MMTI-2025-0033,Malabon,Quezon Ave,Car,Pedestrian,Unknown,Clear,Unknown,Mechanical Failure,25,Female,1,61000,14.633516,121.097578,2025-01-03 03:49:00,3 AM,Friday,January,False,18-25
MMTI-2025-0034,Valenzuela,Katipunan Ave,Taxi,Pedestrian,Unknown,Clear,Unknown,Drunk Driving,65,Female,3,35000,14.650355,121.067973,2025-11-01 10:48:00,10 AM,Saturday,November,True,Senior
MMTI-2025-0035,Caloocan,Roxas Blvd,Truck,Collision,Fatal,Rain,Slippery,Traffic Violation,38,Male,1,21000,14.546252,121.03879,2025-05-22 16:31:00,4 PM,Thursday,May,False,26-40
MMTI-2025-0036,Malabon,Taft Ave,Bus,Pedestrian,Unknown,Cloudy,Dry,Mechanical Failure,44,Female,4,91000,14.503906,121.076131,2025-12-28 06:04:00,6 AM,Sunday,December,True,41-60
MMTI-2025-0037,Manila,Ortigas Ave,Bus,Hit and Run,Unknown,Clear,Unknown,Mechanical Failure,49,Female,2,57500,14.597128,120.977771,2025-10-22 12:30:00,12 PM,Wednesday,October,False,41-60
MMTI-2025-0038,Navotas,Commonwealth Ave,Taxi,Hit and Run,Major,Clear,Unknown,Overspeeding,43,Male,0,84000,14.585723,121.07337,2025-12-09 21:51:00,9 PM,Tuesday,December,False,41-60
MMTI-2025-0039,Navotas,Ortigas Ave,Car,Hit and Run,Fatal,Storm,Unknown,Reckless Driving,66,Female,2,12000,14.594061,121.049805,2025-04-04 01:16:00,1 AM,Friday,April,False,Senior
MMTI-2025-0040,Makati,EDSA,Taxi,Collision,Major,Rain,Dry,Drunk Driving,33,Female,3,87500,14.522878,121.089551,2025-01-27 11:14:00,11 AM,Monday,January,False,26-40
MMTI-2025-0041,Las Piñas,Commonwealth Ave,Jeepney,Pedestrian,Minor,Rain,Slippery,Distracted Driving,55,Male,2,75500,14.635469,121.091635,2025-08-27 22:16:00,10 PM,Wednesday,August,False,41-60
MMTI-2025-0042,Makati,Katipunan Ave,UV Express,Rear-end,Minor,Rain,Slippery,Distracted Driving,68,Male,2,70000,14.585676,120.974114,2025-07-23 22:12:00,10 PM,Wednesday,July,False,Senior
MMTI-2025-0043,Manila,Taft Ave,Taxi,Hit and Run,Minor,Cloudy,Slippery,Unknown,63,Female,3,24500,14.646759,121.093095,2025-09-17 20:21:00,8 PM,Wednesday,September,False,Senior
MMTI-2025-0044,Quezon City,Aurora Blvd,Truck,Hit and Run,Unknown,Storm,Slippery,Mechanical Failure,23,Male,3,33000,14.650095,121.01397,2025-05-19 19:51:00,7 PM,Monday,May,False,18-25
MMTI-2025-0045,Manila,Aurora Blvd,Taxi,Side-swipe,Major,Cloudy,Wet,Traffic Violation,69,Male,2,37500,14.676064,121.040237,2025-12-09 12:21:00,12 PM,Tuesday,December,False,Senior
MMTI-2025-0046,Manila,Quezon Ave,Motorcycle,Rear-end,Unknown,Cloudy,Unknown,Mechanical Failure,62,Female,0,93000,14.598164,121.058587,2025-05-22 17:00:00,5 PM,Thursday,May,False,Senior
MMTI-2025-0047,Navotas,Quezon Ave,Bus,Pedestrian,Fatal,Cloudy,Unknown,Traffic Violation,45,Male,2,91500,14.590749,120.961325,2025-02-17 09:14:00,9 AM,Monday,February,False,41-60
MMTI-2025-0048,Parañaque,Ortigas Ave,Motorcycle,Pedestrian,Major,Rain,Wet,Unknown,35,Male,0,26500,14.559249,120.972176,2025-04-29 03:46:00,3 AM,Tuesday,April,False,26-40
MMTI-2025-0049,Quezon City,Commonwealth Ave,Bus,Collision,Minor,Clear,Slippery,Drunk Driving,58,Female,0,3500,14.614813,120.993879,2025-06-04 00:45:00,12 AM,Wednesday,June,False,41-60
MMTI-2025-0050,Quezon City,Roxas Blvd,Taxi,Hit and Run,Minor,Clear,Unknown,Unknown,22,Male,1,21000,14.662228,121.089825,2025-08-14 10:11:00,10 AM,Thursday,August,False,18-25
MMTI-2025-0051,Quezon City,Taft Ave,Jeepney,Pedestrian,Unknown,Rain,Unknown,Unknown,46,Female,2,77000,14.698006,120.961076,2025-02-13 07:07:00,7 AM,Thursday,February,False,41-60
MMTI-2025-0052,Taguig,Quezon Ave,UV Express,Rear-end,Fatal,Rain,Dry,Drunk Driving,33,Female,4,11500,14.531307,120.981704,2025-11-14 01:39:00,1 AM,Friday,November,False,26-40
MMTI-2025-0053,San Juan,EDSA,Car,Side-swipe,Fatal,Rain,Unknown,Distracted Driving,61,Female,2,82000,14.617958,121.060781,2025-12-19 19:30:00,7 PM,Friday,December,False,Senior
MMTI-2025-0054,Quezon City,Quezon Ave,UV Express,Rear-end,Fatal,Rain,Dry,Overspeeding,28,Male,4,97500,14.664848,121.084239,2025-04-12 13:07:00,1 PM,Saturday,April,True,26-40
MMTI-2025-0055,San Juan,Taft Ave,Bus,Pedestrian,Unknown,Cloudy,Unknown,Distracted Driving,56,Male,3,96000,14.564464,120.950074,2025-08-13 03:29:00,3 AM,Wednesday,August,False,41-60
MMTI-2025-0056,Makati,Katipunan Ave,Motorcycle,Side-swipe,Unknown,Clear,Wet,Unknown,51,Female,2,25000,14.699389,120.987177,2025-02-16 07:43:00,7 AM,Sunday,February,True,41-60
MMTI-2025-0057,Las Piñas,Taft Ave,Bus,Side-swipe,Minor,Rain,Slippery,Unknown,62,Female,2,86500,14.689039,121.062713,2025-09-09 02:30:00,2 AM,Tuesday,September,False,Senior
MMTI-2025-0058,Makati,Ortigas Ave,Bus,Side-swipe,Minor,Cloudy,Unknown,Overspeeding,60,Female,3,8500,14.537517,120.972356,2025-10-09 01:29:00,1 AM,Thursday,October,False,41-60
MMTI-2025-0059,Quezon City,Quezon Ave,Bus,Pedestrian,Major,Storm,Unknown,Unknown,25,Male,0,79500,14.659863,121.041957,2025-09-13 20:28:00,8 PM,Saturday,September,True,18-25
MMTI-2025-0060,Quezon City,Taft Ave,Motorcycle,Rear-end,Minor,Cloudy,Dry,Drunk Driving,49,Male,4,92000,14.554685,121.066945,2025-06-09 17:00:00,5 PM,Monday,June,False,41-60
MMTI-2025-0061,Quezon City,Commonwealth Ave,Truck,Rear-end,Unknown,Clear,Wet,Distracted Driving,35,Female,2,66500,14.553435,120.900513,2025-08-30 07:29:00,7 AM,Saturday,August,True,26-40
MMTI-2025-0062,Pateros,Commonwealth Ave,Truck,Pedestrian,Unknown,Storm,Slippery,Unknown,47,Male,1,91000,14.547761,120.976594,2025-06-02 18:37:00,6 PM,Monday,June,False,41-60
MMTI-2025-0063,Pateros,Taft Ave,Truck,Rear-end,Unknown,Clear,Wet,Traffic Violation,24,Female,0,69000,14.682088,120.90307,2025-07-30 01:20:00,1 AM,Wednesday,July,False,18-25
MMTI-2025-0064,Pasig,C5,Truck,Side-swipe,Fatal,Clear,Unknown,Distracted Driving,39,Female,2,82000,14.643743,121.05188,2025-03-15 13:55:00,1 PM,Saturday,March,True,26-40
MMTI-2025-0065,Makati,Quezon Ave,UV Express,Side-swipe,Major,Rain,Dry,Unknown,24,Male,3,23000,14.6388,121.080685,2025-10-05 01:39:00,1 AM,Sunday,October,True,18-25
MMTI-2025-0066,Quezon City,Roxas Blvd,Bus,Side-swipe,Unknown,Rain,Wet,Unknown,54,Female,1,24000,14.515794,121.074168,2025-01-24 10:50:00,10 AM,Friday,January,False,41-60
MMTI-2025-0067,Pateros,Katipunan Ave,Car,Rear-end,Unknown,Rain,Slippery,Unknown,34,Male,3,38500,14.635522,120.931595,2025-11-14 21:15:00,9 PM,Friday,November,False,26-40
MMTI-2025-0068,San Juan,Taft Ave,UV Express,Side-swipe,Unknown,Storm,Wet,Unknown,48,Male,1,50500,14.614385,121.014962,2025-08-15 11:37:00,11 AM,Friday,August,False,41-60
MMTI-2025-0069,Navotas,Roxas Blvd,Motorcycle,Pedestrian,Minor,Clear,Unknown,Reckless Driving,67,Female,4,47000,14.543801,120.938026,2025-12-25 09:01:00,9 AM,Thursday,December,False,Senior
MMTI-2025-0070,Pasig,C5,UV Express,Collision,Fatal,Cloudy,Dry,Traffic Violation,64,Female,0,39500,14.565344,120.983101,2025-05-09 21:48:00,9 PM,Friday,May,False,Senior
MMTI-2025-0071,Quezon City,Ortigas Ave,Jeepney,Pedestrian,Fatal,Rain,Slippery,Unknown,69,Male,0,45000,14.660847,120.993666,2025-04-13 04:50:00,4 AM,Sunday,April,True,Senior
MMTI-2025-0072,Caloocan,Taft Ave,Taxi,Pedestrian,Fatal,Clear,Unknown,Overspeeding,34,Male,3,49000,14.634566,121.034468,2025-02-08 04:48:00,4 AM,Saturday,February,True,26-40
MMTI-2025-0073,Las Piñas,C5,UV Express,Rear-end,Unknown,Clear,Unknown,Traffic Violation,57,Female,0,10000,14.627081,120.992854,2025-10-27 12:52:00,12 PM,Monday,October,False,41-60
MMTI-2025-0074,Malabon,C5,Car,Collision,Minor,Storm,Unknown,Distracted Driving,24,Female,4,19000,14.577729,120.974202,2025-12-25 09:41:00,9 AM,Thursday,December,False,18-25
MMTI-2025-0075,Makati,Commonwealth Ave,Truck,Collision,Unknown,Clear,Unknown,Reckless Driving,20,Male,1,58500,14.588939,120.947223,2025-12-23 17:26:00,5 PM,Tuesday,December,False,18-25
MMTI-2025-0076,Las Piñas,España Blvd,UV Express,Side-swipe,Minor,Cloudy,Slippery,Mechanical Failure,25,Female,0,86500,14.542421,121.027899,2025-07-05 03:43:00,3 AM,Saturday,July,True,18-25
MMTI-2025-0077,Marikina,Quezon Ave,Car,Pedestrian,Major,Clear,Unknown,Mechanical Failure,55,Female,1,44000,14.654874,121.057729,2025-01-11 01:50:00,1 AM,Saturday,January,True,41-60
MMTI-2025-0078,Pasig,Commonwealth Ave,Jeepney,Side-swipe,Major,Clear,Dry,Drunk Driving,18,Male,1,77000,14.564754,120.934849,2025-11-02 00:17:00,12 AM,Sunday,November,True,18-25
MMTI-2025-0079,Malabon,España Blvd,Motorcycle,Collision,Unknown,Cloudy,Slippery,Distracted Driving,46,Female,4,7500,14.645449,121.08175,2025-01-27 04:47:00,4 AM,Monday,January,False,41-60
MMTI-2025-0080,Valenzuela,EDSA,Motorcycle,Hit and Run,Unknown,Cloudy,Dry,Unknown,63,Female,0,12000,14.564422,120.929667,2025-12-04 16:19:00,4 PM,Thursday,December,False,Senior
MMTI-2025-0081,Makati,España Blvd,UV Express,Side-swipe,Unknown,Clear,Unknown,Reckless Driving,47,Female,0,91500,14.522883,121.030943,2025-03-06 08:39:00,8 AM,Thursday,March,False,41-60
MMTI-2025-0082,Parañaque,Taft Ave,Truck,Rear-end,Unknown,Storm,Unknown,Unknown,44,Male,2,56500,14.562505,120.950978,2025-10-10 23:55:00,11 PM,Friday,October,False,41-60
MMTI-2025-0083,Pateros,C5,Motorcycle,Collision,Minor,Cloudy,Dry,Traffic Violation,69,Female,4,9500,14.617293,121.012317,2025-03-20 21:59:00,9 PM,Thursday,March,False,Senior
MMTI-2025-0084,Malabon,Ortigas Ave,Taxi,Hit and Run,Minor,Storm,Unknown,Reckless Driving,40,Male,4,66500,14.542548,121.031347,2025-06-18 21:07:00,9 PM,Wednesday,June,False,26-40
MMTI-2025-0085,Quezon City,Ortigas Ave,Motorcycle,Side-swipe,Unknown,Rain,Unknown,Overspeeding,56,Male,0,25000,14.554654,121.052482,2025-04-25 03:22:00,3 AM,Friday,April,False,41-60
MMTI-2025-0086,Pasay,Commonwealth Ave,Jeepney,Hit and Run,Minor,Rain,Dry,Distracted Driving,65,Female,3,55500,14.590729,120.931482,2025-06-23 11:00:00,11 AM,Monday,June,False,Senior
MMTI-2025-0087,Makati,Katipunan Ave,Motorcycle,Collision,Major,Rain,Unknown,Overspeeding,61,Male,2,58500,14.632388,120.997132,2025-06-09 23:20:00,11 PM,Monday,June,False,Senior
MMTI-2025-0088,Parañaque,España Blvd,Motorcycle,Side-swipe,Unknown,Clear,Slippery,Unknown,51,Male,0,30000,14.579053,121.019865,2025-08-15 13:17:00,1 PM,Friday,August,False,41-60
MMTI-2025-0089,Parañaque,Commonwealth Ave,Taxi,Side-swipe,Fatal,Storm,Dry,Overspeeding,49,Female,1,18500,14.576041,121.040734,2025-01-04 06:19:00,6 AM,Saturday,January,True,41-60
MMTI-2025-0090,Las Piñas,C5,Truck,Collision,Unknown,Clear,Unknown,Distracted Driving,38,Female,4,53500,14.6419,120.983539,2025-09-14 17:53:00,5 PM,Sunday,September,True,26-40
MMTI-2025-0091,Marikina,Commonwealth Ave,Taxi,Pedestrian,Unknown,Rain,Slippery,Distracted Driving,45,Male,1,57500,14.617774,121.004793,2025-02-28 12:01:00,12 PM,Friday,February,False,41-60
MMTI-2025-0092,Marikina,Quezon Ave,Bus,Rear-end,Minor,Clear,Dry,Mechanical Failure,67,Male,2,95000,14.691645,121.029089,2025-07-22 09:47:00,9 AM,Tuesday,July,False,Senior
MMTI-2025-0093,Pasig,Roxas Blvd,Car,Rear-end,Unknown,Rain,Dry,Drunk Driving,67,Female,3,98500,14.612747,121.015894,2025-03-17 07:06:00,7 AM,Monday,March,False,Senior
MMTI-2025-0094,Pasig,Ortigas Ave,Taxi,Side-swipe,Major,Cloudy,Dry,Unknown,46,Male,2,77500,14.511234,121.001467,2025-12-15 18:41:00,6 PM,Monday,December,False,41-60
MMTI-2025-0095,Quezon City,EDSA,Bus,Side-swipe,Minor,Rain,Dry,Unknown,47,Male,3,75000,14.630367,120.964305,2025-06-08 14:28:00,2 PM,Sunday,June,True,41-60
MMTI-2025-0096,Quezon City,Aurora Blvd,Motorcycle,Side-swipe,Minor,Clear,Wet,Overspeeding,33,Female,3,69000,14.60455,120.931749,2025-09-01 16:09:00,4 PM,Monday,September,False,26-40
MMTI-2025-0097,Malabon,Ortigas Ave,UV Express,Pedestrian,Minor,Rain,Slippery,Distracted Driving,39,Male,4,88500,14.577313,120.950399,2025-07-10 09:24:00,9 AM,Thursday,July,False,26-40
MMTI-2025-0098,Pasig,Ortigas Ave,Motorcycle,Pedestrian,Major,Storm,Slippery,Unknown,26,Male,2,73500,14.575336,121.058332,2025-12-03 19:55:00,7 PM,Wednesday,December,False,26-40
MMTI-2025-0099,Manila,C5,UV Express,Hit and Run,Unknown,Storm,Dry,Traffic Violation,37,Female,1,45500,14.689534,120.997254,2025-03-07 21:44:00,9 PM,Friday,March,False,26-40
MMTI-2025-0100,Makati,Roxas Blvd,Taxi,Collision,Unknown,Clear,Unknown,Overspeeding,60,Male,4,18500,14.619449,120.930851,2025-04-26 04:09:00,4 AM,Saturday,April,True,41-60
MMTI-2025-0101,Pasig,Commonwealth Ave,UV Express,Hit and Run,Minor,Cloudy,Slippery,Mechanical Failure,46,Male,0,59000,14.546801,120.947834,2025-04-03 22:49:00,10 PM,Thursday,April,False,41-60
MMTI-2025-0102,Makati,Aurora Blvd,Truck,Side-swipe,Unknown,Clear,Unknown,Unknown,28,Female,4,19500,14.6746,120.910436,2025-08-29 06:23:00,6 AM,Friday,August,False,26-40
MMTI-2025-0103,Taguig,España Blvd,Taxi,Collision,Fatal,Clear,Wet,Reckless Driving,46,Female,3,13500,14.689283,120.944408,2025-09-04 11:35:00,11 AM,Thursday,September,False,41-60
MMTI-2025-0104,Manila,Taft Ave,Motorcycle,Hit and Run,Unknown,Storm,Wet,Unknown,23,Male,1,5500,14.563737,120.919817,2025-08-19 11:59:00,11 AM,Tuesday,August,False,18-25
MMTI-2025-0105,Pasig,Commonwealth Ave,Motorcycle,Side-swipe,Unknown,Rain,Wet,Unknown,46,Male,0,4000,14.551185,121.066993,2025-11-29 10:50:00,10 AM,Saturday,November,True,41-60
MMTI-2025-0106,Manila,Taft Ave,Motorcycle,Side-swipe,Major,Storm,Dry,Overspeeding,33,Female,0,81500,14.591423,120.922172,2025-10-08 23:38:00,11 PM,Wednesday,October,False,26-40
MMTI-2025-0107,Manila,España Blvd,Jeepney,Rear-end,Major,Storm,Unknown,Overspeeding,57,Male,1,75000,14.583314,121.032874,2025-09-13 19:34:00,7 PM,Saturday,September,True,41-60
MMTI-2025-0108,Makati,España Blvd,Jeepney,Pedestrian,Unknown,Clear,Dry,Unknown,48,Male,0,51500,14.696208,120.95073,2025-02-13 16:23:00,4 PM,Thursday,February,False,41-60
MMTI-2025-0109,Makati,Ortigas Ave,Car,Collision,Unknown,Rain,Slippery,Drunk Driving,20,Male,4,45000,14.662702,120.935018,2025-01-09 11:50:00,11 AM,Thursday,January,False,18-25
MMTI-2025-0110,Pateros,Commonwealth Ave,Taxi,Rear-end,Minor,Rain,Unknown,Overspeeding,36,Female,0,27500,14.677158,120.963119,2025-12-17 14:44:00,2 PM,Wednesday,December,False,26-40
MMTI-2025-0111,Quezon City,Aurora Blvd,Bus,Collision,Major,Storm,Slippery,Overspeeding,59,Male,2,17500,14.659868,120.98739,2025-06-08 16:25:00,4 PM,Sunday,June,True,41-60
MMTI-2025-0112,Navotas,Ortigas Ave,Car,Hit and Run,Unknown,Storm,Unknown,Reckless Driving,69,Male,0,56000,14.515785,121.020491,2025-07-24 23:28:00,11 PM,Thursday,July,False,Senior
MMTI-2025-0113,Marikina,C5,Motorcycle,Side-swipe,Fatal,Storm,Unknown,Unknown,28,Female,2,59000,14.508471,121.074007,2025-04-03 17:18:00,5 PM,Thursday,April,False,26-40
MMTI-2025-0114,Mandaluyong,EDSA,Motorcycle,Hit and Run,Fatal,Clear,Wet,Overspeeding,27,Female,0,18000,14.513447,121.055703,2025-06-30 19:27:00,7 PM,Monday,June,False,26-40
MMTI-2025-0115,Makati,EDSA,Jeepney,Rear-end,Unknown,Storm,Slippery,Unknown,66,Male,4,19500,14.605892,120.979607,2025-07-07 11:24:00,11 AM,Monday,July,False,Senior
MMTI-2025-0116,Taguig,EDSA,UV Express,Rear-end,Unknown,Clear,Unknown,Distracted Driving,34,Male,0,59000,14.542914,121.022375,2025-11-29 08:15:00,8 AM,Saturday,November,True,26-40
MMTI-2025-0117,Taguig,Commonwealth Ave,Taxi,Collision,Unknown,Rain,Unknown,Distracted Driving,69,Male,0,46000,14.641908,121.009999,2025-12-22 15:12:00,3 PM,Monday,December,False,Senior
MMTI-2025-0118,Pasay,Commonwealth Ave,Taxi,Side-swipe,Unknown,Rain,Dry,Mechanical Failure,68,Female,1,65000,14.505257,121.010804,2025-05-29 09:54:00,9 AM,Thursday,May,False,Senior
MMTI-2025-0119,Quezon City,Commonwealth Ave,Jeepney,Collision,Minor,Storm,Unknown,Unknown,51,Female,3,75500,14.51475,121.094476,2025-07-08 14:51:00,2 PM,Tuesday,July,False,41-60
MMTI-2025-0120,Valenzuela,España Blvd,Bus,Rear-end,Unknown,Rain,Unknown,Drunk Driving,67,Female,3,66000,14.682142,120.911083,2025-11-25 02:28:00,2 AM,Tuesday,November,False,Senior
MMTI-2025-0121,San Juan,Commonwealth Ave,Car,Side-swipe,Major,Storm,Unknown,Reckless Driving,23,Male,1,83000,14.69127,120.95489,2025-03-05 16:09:00,4 PM,Wednesday,March,False,18-25
MMTI-2025-0122,Quezon City,C5,Jeepney,Rear-end,Unknown,Clear,Wet,Drunk Driving,60,Male,4,7000,14.665047,120.905675,2025-11-17 09:39:00,9 AM,Monday,November,False,41-60
MMTI-2025-0123,Makati,Roxas Blvd,UV Express,Rear-end,Unknown,Cloudy,Unknown,Overspeeding,49,Male,0,40500,14.596589,121.060938,2025-01-24 20:49:00,8 PM,Friday,January,False,41-60
MMTI-2025-0124,Valenzuela,C5,UV Express,Collision,Major,Cloudy,Unknown,Unknown,47,Female,2,79500,14.528734,121.072297,2025-12-17 12:19:00,12 PM,Wednesday,December,False,41-60
MMTI-2025-0125,Las Piñas,Taft Ave,Car,Side-swipe,Unknown,Clear,Dry,Traffic Violation,33,Female,0,36000,14.589919,120.928176,2025-06-13 23:55:00,11 PM,Friday,June,False,26-40
MMTI-2025-0126,Pasig,Taft Ave,Car,Rear-end,Fatal,Clear,Slippery,Mechanical Failure,66,Female,3,67500,14.593363,121.075815,2025-01-26 09:24:00,9 AM,Sunday,January,True,Senior
MMTI-2025-0127,Navotas,España Blvd,Truck,Rear-end,Major,Clear,Slippery,Overspeeding,21,Male,3,78000,14.676468,121.030852,2025-09-12 00:05:00,12 AM,Friday,September,False,18-25
MMTI-2025-0128,Manila,C5,Truck,Rear-end,Fatal,Rain,Slippery,Unknown,41,Male,3,8500,14.614056,120.938931,2025-08-29 09:34:00,9 AM,Friday,August,False,41-60
MMTI-2025-0129,Navotas,España Blvd,Truck,Pedestrian,Fatal,Clear,Unknown,Distracted Driving,26,Male,3,49500,14.658979,120.967817,2025-10-11 09:04:00,9 AM,Saturday,October,True,26-40
MMTI-2025-0130,Pasig,España Blvd,Truck,Pedestrian,Minor,Clear,Dry,Drunk Driving,63,Male,3,68000,14.591398,121.021252,2025-07-07 04:12:00,4 AM,Monday,July,False,Senior
MMTI-2025-0131,Pasig,Ortigas Ave,Car,Hit and Run,Unknown,Rain,Slippery,Traffic Violation,50,Female,0,74000,14.559958,121.06315,2025-09-21 04:20:00,4 AM,Sunday,September,True,41-60
MMTI-2025-0132,Taguig,Taft Ave,Jeepney,Side-swipe,Minor,Clear,Unknown,Reckless Driving,59,Female,0,8500,14.616705,120.934102,2025-07-08 10:43:00,10 AM,Tuesday,July,False,41-60
MMTI-2025-0133,Navotas,Commonwealth Ave,Taxi,Rear-end,Minor,Clear,Dry,Mechanical Failure,19,Female,2,55500,14.530286,121.0381,2025-11-19 23:39:00,11 PM,Wednesday,November,False,18-25
MMTI-2025-0134,Pasig,Aurora Blvd,Taxi,Collision,Major,Clear,Wet,Traffic Violation,60,Female,4,50000,14.562751,120.934636,2025-07-30 16:49:00,4 PM,Wednesday,July,False,41-60
MMTI-2025-0135,Las Piñas,Roxas Blvd,Jeepney,Hit and Run,Major,Rain,Slippery,Reckless Driving,32,Male,2,92000,14.541456,121.040998,2025-09-30 10:34:00,10 AM,Tuesday,September,False,26-40
MMTI-2025-0136,Quezon City,Roxas Blvd,Bus,Collision,Unknown,Rain,Unknown,Unknown,43,Male,1,39000,14.508413,121.091063,2025-06-12 15:22:00,3 PM,Thursday,June,False,41-60
MMTI-2025-0137,Valenzuela,Roxas Blvd,UV Express,Hit and Run,Major,Rain,Unknown,Reckless Driving,53,Male,1,15500,14.623135,121.017366,2025-02-10 11:59:00,11 AM,Monday,February,False,41-60
MMTI-2025-0138,Manila,Quezon Ave,UV Express,Rear-end,Minor,Clear,Unknown,Traffic Violation,63,Female,0,89000,14.654153,120.901036,2025-05-05 01:42:00,1 AM,Monday,May,False,Senior
MMTI-2025-0139,Pateros,Aurora Blvd,UV Express,Rear-end,Fatal,Storm,Slippery,Overspeeding,67,Male,0,75000,14.546444,121.047737,2025-10-09 05:26:00,5 AM,Thursday,October,False,Senior
MMTI-2025-0140,Pasay,EDSA,Taxi,Hit and Run,Unknown,Rain,Slippery,Overspeeding,18,Male,4,79000,14.52146,121.096599,2025-01-20 05:26:00,5 AM,Monday,January,False,18-25
MMTI-2025-0141,Quezon City,España Blvd,Truck,Rear-end,Unknown,Cloudy,Slippery,Mechanical Failure,69,Male,2,22500,14.646224,121.029657,2025-05-26 14:41:00,2 PM,Monday,May,False,Senior
MMTI-2025-0142,Marikina,Roxas Blvd,Jeepney,Rear-end,Major,Clear,Unknown,Unknown,50,Male,0,53000,14.633851,120.936956,2025-04-06 00:47:00,12 AM,Sunday,April,True,41-60
MMTI-2025-0143,Caloocan,EDSA,Bus,Hit and Run,Major,Cloudy,Slippery,Traffic Violation,37,Male,2,85500,14.57191,120.947261,2025-03-13 15:20:00,3 PM,Thursday,March,False,26-40
MMTI-2025-0144,San Juan,Commonwealth Ave,Truck,Pedestrian,Fatal,Rain,Dry,Reckless Driving,41,Female,1,19000,14.595636,120.990996,2025-12-08 03:29:00,3 AM,Monday,December,False,41-60
MMTI-2025-0145,Quezon City,Aurora Blvd,Taxi,Pedestrian,Major,Rain,Unknown,Distracted Driving,51,Female,4,92000,14.572357,121.083449,2025-11-07 11:26:00,11 AM,Friday,November,False,41-60
MMTI-2025-0146,Quezon City,España Blvd,Car,Pedestrian,Unknown,Rain,Wet,Traffic Violation,51,Female,0,89000,14.54108,121.01663,2025-02-27 01:53:00,1 AM,Thursday,February,False,41-60
MMTI-2025-0147,Quezon City,Aurora Blvd,Car,Pedestrian,Unknown,Cloudy,Unknown,Overspeeding,53,Female,0,41000,14.644656,120.97919,2025-02-16 16:28:00,4 PM,Sunday,February,True,41-60
MMTI-2025-0148,Makati,C5,Motorcycle,Hit and Run,Fatal,Rain,Dry,Overspeeding,22,Female,0,38500,14.581773,121.053794,2025-01-02 23:13:00,11 PM,Thursday,January,False,18-25
MMTI-2025-0149,Malabon,Ortigas Ave,Truck,Hit and Run,Unknown,Cloudy,Dry,Drunk Driving,59,Male,0,24500,14.698569,120.978612,2025-11-25 23:41:00,11 PM,Tuesday,November,False,41-60
MMTI-2025-0150,Manila,EDSA,Bus,Hit and Run,Unknown,Cloudy,Unknown,Unknown,,Female,1,60500,14.569232,120.95513,2025-03-07 23:14:00,11 PM,Friday,March,False,Unknown
MMTI-2025-0151,Malabon,Katipunan Ave,Taxi,Collision,Major,Rain,Dry,Distracted Driving,56,Male,3,78500,14.634405,121.074442,2025-02-27 01:51:00,1 AM,Thursday,February,False,41-60
MMTI-2025-0152,Navotas,Aurora Blvd,Car,Pedestrian,Major,Clear,Wet,Reckless Driving,32,Male,4,78500,14.654508,121.063676,2025-05-06 23:02:00,11 PM,Tuesday,May,False,26-40
MMTI-2025-0153,Pasig,España Blvd,Car,Hit and Run,Fatal,Storm,Dry,Drunk Driving,58,Female,4,65000,14.509377,120.968883,2025-05-02 09:56:00,9 AM,Friday,May,False,41-60
MMTI-2025-0154,Manila,Ortigas Ave,UV Express,Hit and Run,Unknown,Rain,Slippery,Unknown,29,Female,1,30500,14.560147,121.041515,2025-11-26 21:24:00,9 PM,Wednesday,November,False,26-40
MMTI-2025-0155,Malabon,Taft Ave,Jeepney,Pedestrian,Major,Cloudy,Wet,Reckless Driving,31,Male,0,12000,14.684445,121.069427,2025-08-26 01:35:00,1 AM,Tuesday,August,False,26-40
MMTI-2025-0156,Parañaque,EDSA,Bus,Hit and Run,Unknown,Clear,Dry,Distracted Driving,30,Female,3,28500,14.673895,120.966593,2025-02-17 17:46:00,5 PM,Monday,February,False,26-40
MMTI-2025-0157,Parañaque,C5,UV Express,Hit and Run,Major,Rain,Unknown,Mechanical Failure,43,Female,4,43000,14.655103,120.976132,2025-01-08 06:59:00,6 AM,Wednesday,January,False,41-60
MMTI-2025-0158,San Juan,Roxas Blvd,Bus,Pedestrian,Unknown,Cloudy,Dry,Unknown,66,Male,1,49000,14.562584,120.909143,2025-10-01 20:22:00,8 PM,Wednesday,October,False,Senior
MMTI-2025-0159,Manila,Roxas Blvd,Jeepney,Pedestrian,Unknown,Rain,Unknown,Reckless Driving,27,Female,2,31000,14.575968,121.066673,2025-04-24 23:09:00,11 PM,Thursday,April,False,26-40
MMTI-2025-0160,Marikina,Roxas Blvd,Taxi,Hit and Run,Unknown,Cloudy,Wet,Traffic Violation,28,Female,0,71500,14.597663,121.08338,2025-09-13 17:41:00,5 PM,Saturday,September,True,26-40
MMTI-2025-0161,Manila,EDSA,Taxi,Collision,Minor,Clear,Unknown,Drunk Driving,58,Female,0,92500,14.530206,120.943744,2025-10-05 20:03:00,8 PM,Sunday,October,True,41-60
MMTI-2025-0162,Pasig,Katipunan Ave,Truck,Hit and Run,Minor,Clear,Unknown,Unknown,18,Male,4,94000,14.554948,121.095496,2025-08-22 11:03:00,11 AM,Friday,August,False,18-25
MMTI-2025-0163,Malabon,Commonwealth Ave,Motorcycle,Collision,Unknown,Rain,Wet,Mechanical Failure,57,Male,2,36000,14.658987,120.915804,2025-01-09 16:52:00,4 PM,Thursday,January,False,41-60
MMTI-2025-0164,Caloocan,Quezon Ave,Bus,Collision,Minor,Clear,Unknown,Unknown,42,Female,0,83500,14.50189,120.934277,2025-07-27 14:36:00,2 PM,Sunday,July,True,41-60
MMTI-2025-0165,Marikina,Katipunan Ave,Taxi,Collision,Unknown,Clear,Wet,Mechanical Failure,62,Female,2,7500,14.684832,121.036886,2025-09-13 13:41:00,1 PM,Saturday,September,True,Senior
MMTI-2025-0166,Quezon City,Commonwealth Ave,Taxi,Side-swipe,Minor,Rain,Unknown,Drunk Driving,66,Female,0,40000,14.53249,120.948094,2025-05-24 17:36:00,5 PM,Saturday,May,True,Senior
MMTI-2025-0167,Quezon City,Ortigas Ave,Truck,Rear-end,Minor,Clear,Slippery,Overspeeding,24,Female,1,11500,14.568119,121.053801,2025-07-19 21:57:00,9 PM,Saturday,July,True,18-25
MMTI-2025-0168,Marikina,EDSA,UV Express,Side-swipe,Unknown,Cloudy,Wet,Traffic Violation,53,Female,3,25500,14.635939,121.032134,2025-11-01 12:49:00,12 PM,Saturday,November,True,41-60
MMTI-2025-0169,Caloocan,C5,Motorcycle,Side-swipe,Major,Cloudy,Wet,Unknown,38,Male,0,13500,14.501039,120.961653,2025-02-13 19:18:00,7 PM,Thursday,February,False,26-40
MMTI-2025-0170,Pasig,C5,Car,Hit and Run,Unknown,Clear,Unknown,Unknown,24,Male,0,47000,14.610844,121.019385,2025-07-04 08:06:00,8 AM,Friday,July,False,18-25
MMTI-2025-0171,San Juan,Taft Ave,Truck,Collision,Unknown,Rain,Unknown,Drunk Driving,61,Female,1,19500,14.553784,120.953681,2025-06-16 12:00:00,12 PM,Monday,June,False,Senior
MMTI-2025-0172,Malabon,Roxas Blvd,Truck,Side-swipe,Unknown,Clear,Slippery,Reckless Driving,33,Female,4,80500,14.53911,120.921394,2025-03-16 02:10:00,2 AM,Sunday,March,True,26-40
MMTI-2025-0173,Marikina,Katipunan Ave,Truck,Side-swipe,Unknown,Storm,Unknown,Drunk Driving,37,Male,4,90500,14.54017,120.962837,2025-06-05 00:25:00,12 AM,Thursday,June,False,26-40
MMTI-2025-0174,Pateros,Katipunan Ave,Taxi,Rear-end,Fatal,Cloudy,Slippery,Unknown,41,Male,4,27500,14.618445,121.009126,2025-07-23 10:18:00,10 AM,Wednesday,July,False,41-60
MMTI-2025-0175,Valenzuela,Quezon Ave,Truck,Side-swipe,Minor,Cloudy,Unknown,Drunk Driving,58,Male,1,34000,14.631733,121.043047,2025-12-16 17:01:00,5 PM,Tuesday,December,False,41-60
MMTI-2025-0176,Pasig,Aurora Blvd,Jeepney,Hit and Run,Unknown,Clear,Unknown,Overspeeding,68,Male,0,70500,14.618764,121.08288,2025-07-13 02:28:00,2 AM,Sunday,July,True,Senior
MMTI-2025-0177,Las Piñas,Commonwealth Ave,UV Express,Pedestrian,Minor,Clear,Unknown,Traffic Violation,68,Female,0,3000,14.519721,120.9444,2025-02-25 07:42:00,7 AM,Tuesday,February,False,Senior
MMTI-2025-0178,Makati,Quezon Ave,Truck,Side-swipe,Unknown,Cloudy,Unknown,Drunk Driving,40,Male,3,15000,14.559086,121.08411,2025-09-23 17:37:00,5 PM,Tuesday,September,False,26-40
MMTI-2025-0179,Pasig,Ortigas Ave,Bus,Side-swipe,Unknown,Rain,Unknown,Unknown,40,Female,0,58000,14.644399,120.990489,2025-02-13 03:53:00,3 AM,Thursday,February,False,26-40
MMTI-2025-0180,Taguig,EDSA,Taxi,Side-swipe,Minor,Rain,Wet,Mechanical Failure,51,Female,4,22000,14.566198,120.985274,2025-02-04 09:02:00,9 AM,Tuesday,February,False,41-60
MMTI-2025-0181,Navotas,Commonwealth Ave,Car,Hit and Run,Unknown,Clear,Unknown,Mechanical Failure,46,Female,3,2500,14.640947,120.941157,2025-08-25 07:51:00,7 AM,Monday,August,False,41-60
MMTI-2025-0182,Taguig,España Blvd,Car,Side-swipe,Fatal,Rain,Unknown,Distracted Driving,34,Female,4,83500,14.562681,120.977728,2025-12-27 02:36:00,2 AM,Saturday,December,True,26-40
MMTI-2025-0183,Las Piñas,Ortigas Ave,Taxi,Hit and Run,Unknown,Rain,Slippery,Distracted Driving,61,Female,2,17000,14.547715,120.92339,2025-07-20 18:07:00,6 PM,Sunday,July,True,Senior
MMTI-2025-0184,Manila,Taft Ave,Truck,Pedestrian,Major,Clear,Unknown,Unknown,29,Female,0,70500,14.638687,121.029052,2025-07-11 22:09:00,10 PM,Friday,July,False,26-40
MMTI-2025-0185,Pateros,Roxas Blvd,Car,Rear-end,Fatal,Cloudy,Unknown,Overspeeding,40,Male,3,19000,14.539026,120.976789,2025-03-30 17:10:00,5 PM,Sunday,March,True,26-40
MMTI-2025-0186,Pateros,Taft Ave,UV Express,Hit and Run,Unknown,Rain,Unknown,Unknown,28,Male,4,5500,14.659176,120.944106,2025-10-15 16:41:00,4 PM,Wednesday,October,False,26-40
MMTI-2025-0187,Quezon City,Roxas Blvd,Car,Hit and Run,Unknown,Rain,Unknown,Distracted Driving,54,Male,2,71500,14.664657,120.973372,2025-01-17 08:14:00,8 AM,Friday,January,False,41-60
MMTI-2025-0188,Quezon City,Quezon Ave,Truck,Collision,Major,Storm,Dry,Unknown,34,Male,0,58000,14.673058,120.923477,2025-01-22 23:28:00,11 PM,Wednesday,January,False,26-40
MMTI-2025-0189,Makati,Ortigas Ave,Taxi,Pedestrian,Unknown,Rain,Unknown,Drunk Driving,68,Female,1,9500,14.614015,121.006456,2025-05-02 06:51:00,6 AM,Friday,May,False,Senior
MMTI-2025-0190,Marikina,Roxas Blvd,Bus,Pedestrian,Fatal,Clear,Dry,Drunk Driving,66,Female,0,37000,14.67341,120.925378,2025-11-02 17:10:00,5 PM,Sunday,November,True,Senior
MMTI-2025-0191,Marikina,Quezon Ave,Taxi,Hit and Run,Unknown,Rain,Unknown,Reckless Driving,58,Female,3,59500,14.515103,121.05892,2025-03-09 07:09:00,7 AM,Sunday,March,True,41-60
MMTI-2025-0192,Mandaluyong,Ortigas Ave,Truck,Hit and Run,Fatal,Clear,Dry,Distracted Driving,64,Female,0,87000,14.639458,121.070021,2025-02-17 12:32:00,12 PM,Monday,February,False,Senior
MMTI-2025-0193,Malabon,Quezon Ave,Truck,Side-swipe,Fatal,Storm,Slippery,Drunk Driving,54,Female,2,89000,14.652451,120.909189,2025-10-01 12:13:00,12 PM,Wednesday,October,False,41-60
MMTI-2025-0194,Taguig,Commonwealth Ave,Truck,Hit and Run,Minor,Cloudy,Wet,Drunk Driving,59,Male,1,37000,14.518668,120.972087,2025-11-17 14:01:00,2 PM,Monday,November,False,41-60
MMTI-2025-0195,Pasay,EDSA,Truck,Side-swipe,Major,Cloudy,Dry,Distracted Driving,18,Female,3,11500,14.52654,120.945238,2025-02-12 11:42:00,11 AM,Wednesday,February,False,18-25
MMTI-2025-0196,Manila,Ortigas Ave,Taxi,Collision,Unknown,Rain,Wet,Unknown,22,Female,3,13000,14.646153,120.920485,2025-12-15 14:00:00,2 PM,Monday,December,False,18-25
MMTI-2025-0197,San Juan,Commonwealth Ave,Truck,Rear-end,Major,Clear,Unknown,Overspeeding,57,Female,3,46500,14.644486,121.025616,2025-06-10 11:56:00,11 AM,Tuesday,June,False,41-60
MMTI-2025-0198,Valenzuela,Quezon Ave,Motorcycle,Collision,Major,Clear,Unknown,Unknown,40,Female,2,19500,14.549557,121.028924,2025-03-19 13:39:00,1 PM,Wednesday,March,False,26-40
MMTI-2025-0199,Pasig,Katipunan Ave,Bus,Collision,Fatal,Rain,Unknown,Mechanical Failure,65,Female,2,84500,14.510914,121.079583,2025-05-08 17:38:00,5 PM,Thursday,May,False,Senior
MMTI-2025-0200,Taguig,Quezon Ave,Truck,Pedestrian,Minor,Clear,Dry,Traffic Violation,38,Female,3,74500,14.584173,121.009271,2025-05-03 15:24:00,3 PM,Saturday,May,True,26-40
MMTI-2025-0201,Makati,EDSA,Jeepney,Collision,Minor,Storm,Wet,Overspeeding,21,Female,4,38500,14.625714,121.00021,2025-03-30 15:49:00,3 PM,Sunday,March,True,18-25
MMTI-2025-0202,Navotas,C5,UV Express,Pedestrian,Unknown,Clear,Wet,Reckless Driving,23,Male,0,67000,14.684185,121.094863,2025-08-01 13:44:00,1 PM,Friday,August,False,18-25
MMTI-2025-0203,Navotas,Katipunan Ave,UV Express,Collision,Fatal,Rain,Unknown,Mechanical Failure,21,Female,0,57500,14.523197,121.022459,2025-03-21 17:20:00,5 PM,Friday,March,False,18-25
MMTI-2025-0204,Pasay,C5,Motorcycle,Rear-end,Minor,Rain,Unknown,Traffic Violation,51,Male,1,49500,14.525386,121.056225,2025-01-29 09:42:00,9 AM,Wednesday,January,False,41-60
MMTI-2025-0205,Taguig,EDSA,Bus,Hit and Run,Fatal,Clear,Dry,Reckless Driving,63,Male,3,60000,14.602156,120.911088,2025-05-18 23:56:00,11 PM,Sunday,May,True,Senior
MMTI-2025-0206,Pasay,Roxas Blvd,Taxi,Collision,Unknown,Rain,Dry,Mechanical Failure,65,Male,0,3500,14.54891,120.994353,2025-10-18 05:23:00,5 AM,Saturday,October,True,Senior
MMTI-2025-0207,Quezon City,España Blvd,Taxi,Hit and Run,Major,Storm,Wet,Unknown,64,Male,2,11500,14.614307,120.92388,2025-07-16 04:11:00,4 AM,Wednesday,July,False,Senior
MMTI-2025-0208,Caloocan,España Blvd,Motorcycle,Hit and Run,Minor,Cloudy,Slippery,Reckless Driving,38,Male,4,60000,14.501594,120.940134,2025-12-11 01:11:00,1 AM,Thursday,December,False,26-40
MMTI-2025-0209,Pasig,Quezon Ave,Truck,Side-swipe,Unknown,Cloudy,Wet,Mechanical Failure,27,Male,3,5000,14.5466,120.969285,2025-10-16 09:47:00,9 AM,Thursday,October,False,26-40
MMTI-2025-0210,Manila,Taft Ave,Taxi,Side-swipe,Minor,Rain,Unknown,Mechanical Failure,44,Female,0,20000,14.64233,120.918605,2025-12-22 00:21:00,12 AM,Monday,December,False,41-60
MMTI-2025-0211,Las Piñas,Aurora Blvd,UV Express,Collision,Unknown,Clear,Unknown,Drunk Driving,58,Female,0,77500,14.613564,120.986997,2025-04-29 16:26:00,4 PM,Tuesday,April,False,41-60
MMTI-2025-0212,Mandaluyong,Ortigas Ave,Taxi,Hit and Run,Fatal,Storm,Unknown,Reckless Driving,32,Male,1,19000,14.655987,121.016942,2025-03-08 07:18:00,7 AM,Saturday,March,True,26-40
MMTI-2025-0213,Valenzuela,Aurora Blvd,Bus,Hit and Run,Minor,Clear,Slippery,Mechanical Failure,46,Male,3,35500,14.670496,120.918084,2025-03-21 03:10:00,3 AM,Friday,March,False,41-60
MMTI-2025-0214,Pasig,EDSA,Car,Side-swipe,Major,Clear,Wet,Traffic Violation,43,Male,0,40000,14.552033,121.098135,2025-12-18 09:52:00,9 AM,Thursday,December,False,41-60
MMTI-2025-0215,Valenzuela,España Blvd,UV Express,Pedestrian,Major,Clear,Unknown,Distracted Driving,69,Female,0,3500,14.512334,121.056192,2025-01-16 12:54:00,12 PM,Thursday,January,False,Senior
MMTI-2025-0216,Navotas,Ortigas Ave,UV Express,Collision,Unknown,Clear,Slippery,Distracted Driving,19,Male,1,84500,14.588686,120.925758,2025-04-24 04:12:00,4 AM,Thursday,April,False,18-25
MMTI-2025-0217,Valenzuela,EDSA,Car,Pedestrian,Unknown,Rain,Unknown,Unknown,19,Female,0,56500,14.534561,120.942943,2025-06-19 03:02:00,3 AM,Thursday,June,False,18-25
MMTI-2025-0218,Valenzuela,Commonwealth Ave,Motorcycle,Pedestrian,Unknown,Clear,Wet,Reckless Driving,49,Female,4,63000,14.512196,120.955955,2025-04-06 08:17:00,8 AM,Sunday,April,True,41-60
MMTI-2025-0219,Manila,Quezon Ave,UV Express,Pedestrian,Minor,Cloudy,Slippery,Unknown,52,Female,2,74000,14.600479,120.977676,2025-03-12 13:12:00,1 PM,Wednesday,March,False,41-60
MMTI-2025-0220,Pasig,Quezon Ave,Motorcycle,Side-swipe,Minor,Cloudy,Unknown,Traffic Violation,67,Female,1,14500,14.549571,120.948231,2025-04-03 00:20:00,12 AM,Thursday,April,False,Senior
MMTI-2025-0221,Caloocan,Katipunan Ave,Taxi,Hit and Run,Fatal,Rain,Wet,Mechanical Failure,55,Male,0,91000,14.571757,121.018312,2025-10-01 23:03:00,11 PM,Wednesday,October,False,41-60
MMTI-2025-0222,Makati,Katipunan Ave,Car,Pedestrian,Major,Cloudy,Unknown,Reckless Driving,29,Female,0,13500,14.511234,121.020333,2025-12-27 22:22:00,10 PM,Saturday,December,True,26-40
MMTI-2025-0223,Manila,Ortigas Ave,Jeepney,Rear-end,Major,Storm,Wet,Traffic Violation,21,Male,1,77000,14.640939,120.928331,2025-01-11 16:30:00,4 PM,Saturday,January,True,18-25
MMTI-2025-0224,Las Piñas,C5,Bus,Hit and Run,Unknown,Clear,Slippery,Reckless Driving,38,Female,1,95500,14.689739,121.058369,2025-02-26 16:55:00,4 PM,Wednesday,February,False,26-40
MMTI-2025-0225,Pasay,España Blvd,UV Express,Pedestrian,Fatal,Rain,Unknown,Drunk Driving,42,Male,0,90000,14.558903,120.935542,2025-09-07 20:20:00,8 PM,Sunday,September,True,41-60
MMTI-2025-0226,Navotas,Katipunan Ave,Motorcycle,Rear-end,Unknown,Storm,Unknown,Mechanical Failure,58,Male,3,20000,14.566234,120.915561,2025-01-01 22:36:00,10 PM,Wednesday,January,False,41-60
MMTI-2025-0227,Makati,Ortigas Ave,Truck,Collision,Fatal,Rain,Wet,Distracted Driving,40,Male,0,94000,14.500256,120.977187,2025-06-27 10:10:00,10 AM,Friday,June,False,26-40
MMTI-2025-0228,Malabon,Aurora Blvd,Truck,Side-swipe,Unknown,Cloudy,Dry,Unknown,68,Female,1,59500,14.514742,121.069152,2025-08-03 05:56:00,5 AM,Sunday,August,True,Senior
MMTI-2025-0229,Mandaluyong,C5,Motorcycle,Side-swipe,Major,Cloudy,Wet,Distracted Driving,53,Male,2,78000,14.697055,121.078645,2025-05-31 00:20:00,12 AM,Saturday,May,True,41-60
MMTI-2025-0230,Pasay,Katipunan Ave,Truck,Rear-end,Minor,Clear,Slippery,Mechanical Failure,30,Female,0,72500,14.644408,121.045995,2025-12-27 00:27:00,12 AM,Saturday,December,True,26-40
MMTI-2025-0231,San Juan,Quezon Ave,Motorcycle,Collision,Unknown,Clear,Unknown,Unknown,27,Male,2,2000,14.585521,120.95891,2025-05-16 21:18:00,9 PM,Friday,May,False,26-40
MMTI-2025-0232,Pateros,Quezon Ave,Motorcycle,Collision,Major,Rain,Slippery,Distracted Driving,48,Male,2,52500,14.594189,121.078975,2025-12-05 20:38:00,8 PM,Friday,December,False,41-60
MMTI-2025-0233,Quezon City,Taft Ave,Car,Side-swipe,Unknown,Storm,Wet,Unknown,20,Male,3,61500,14.55268,121.067416,2025-05-16 02:41:00,2 AM,Friday,May,False,18-25
MMTI-2025-0234,Taguig,C5,UV Express,Side-swipe,Unknown,Cloudy,Unknown,Mechanical Failure,53,Male,3,68500,14.583726,121.007103,2025-10-16 01:09:00,1 AM,Thursday,October,False,41-60
MMTI-2025-0235,Caloocan,Aurora Blvd,Bus,Collision,Unknown,Rain,Dry,Drunk Driving,25,Female,1,23000,14.694433,121.061692,2025-09-01 18:56:00,6 PM,Monday,September,False,18-25
MMTI-2025-0236,Makati,Taft Ave,Car,Rear-end,Unknown,Storm,Slippery,Distracted Driving,23,Female,4,52500,14.610411,121.071325,2025-03-06 01:27:00,1 AM,Thursday,March,False,18-25
MMTI-2025-0237,Manila,Katipunan Ave,Jeepney,Pedestrian,Unknown,Clear,Unknown,Drunk Driving,27,Male,0,74000,14.655909,121.057149,2025-09-24 14:58:00,2 PM,Wednesday,September,False,26-40
MMTI-2025-0238,Malabon,Roxas Blvd,Truck,Hit and Run,Unknown,Clear,Unknown,Overspeeding,29,Male,3,20000,14.623649,121.036163,2025-10-02 11:56:00,11 AM,Thursday,October,False,26-40
MMTI-2025-0239,Marikina,Quezon Ave,Motorcycle,Hit and Run,Fatal,Storm,Dry,Traffic Violation,,Male,2,37500,14.668569,121.071647,2025-07-25 01:25:00,1 AM,Friday,July,False,Unknown
MMTI-2025-0240,Caloocan,Commonwealth Ave,Bus,Hit and Run,Fatal,Storm,Unknown,Distracted Driving,30,Female,1,54000,14.648189,121.051899,2025-12-17 03:55:00,3 AM,Wednesday,December,False,26-40
MMTI-2025-0241,Pasay,C5,Bus,Pedestrian,Unknown,Rain,Unknown,Overspeeding,29,Female,1,9000,14.549898,120.99129,2025-07-11 01:32:00,1 AM,Friday,July,False,26-40
MMTI-2025-0242,Mandaluyong,Ortigas Ave,Taxi,Hit and Run,Unknown,Cloudy,Dry,Overspeeding,33,Male,3,78000,14.589221,121.092104,2025-07-04 22:12:00,10 PM,Friday,July,False,26-40
MMTI-2025-0243,Las Piñas,Ortigas Ave,Car,Side-swipe,Minor,Storm,Dry,Unknown,21,Female,4,29000,14.671422,121.029476,2025-08-31 18:35:00,6 PM,Sunday,August,True,18-25
MMTI-2025-0244,Malabon,España Blvd,Motorcycle,Collision,Unknown,Rain,Wet,Overspeeding,32,Male,4,41000,14.642548,121.041874,2025-12-13 06:17:00,6 AM,Saturday,December,True,26-40
MMTI-2025-0245,Navotas,Ortigas Ave,Truck,Side-swipe,Major,Cloudy,Slippery,Unknown,55,Male,0,67000,14.699886,121.093297,2025-05-21 13:57:00,1 PM,Wednesday,May,False,41-60
MMTI-2025-0246,Pasig,Katipunan Ave,Bus,Side-swipe,Minor,Cloudy,Dry,Traffic Violation,35,Male,2,35000,14.631224,121.090438,2025-07-11 17:41:00,5 PM,Friday,July,False,26-40
MMTI-2025-0247,Pasig,España Blvd,Taxi,Rear-end,Minor,Clear,Unknown,Traffic Violation,61,Female,0,5000,14.63108,121.099494,2025-11-30 09:12:00,9 AM,Sunday,November,True,Senior
MMTI-2025-0248,Navotas,EDSA,Jeepney,Pedestrian,Major,Storm,Wet,Unknown,60,Male,4,40000,14.669084,121.068128,2025-05-13 13:25:00,1 PM,Tuesday,May,False,41-60
MMTI-2025-0249,Taguig,Aurora Blvd,Car,Side-swipe,Unknown,Rain,Slippery,Distracted Driving,32,Male,1,97000,14.674286,120.984095,2025-10-13 05:18:00,5 AM,Monday,October,False,26-40
MMTI-2025-0250,Makati,Roxas Blvd,Truck,Collision,Unknown,Clear,Unknown,Distracted Driving,48,Female,4,17000,14.6735,120.976334,2025-06-19 11:16:00,11 AM,Thursday,June,False,41-60
MMTI-2025-0251,Pasig,Commonwealth Ave,Car,Side-swipe,Unknown,Clear,Unknown,Drunk Driving,38,Female,0,64000,14.566526,121.097328,2025-06-02 13:03:00,1 PM,Monday,June,False,26-40
MMTI-2025-0252,Manila,Aurora Blvd,Bus,Rear-end,Major,Clear,Wet,Unknown,68,Male,1,80500,14.586742,120.985882,2025-06-10 20:03:00,8 PM,Tuesday,June,False,Senior
MMTI-2025-0253,Manila,EDSA,Jeepney,Rear-end,Fatal,Clear,Slippery,Mechanical Failure,19,Male,0,95500,14.549765,121.038705,2025-08-08 15:24:00,3 PM,Friday,August,False,18-25
MMTI-2025-0254,Taguig,Taft Ave,Jeepney,Pedestrian,Fatal,Rain,Dry,Overspeeding,37,Male,3,95000,14.604058,121.004824,2025-06-26 09:08:00,9 AM,Thursday,June,False,26-40
MMTI-2025-0255,Marikina,Aurora Blvd,Bus,Rear-end,Major,Cloudy,Dry,Mechanical Failure,32,Female,1,95500,14.504383,121.000927,2025-08-11 21:08:00,9 PM,Monday,August,False,26-40
MMTI-2025-0256,Quezon City,Taft Ave,UV Express,Side-swipe,Unknown,Clear,Dry,Overspeeding,60,Male,0,4500,14.509647,120.923158,2025-03-05 11:45:00,11 AM,Wednesday,March,False,41-60
MMTI-2025-0257,Quezon City,Roxas Blvd,Truck,Rear-end,Major,Rain,Dry,Reckless Driving,44,Male,0,68500,14.553995,121.021127,2025-08-16 12:07:00,12 PM,Saturday,August,True,41-60
MMTI-2025-0258,Taguig,España Blvd,UV Express,Pedestrian,Minor,Storm,Dry,Distracted Driving,49,Female,4,27500,14.655592,121.0663,2025-03-12 13:53:00,1 PM,Wednesday,March,False,41-60
MMTI-2025-0259,Malabon,Roxas Blvd,Car,Collision,Unknown,Cloudy,Wet,Unknown,39,Female,0,3500,14.634327,121.081376,2025-04-14 11:45:00,11 AM,Monday,April,False,26-40
MMTI-2025-0260,Pasig,C5,Taxi,Pedestrian,Minor,Rain,Dry,Reckless Driving,59,Female,3,39500,14.552825,120.910016,2025-10-21 21:31:00,9 PM,Tuesday,October,False,41-60
MMTI-2025-0261,San Juan,Ortigas Ave,Taxi,Side-swipe,Unknown,Rain,Dry,Distracted Driving,66,Male,0,19500,14.632671,120.934102,2025-03-31 01:54:00,1 AM,Monday,March,False,Senior
MMTI-2025-0262,Mandaluyong,C5,Bus,Side-swipe,Major,Clear,Unknown,Unknown,47,Male,3,90000,14.670134,121.05998,2025-07-03 14:39:00,2 PM,Thursday,July,False,41-60
MMTI-2025-0263,Pasig,EDSA,Taxi,Rear-end,Minor,Cloudy,Unknown,Unknown,69,Female,1,80000,14.57595,120.97172,2025-11-29 05:07:00,5 AM,Saturday,November,True,Senior
MMTI-2025-0264,Pasig,Aurora Blvd,Truck,Collision,Unknown,Cloudy,Dry,Distracted Driving,34,Male,0,92000,14.673666,121.004964,2025-01-15 21:56:00,9 PM,Wednesday,January,False,26-40
MMTI-2025-0265,Caloocan,Ortigas Ave,Jeepney,Pedestrian,Unknown,Clear,Unknown,Mechanical Failure,48,Male,0,88500,14.628281,120.929731,2025-10-23 23:36:00,11 PM,Thursday,October,False,41-60
MMTI-2025-0266,Manila,Commonwealth Ave,Jeepney,Hit and Run,Unknown,Rain,Dry,Unknown,38,Female,2,37500,14.51007,120.944541,2025-10-13 19:03:00,7 PM,Monday,October,False,26-40
MMTI-2025-0267,Caloocan,C5,Truck,Hit and Run,Unknown,Cloudy,Dry,Unknown,46,Male,0,65500,14.649048,120.903554,2025-11-26 12:25:00,12 PM,Wednesday,November,False,41-60
MMTI-2025-0268,Quezon City,España Blvd,Motorcycle,Collision,Unknown,Clear,Slippery,Mechanical Failure,59,Female,2,48500,14.665062,121.063318,2025-07-26 13:02:00,1 PM,Saturday,July,True,41-60
MMTI-2025-0269,Pasig,Katipunan Ave,Truck,Side-swipe,Unknown,Clear,Dry,Mechanical Failure,18,Male,2,83000,14.692887,120.958397,2025-08-21 10:35:00,10 AM,Thursday,August,False,18-25
MMTI-2025-0270,Taguig,EDSA,Car,Hit and Run,Major,Rain,Unknown,Distracted Driving,34,Female,1,17000,14.686043,120.978579,2025-09-25 11:44:00,11 AM,Thursday,September,False,26-40
MMTI-2025-0271,Marikina,C5,Taxi,Hit and Run,Minor,Rain,Unknown,Distracted Driving,67,Female,3,86000,14.617863,121.00084,2025-08-23 06:45:00,6 AM,Saturday,August,True,Senior
MMTI-2025-0272,Quezon City,España Blvd,Truck,Pedestrian,Unknown,Clear,Wet,Drunk Driving,64,Female,0,51500,14.631504,121.021232,2025-09-13 00:33:00,12 AM,Saturday,September,True,Senior
MMTI-2025-0273,Navotas,Taft Ave,Jeepney,Rear-end,Fatal,Cloudy,Slippery,Reckless Driving,46,Female,1,54500,14.620505,121.077287,2025-06-14 16:56:00,4 PM,Saturday,June,True,41-60
MMTI-2025-0274,Quezon City,Ortigas Ave,UV Express,Pedestrian,Major,Rain,Wet,Reckless Driving,61,Male,0,18500,14.696267,121.030017,2025-09-20 09:53:00,9 AM,Saturday,September,True,Senior
MMTI-2025-0275,Marikina,C5,Taxi,Side-swipe,Unknown,Cloudy,Unknown,Unknown,61,Male,3,3500,14.604546,120.905054,2025-04-02 16:34:00,4 PM,Wednesday,April,False,Senior
MMTI-2025-0276,Quezon City,Quezon Ave,Bus,Rear-end,Fatal,Rain,Slippery,Drunk Driving,21,Male,1,98000,14.608234,120.971736,2025-03-16 01:42:00,1 AM,Sunday,March,True,18-25
MMTI-2025-0277,Quezon City,Quezon Ave,UV Express,Pedestrian,Unknown,Rain,Unknown,Reckless Driving,62,Male,3,51500,14.583313,121.057622,2025-08-20 03:39:00,3 AM,Wednesday,August,False,Senior
MMTI-2025-0278,Quezon City,EDSA,UV Express,Side-swipe,Major,Clear,Unknown,Mechanical Failure,58,Male,4,71500,14.64769,120.939294,2025-12-17 10:35:00,10 AM,Wednesday,December,False,41-60
MMTI-2025-0279,Pasay,C5,Car,Rear-end,Unknown,Clear,Unknown,Overspeeding,45,Male,4,35500,14.526013,121.016797,2025-04-10 09:28:00,9 AM,Thursday,April,False,41-60
MMTI-2025-0280,Valenzuela,Commonwealth Ave,Motorcycle,Rear-end,Fatal,Clear,Dry,Reckless Driving,49,Male,0,92500,14.563572,120.943992,2025-05-11 00:21:00,12 AM,Sunday,May,True,41-60
MMTI-2025-0281,Manila,Commonwealth Ave,Truck,Pedestrian,Unknown,Cloudy,Dry,Traffic Violation,32,Female,0,44000,14.566213,120.958715,2025-04-05 16:04:00,4 PM,Saturday,April,True,26-40
MMTI-2025-0282,Quezon City,EDSA,Motorcycle,Side-swipe,Unknown,Rain,Unknown,Mechanical Failure,20,Male,3,16500,14.577175,121.008047,2025-11-13 16:30:00,4 PM,Thursday,November,False,18-25
MMTI-2025-0283,Manila,Ortigas Ave,Jeepney,Pedestrian,Unknown,Cloudy,Dry,Reckless Driving,59,Female,2,67500,14.516469,120.919191,2025-05-25 00:58:00,12 AM,Sunday,May,True,41-60
MMTI-2025-0284,Makati,Quezon Ave,UV Express,Rear-end,Unknown,Clear,Wet,Unknown,59,Male,0,89500,14.530751,120.991845,2025-10-03 17:00:00,5 PM,Friday,October,False,41-60
MMTI-2025-0285,Makati,EDSA,Car,Side-swipe,Unknown,Clear,Unknown,Mechanical Failure,34,Female,3,59500,14.626043,120.986605,2025-06-19 01:05:00,1 AM,Thursday,June,False,26-40
MMTI-2025-0286,Taguig,España Blvd,Motorcycle,Pedestrian,Minor,Rain,Unknown,Overspeeding,62,Male,2,66000,14.521227,121.057378,2025-01-09 12:43:00,12 PM,Thursday,January,False,Senior
MMTI-2025-0287,San Juan,Aurora Blvd,Truck,Hit and Run,Minor,Cloudy,Wet,Mechanical Failure,26,Female,4,39500,14.692027,120.928815,2025-06-04 19:05:00,7 PM,Wednesday,June,False,26-40
MMTI-2025-0288,Las Piñas,EDSA,Jeepney,Pedestrian,Major,Clear,Dry,Overspeeding,54,Female,4,72000,14.689396,120.960938,2025-12-13 23:41:00,11 PM,Saturday,December,True,41-60
MMTI-2025-0289,Manila,Commonwealth Ave,Car,Rear-end,Major,Clear,Slippery,Mechanical Failure,25,Female,0,74500,14.67045,121.070278,2025-06-26 06:26:00,6 AM,Thursday,June,False,18-25
MMTI-2025-0290,Quezon City,C5,Bus,Collision,Fatal,Clear,Wet,Unknown,39,Male,1,87500,14.631095,120.920009,2025-10-09 14:41:00,2 PM,Thursday,October,False,26-40
MMTI-2025-0291,Parañaque,Ortigas Ave,Truck,Hit and Run,Fatal,Clear,Slippery,Drunk Driving,54,Male,2,56500,14.533728,120.962643,2025-11-14 02:57:00,2 AM,Friday,November,False,41-60
MMTI-2025-0292,Malabon,Roxas Blvd,Taxi,Side-swipe,Major,Rain,Slippery,Unknown,47,Female,2,41000,14.597394,120.921767,2025-04-24 22:47:00,10 PM,Thursday,April,False,41-60
MMTI-2025-0293,Mandaluyong,Commonwealth Ave,Jeepney,Rear-end,Fatal,Rain,Dry,Distracted Driving,19,Male,4,76000,14.581027,121.018007,2025-11-27 19:05:00,7 PM,Thursday,November,False,18-25
MMTI-2025-0294,Quezon City,España Blvd,Truck,Rear-end,Fatal,Cloudy,Wet,Reckless Driving,26,Female,4,67000,14.518111,120.972773,2025-01-19 17:16:00,5 PM,Sunday,January,True,26-40
MMTI-2025-0295,Pasig,Commonwealth Ave,Taxi,Pedestrian,Major,Cloudy,Wet,Drunk Driving,54,Female,0,95500,14.596701,120.971759,2025-01-06 21:15:00,9 PM,Monday,January,False,41-60
MMTI-2025-0296,Makati,Roxas Blvd,Bus,Rear-end,Minor,Rain,Wet,Traffic Violation,42,Female,3,7500,14.507981,121.029705,2025-04-23 15:14:00,3 PM,Wednesday,April,False,41-60
MMTI-2025-0297,Mandaluyong,Roxas Blvd,Jeepney,Pedestrian,Unknown,Rain,Unknown,Unknown,41,Male,4,34000,14.575266,121.081448,2025-02-22 22:33:00,10 PM,Saturday,February,True,41-60
MMTI-2025-0298,Las Piñas,Aurora Blvd,Taxi,Hit and Run,Unknown,Clear,Unknown,Drunk Driving,46,Female,1,11500,14.602908,120.956162,2025-09-22 12:22:00,12 PM,Monday,September,False,41-60
MMTI-2025-0299,Las Piñas,Katipunan Ave,UV Express,Collision,Major,Cloudy,Slippery,Distracted Driving,48,Female,3,28500,14.618158,121.029452,2025-03-18 05:10:00,5 AM,Tuesday,March,False,41-60
MMTI-2025-0300,Quezon City,Commonwealth Ave,Jeepney,Pedestrian,Major,Rain,Unknown,Overspeeding,54,Female,0,23000,14.551652,120.936008,2025-07-30 00:15:00,12 AM,Wednesday,July,False,41-60
MMTI-2025-0301,Manila,Roxas Blvd,Motorcycle,Rear-end,Unknown,Clear,Unknown,Unknown,28,Female,3,78500,14.528542,121.016529,2025-07-27 19:36:00,7 PM,Sunday,July,True,26-40
MMTI-2025-0302,Manila,Roxas Blvd,Car,Side-swipe,Unknown,Clear,Unknown,Distracted Driving,32,Female,3,18500,14.521714,120.94047,2025-04-04 19:42:00,7 PM,Friday,April,False,26-40
MMTI-2025-0303,Pasig,Katipunan Ave,Motorcycle,Rear-end,Unknown,Clear,Unknown,Overspeeding,68,Male,0,63500,14.631879,121.080397,2025-09-16 21:26:00,9 PM,Tuesday,September,False,Senior
MMTI-2025-0304,Malabon,España Blvd,Truck,Side-swipe,Minor,Rain,Unknown,Unknown,32,Female,3,46500,14.61781,121.048279,2025-10-04 00:57:00,12 AM,Saturday,October,True,26-40
MMTI-2025-0305,Malabon,Commonwealth Ave,Bus,Hit and Run,Major,Clear,Slippery,Unknown,34,Female,0,92500,14.648729,120.901423,2025-12-23 18:06:00,6 PM,Tuesday,December,False,26-40
MMTI-2025-0306,Manila,Taft Ave,UV Express,Rear-end,Fatal,Cloudy,Slippery,Distracted Driving,27,Female,0,76500,14.550727,121.070995,2025-09-25 03:33:00,3 AM,Thursday,September,False,26-40
MMTI-2025-0307,Pasig,Roxas Blvd,UV Express,Hit and Run,Major,Cloudy,Unknown,Unknown,29,Male,4,73000,14.596752,121.097702,2025-08-05 18:23:00,6 PM,Tuesday,August,False,26-40
MMTI-2025-0308,Navotas,Commonwealth Ave,Taxi,Collision,Major,Cloudy,Wet,Distracted Driving,31,Female,2,72000,14.622805,121.036913,2025-10-23 11:49:00,11 AM,Thursday,October,False,26-40
MMTI-2025-0309,Manila,C5,Taxi,Rear-end,Unknown,Clear,Unknown,Distracted Driving,22,Male,1,49000,14.516008,120.907551,2025-01-27 05:24:00,5 AM,Monday,January,False,18-25
MMTI-2025-0310,Manila,Roxas Blvd,UV Express,Pedestrian,Minor,Rain,Unknown,Unknown,18,Female,0,68000,14.557201,120.906722,2025-07-16 12:39:00,12 PM,Wednesday,July,False,18-25
MMTI-2025-0311,Caloocan,Katipunan Ave,Car,Collision,Fatal,Rain,Dry,Drunk Driving,23,Male,3,47000,14.633932,120.98109,2025-11-03 16:33:00,4 PM,Monday,November,False,18-25
MMTI-2025-0312,Makati,C5,Jeepney,Side-swipe,Unknown,Clear,Slippery,Traffic Violation,,Male,1,79500,14.692611,120.990952,2025-04-13 16:00:00,4 PM,Sunday,April,True,Unknown
MMTI-2025-0313,Mandaluyong,Commonwealth Ave,Truck,Pedestrian,Minor,Clear,Dry,Reckless Driving,39,Male,4,34500,14.675223,121.062629,2025-07-26 18:00:00,6 PM,Saturday,July,True,26-40
MMTI-2025-0314,Valenzuela,Taft Ave,Jeepney,Hit and Run,Major,Storm,Unknown,Unknown,55,Male,3,16500,14.551564,120.976535,2025-10-22 08:44:00,8 AM,Wednesday,October,False,41-60
MMTI-2025-0315,Caloocan,Ortigas Ave,Truck,Side-swipe,Unknown,Clear,Dry,Reckless Driving,33,Male,0,53000,14.63474,121.064215,2025-04-23 21:44:00,9 PM,Wednesday,April,False,26-40
MMTI-2025-0316,Pasay,Aurora Blvd,Bus,Side-swipe,Major,Clear,Slippery,Drunk Driving,65,Female,3,96000,14.539933,121.047086,2025-02-08 17:59:00,5 PM,Saturday,February,True,Senior
MMTI-2025-0317,Parañaque,Quezon Ave,Taxi,Pedestrian,Fatal,Rain,Dry,Distracted Driving,23,Female,4,2500,14.652849,121.008295,2025-05-16 06:14:00,6 AM,Friday,May,False,18-25
MMTI-2025-0318,Pasig,Ortigas Ave,Truck,Pedestrian,Fatal,Cloudy,Wet,Reckless Driving,43,Female,4,18000,14.51083,121.059854,2025-01-22 15:23:00,3 PM,Wednesday,January,False,41-60
MMTI-2025-0319,Manila,Ortigas Ave,Truck,Rear-end,Unknown,Clear,Unknown,Unknown,38,Male,0,88000,14.54215,121.016202,2025-09-02 17:02:00,5 PM,Tuesday,September,False,26-40
MMTI-2025-0320,Mandaluyong,Commonwealth Ave,Jeepney,Side-swipe,Major,Storm,Unknown,Traffic Violation,41,Female,3,56000,14.542106,121.040143,2025-06-16 11:39:00,11 AM,Monday,June,False,41-60
MMTI-2025-0321,Navotas,Roxas Blvd,Truck,Rear-end,Unknown,Rain,Unknown,Mechanical Failure,,Male,0,36500,14.660818,121.011068,2025-07-10 11:54:00,11 AM,Thursday,July,False,Unknown
MMTI-2025-0322,Pasig,Aurora Blvd,Taxi,Collision,Major,Cloudy,Unknown,Drunk Driving,58,Male,3,40000,14.550195,121.0717,2025-07-15 06:09:00,6 AM,Tuesday,July,False,41-60
MMTI-2025-0323,Pasay,EDSA,Car,Side-swipe,Unknown,Rain,Dry,Unknown,65,Male,2,48000,14.572061,121.011498,2025-01-25 12:06:00,12 PM,Saturday,January,True,Senior
MMTI-2025-0324,Malabon,C5,Bus,Pedestrian,Major,Clear,Unknown,Drunk Driving,67,Male,2,43500,14.634639,120.997499,2025-05-12 11:01:00,11 AM,Monday,May,False,Senior
MMTI-2025-0325,Pasig,Roxas Blvd,Truck,Rear-end,Major,Rain,Slippery,Unknown,58,Female,0,12000,14.5324,120.945644,2025-08-17 02:24:00,2 AM,Sunday,August,True,41-60
MMTI-2025-0326,Mandaluyong,Katipunan Ave,UV Express,Hit and Run,Fatal,Cloudy,Slippery,Unknown,44,Female,1,4500,14.525008,120.946925,2025-06-12 20:18:00,8 PM,Thursday,June,False,41-60
MMTI-2025-0327,Makati,Quezon Ave,Car,Hit and Run,Minor,Clear,Dry,Unknown,53,Male,0,,14.579403,121.052999,2025-05-09 23:44:00,11 PM,Friday,May,False,41-60
MMTI-2025-0328,Pasig,Commonwealth Ave,Motorcycle,Hit and Run,Fatal,Rain,Wet,Reckless Driving,46,Female,1,69000,14.667704,120.905714,2025-02-12 03:16:00,3 AM,Wednesday,February,False,41-60
MMTI-2025-0329,Marikina,Aurora Blvd,Truck,Pedestrian,Fatal,Clear,Unknown,Drunk Driving,62,Female,4,78000,14.591309,121.049782,2025-12-06 11:55:00,11 AM,Saturday,December,True,Senior
MMTI-2025-0330,Quezon City,Roxas Blvd,Bus,Hit and Run,Unknown,Rain,Dry,Unknown,37,Male,3,35000,14.531144,120.902111,2025-10-16 13:33:00,1 PM,Thursday,October,False,26-40
MMTI-2025-0331,San Juan,Aurora Blvd,Jeepney,Collision,Unknown,Cloudy,Slippery,Overspeeding,67,Female,2,78000,14.546243,120.901444,2025-09-25 04:22:00,4 AM,Thursday,September,False,Senior
MMTI-2025-0332,Quezon City,Taft Ave,Truck,Rear-end,Major,Rain,Unknown,Unknown,32,Male,0,56000,14.625065,121.003322,2025-07-11 06:26:00,6 AM,Friday,July,False,26-40
MMTI-2025-0333,Mandaluyong,Roxas Blvd,UV Express,Pedestrian,Fatal,Cloudy,Wet,Distracted Driving,29,Female,2,16000,14.627379,121.023546,2025-11-10 22:43:00,10 PM,Monday,November,False,26-40
MMTI-2025-0334,Pateros,Quezon Ave,Bus,Collision,Major,Clear,Unknown,Overspeeding,29,Male,2,36000,14.525008,120.987683,2025-05-20 22:39:00,10 PM,Tuesday,May,False,26-40
MMTI-2025-0335,Pasig,EDSA,Truck,Rear-end,Fatal,Cloudy,Slippery,Unknown,41,Female,0,6000,14.56605,121.068709,2025-01-05 07:05:00,7 AM,Sunday,January,True,41-60
MMTI-2025-0336,Navotas,C5,Jeepney,Hit and Run,Major,Rain,Slippery,Unknown,18,Male,0,33500,14.57696,121.094994,2025-03-16 01:17:00,1 AM,Sunday,March,True,18-25
MMTI-2025-0337,Parañaque,Aurora Blvd,UV Express,Collision,Unknown,Rain,Wet,Unknown,42,Male,2,22000,14.625833,120.908437,2025-05-07 23:02:00,11 PM,Wednesday,May,False,41-60
MMTI-2025-0338,Mandaluyong,Aurora Blvd,UV Express,Side-swipe,Major,Storm,Dry,Mechanical Failure,25,Female,0,57500,14.564903,120.933472,2025-10-09 16:07:00,4 PM,Thursday,October,False,18-25
MMTI-2025-0339,Navotas,Quezon Ave,Motorcycle,Collision,Unknown,Rain,Unknown,Drunk Driving,41,Male,1,22000,14.599984,121.037189,2025-05-22 18:07:00,6 PM,Thursday,May,False,41-60
MMTI-2025-0340,Quezon City,Ortigas Ave,UV Express,Rear-end,Unknown,Clear,Wet,Unknown,32,Male,4,84500,14.65134,121.061105,2025-06-23 20:03:00,8 PM,Monday,June,False,26-40
MMTI-2025-0341,Manila,Taft Ave,Bus,Rear-end,Fatal,Clear,Unknown,Unknown,53,Male,4,91000,14.598018,121.01334,2025-08-13 23:12:00,11 PM,Wednesday,August,False,41-60
MMTI-2025-0342,Valenzuela,Roxas Blvd,Taxi,Pedestrian,Unknown,Rain,Dry,Drunk Driving,46,Male,2,71000,14.573423,120.900144,2025-10-06 11:20:00,11 AM,Monday,October,False,41-60
MMTI-2025-0343,Pasay,EDSA,Jeepney,Side-swipe,Unknown,Rain,Slippery,Distracted Driving,60,Female,1,69000,14.636645,121.053147,2025-11-23 16:24:00,4 PM,Sunday,November,True,41-60
MMTI-2025-0344,Marikina,Taft Ave,UV Express,Side-swipe,Minor,Clear,Unknown,Distracted Driving,20,Female,1,6000,14.540416,120.997074,2025-03-20 19:18:00,7 PM,Thursday,March,False,18-25
MMTI-2025-0345,Navotas,Aurora Blvd,Jeepney,Pedestrian,Unknown,Storm,Dry,Traffic Violation,32,Male,0,28500,14.63115,121.085681,2025-02-20 01:36:00,1 AM,Thursday,February,False,26-40
MMTI-2025-0346,Quezon City,Ortigas Ave,Jeepney,Hit and Run,Fatal,Rain,Dry,Reckless Driving,51,Male,0,11000,14.666891,120.915587,2025-02-10 14:51:00,2 PM,Monday,February,False,41-60
MMTI-2025-0347,Taguig,Quezon Ave,Jeepney,Hit and Run,Major,Rain,Unknown,Mechanical Failure,54,Female,4,97500,14.611628,121.049222,2025-04-21 16:06:00,4 PM,Monday,April,False,41-60
MMTI-2025-0348,Valenzuela,Taft Ave,Motorcycle,Rear-end,Major,Clear,Unknown,Traffic Violation,60,Female,4,78500,14.588602,120.970465,2025-11-23 18:22:00,6 PM,Sunday,November,True,41-60
MMTI-2025-0349,Las Piñas,Taft Ave,Taxi,Hit and Run,Fatal,Clear,Wet,Mechanical Failure,42,Male,2,59500,14.5895,120.979418,2025-06-11 17:20:00,5 PM,Wednesday,June,False,41-60
MMTI-2025-0350,Manila,España Blvd,Car,Side-swipe,Minor,Storm,Wet,Mechanical Failure,38,Male,0,37000,14.683822,121.002254,2025-01-18 09:38:00,9 AM,Saturday,January,True,26-40
MMTI-2025-0351,Taguig,EDSA,Truck,Side-swipe,Major,Rain,Slippery,Traffic Violation,55,Female,1,34500,14.662215,120.918381,2025-10-20 18:09:00,6 PM,Monday,October,False,41-60
MMTI-2025-0352,Parañaque,C5,UV Express,Side-swipe,Unknown,Rain,Unknown,Distracted Driving,56,Male,0,95500,14.661668,120.976309,2025-07-24 18:58:00,6 PM,Thursday,July,False,41-60
MMTI-2025-0353,Malabon,Taft Ave,Taxi,Collision,Major,Rain,Unknown,Overspeeding,58,Female,0,41000,14.604877,120.963863,2025-01-29 10:22:00,10 AM,Wednesday,January,False,41-60
MMTI-2025-0354,Manila,Quezon Ave,Car,Collision,Unknown,Cloudy,Unknown,Distracted Driving,32,Female,2,52000,14.529602,120.967234,2025-10-17 04:20:00,4 AM,Friday,October,False,26-40
MMTI-2025-0355,Quezon City,España Blvd,Truck,Side-swipe,Minor,Cloudy,Unknown,Unknown,67,Female,1,63500,14.611859,120.997572,2025-09-01 18:47:00,6 PM,Monday,September,False,Senior
MMTI-2025-0356,Quezon City,Katipunan Ave,UV Express,Pedestrian,Major,Rain,Dry,Reckless Driving,67,Female,2,89500,14.684828,120.917919,2025-11-30 18:12:00,6 PM,Sunday,November,True,Senior
MMTI-2025-0357,Las Piñas,Ortigas Ave,Car,Side-swipe,Fatal,Clear,Dry,Reckless Driving,28,Male,4,58500,14.624636,120.988093,2025-12-10 13:27:00,1 PM,Wednesday,December,False,26-40
MMTI-2025-0358,Las Piñas,Commonwealth Ave,Taxi,Collision,Minor,Rain,Dry,Mechanical Failure,57,Female,2,3500,14.568654,121.060856,2025-04-30 06:43:00,6 AM,Wednesday,April,False,41-60
MMTI-2025-0359,Manila,Ortigas Ave,Car,Pedestrian,Major,Rain,Unknown,Reckless Driving,53,Female,4,95000,14.69846,121.039014,2025-06-06 14:30:00,2 PM,Friday,June,False,41-60
MMTI-2025-0360,Makati,España Blvd,Motorcycle,Side-swipe,Major,Clear,Slippery,Mechanical Failure,68,Male,0,61500,14.630952,120.901667,2025-12-09 00:24:00,12 AM,Tuesday,December,False,Senior
MMTI-2025-0361,Las Piñas,C5,Motorcycle,Side-swipe,Unknown,Rain,Unknown,Distracted Driving,38,Female,4,70000,14.517604,120.939775,2025-07-18 21:17:00,9 PM,Friday,July,False,26-40
MMTI-2025-0362,Manila,EDSA,Car,Pedestrian,Fatal,Storm,Unknown,Unknown,65,Female,0,46000,14.636862,120.971076,2025-08-23 17:59:00,5 PM,Saturday,August,True,Senior
MMTI-2025-0363,Mandaluyong,EDSA,UV Express,Side-swipe,Unknown,Clear,Unknown,Reckless Driving,32,Female,2,52000,14.631386,120.917559,2025-06-04 07:32:00,7 AM,Wednesday,June,False,26-40
MMTI-2025-0364,Pasig,Quezon Ave,Truck,Rear-end,Unknown,Rain,Unknown,Reckless Driving,56,Male,3,71000,14.526354,121.030495,2025-07-15 16:43:00,4 PM,Tuesday,July,False,41-60
MMTI-2025-0365,Parañaque,Commonwealth Ave,Bus,Pedestrian,Major,Cloudy,Wet,Drunk Driving,38,Male,4,70000,14.68972,120.923677,2025-10-25 17:43:00,5 PM,Saturday,October,True,26-40
MMTI-2025-0366,Manila,Ortigas Ave,Truck,Hit and Run,Fatal,Cloudy,Slippery,Drunk Driving,67,Female,0,18500,14.536949,121.052489,2025-06-12 04:46:00,4 AM,Thursday,June,False,Senior
MMTI-2025-0367,Pasig,Katipunan Ave,Jeepney,Rear-end,Unknown,Rain,Wet,Overspeeding,40,Male,0,63000,14.526817,121.069228,2025-11-10 19:17:00,7 PM,Monday,November,False,26-40
MMTI-2025-0368,Las Piñas,Commonwealth Ave,Taxi,Hit and Run,Unknown,Cloudy,Wet,Drunk Driving,30,Female,0,54000,14.652908,120.903003,2025-08-29 22:41:00,10 PM,Friday,August,False,26-40
MMTI-2025-0369,Parañaque,Quezon Ave,Motorcycle,Rear-end,Unknown,Clear,Unknown,Traffic Violation,47,Female,3,53500,14.655243,121.021586,2025-05-19 13:14:00,1 PM,Monday,May,False,41-60
MMTI-2025-0370,Navotas,Katipunan Ave,UV Express,Pedestrian,Unknown,Clear,Unknown,Overspeeding,51,Male,3,60000,14.665402,120.908483,2025-07-14 23:20:00,11 PM,Monday,July,False,41-60
MMTI-2025-0371,Navotas,EDSA,Jeepney,Hit and Run,Unknown,Rain,Dry,Mechanical Failure,36,Female,3,40500,14.654735,120.957183,2025-05-06 16:34:00,4 PM,Tuesday,May,False,26-40
MMTI-2025-0372,Pasig,EDSA,UV Express,Pedestrian,Major,Cloudy,Unknown,Distracted Driving,64,Male,1,76500,14.687568,121.039223,2025-03-27 13:18:00,1 PM,Thursday,March,False,Senior
MMTI-2025-0373,Marikina,Aurora Blvd,Motorcycle,Rear-end,Unknown,Clear,Wet,Unknown,23,Male,2,90500,14.629715,121.042294,2025-03-11 12:26:00,12 PM,Tuesday,March,False,18-25
MMTI-2025-0374,Taguig,C5,Motorcycle,Hit and Run,Fatal,Clear,Unknown,Unknown,64,Female,3,72000,14.576121,121.053652,2025-03-25 22:46:00,10 PM,Tuesday,March,False,Senior
MMTI-2025-0375,Pasig,Commonwealth Ave,Taxi,Rear-end,Major,Rain,Dry,Unknown,37,Male,0,,14.692193,120.957756,2025-06-21 18:55:00,6 PM,Saturday,June,True,26-40
MMTI-2025-0376,Pasig,Quezon Ave,Motorcycle,Pedestrian,Fatal,Clear,Unknown,Unknown,49,Male,4,65000,14.547576,121.017772,2025-04-03 03:57:00,3 AM,Thursday,April,False,41-60
MMTI-2025-0377,Valenzuela,C5,Jeepney,Pedestrian,Minor,Rain,Unknown,Reckless Driving,57,Female,0,25500,14.529651,121.030655,2025-09-01 14:26:00,2 PM,Monday,September,False,41-60
MMTI-2025-0378,Quezon City,Katipunan Ave,Taxi,Pedestrian,Fatal,Storm,Dry,Overspeeding,24,Female,1,22500,14.634418,121.022218,2025-01-19 04:54:00,4 AM,Sunday,January,True,18-25
MMTI-2025-0379,Makati,España Blvd,Car,Hit and Run,Unknown,Storm,Dry,Distracted Driving,67,Male,2,49000,14.679506,121.064053,2025-12-21 22:38:00,10 PM,Sunday,December,True,Senior
MMTI-2025-0380,San Juan,Aurora Blvd,Car,Collision,Fatal,Storm,Unknown,Unknown,51,Female,0,28500,14.622411,120.92186,2025-08-07 17:04:00,5 PM,Thursday,August,False,41-60
MMTI-2025-0381,Pateros,Katipunan Ave,Taxi,Side-swipe,Unknown,Clear,Slippery,Reckless Driving,51,Male,1,80500,14.612527,121.003941,2025-11-19 16:05:00,4 PM,Wednesday,November,False,41-60
MMTI-2025-0382,Pasay,Katipunan Ave,Car,Side-swipe,Major,Clear,Dry,Overspeeding,47,Male,0,28500,14.659913,121.099797,2025-11-20 15:31:00,3 PM,Thursday,November,False,41-60
MMTI-2025-0383,Las Piñas,España Blvd,Taxi,Rear-end,Minor,Rain,Wet,Reckless Driving,34,Male,2,40000,14.601338,120.964785,2025-07-31 01:21:00,1 AM,Thursday,July,False,26-40
MMTI-2025-0384,Marikina,Ortigas Ave,Truck,Pedestrian,Unknown,Clear,Wet,Mechanical Failure,39,Male,0,63000,14.683233,121.059451,2025-01-04 03:43:00,3 AM,Saturday,January,True,26-40
MMTI-2025-0385,Pasig,Aurora Blvd,Taxi,Pedestrian,Fatal,Cloudy,Unknown,Overspeeding,51,Male,4,94500,14.63564,121.011035,2025-11-27 04:30:00,4 AM,Thursday,November,False,41-60
MMTI-2025-0386,Marikina,Ortigas Ave,Motorcycle,Rear-end,Fatal,Clear,Slippery,Unknown,58,Female,4,79500,14.577913,121.019038,2025-01-10 06:36:00,6 AM,Friday,January,False,41-60
MMTI-2025-0387,Marikina,EDSA,Bus,Hit and Run,Minor,Cloudy,Wet,Traffic Violation,46,Male,1,69000,14.560464,120.922446,2025-06-07 22:54:00,10 PM,Saturday,June,True,41-60
MMTI-2025-0388,Makati,Aurora Blvd,Jeepney,Collision,Unknown,Clear,Wet,Mechanical Failure,39,Female,0,69000,14.562072,120.965468,2025-01-20 06:58:00,6 AM,Monday,January,False,26-40
MMTI-2025-0389,Pasig,Quezon Ave,UV Express,Collision,Unknown,Cloudy,Unknown,Distracted Driving,18,Male,0,89500,14.669625,121.074375,2025-02-20 16:43:00,4 PM,Thursday,February,False,18-25
MMTI-2025-0390,Quezon City,C5,Jeepney,Side-swipe,Minor,Clear,Slippery,Mechanical Failure,38,Female,1,38500,14.55533,120.96383,2025-06-20 14:56:00,2 PM,Friday,June,False,26-40
MMTI-2025-0391,Mandaluyong,Commonwealth Ave,Car,Side-swipe,Minor,Clear,Unknown,Distracted Driving,31,Male,4,42500,14.55421,121.088656,2025-08-14 21:07:00,9 PM,Thursday,August,False,26-40
MMTI-2025-0392,Pasay,C5,Bus,Pedestrian,Fatal,Clear,Unknown,Overspeeding,26,Male,3,88000,14.510091,120.97672,2025-05-26 18:15:00,6 PM,Monday,May,False,26-40
MMTI-2025-0393,Pasay,Katipunan Ave,Jeepney,Hit and Run,Unknown,Storm,Slippery,Traffic Violation,,Female,0,99000,14.634174,121.006697,2025-02-14 13:25:00,1 PM,Friday,February,False,Unknown
MMTI-2025-0394,Makati,Aurora Blvd,Motorcycle,Hit and Run,Fatal,Rain,Unknown,Unknown,32,Female,1,80500,14.551611,120.97269,2025-08-27 18:08:00,6 PM,Wednesday,August,False,26-40
MMTI-2025-0395,Marikina,Ortigas Ave,Truck,Hit and Run,Minor,Clear,Unknown,Distracted Driving,40,Female,3,23500,14.556451,120.969723,2025-04-04 22:58:00,10 PM,Friday,April,False,26-40
MMTI-2025-0396,Taguig,Taft Ave,Taxi,Collision,Fatal,Clear,Dry,Reckless Driving,52,Female,3,77500,14.582688,121.024175,2025-10-22 04:32:00,4 AM,Wednesday,October,False,41-60
MMTI-2025-0397,Navotas,C5,Bus,Rear-end,Unknown,Cloudy,Unknown,Traffic Violation,52,Female,1,86500,14.633921,121.047873,2025-10-08 05:30:00,5 AM,Wednesday,October,False,41-60
MMTI-2025-0398,Pateros,C5,Jeepney,Pedestrian,Unknown,Storm,Unknown,Distracted Driving,,Female,1,41000,14.691177,120.913922,2025-12-31 18:53:00,6 PM,Wednesday,December,False,Unknown
MMTI-2025-0399,Pasig,Taft Ave,Bus,Hit and Run,Minor,Clear,Wet,Drunk Driving,55,Male,1,86500,14.529843,121.006251,2025-02-25 21:52:00,9 PM,Tuesday,February,False,41-60
MMTI-2025-0400,Valenzuela,Quezon Ave,Car,Side-swipe,Fatal,Clear,Slippery,Unknown,63,Male,0,76500,14.501624,121.097284,2025-07-19 19:36:00,7 PM,Saturday,July,True,Senior
MMTI-2025-0401,San Juan,EDSA,Bus,Pedestrian,Minor,Clear,Unknown,Traffic Violation,25,Male,0,32000,14.586343,121.018033,2025-07-26 04:54:00,4 AM,Saturday,July,True,18-25
MMTI-2025-0402,Navotas,Taft Ave,Truck,Hit and Run,Unknown,Rain,Wet,Unknown,26,Female,4,51000,14.668666,120.972058,2025-11-17 10:45:00,10 AM,Monday,November,False,26-40
MMTI-2025-0403,Pasig,Commonwealth Ave,Motorcycle,Collision,Minor,Rain,Unknown,Unknown,26,Male,1,84000,14.661188,121.072031,2025-08-02 04:18:00,4 AM,Saturday,August,True,26-40
MMTI-2025-0404,Malabon,Katipunan Ave,Car,Hit and Run,Unknown,Cloudy,Unknown,Unknown,42,Male,1,25500,14.584954,120.901486,2025-12-23 19:59:00,7 PM,Tuesday,December,False,41-60
MMTI-2025-0405,Manila,Roxas Blvd,Truck,Pedestrian,Unknown,Storm,Dry,Overspeeding,54,Female,0,49000,14.522633,120.996307,2025-09-13 23:15:00,11 PM,Saturday,September,True,41-60
MMTI-2025-0406,Manila,Roxas Blvd,Truck,Pedestrian,Minor,Clear,Unknown,Distracted Driving,33,Female,0,96500,14.632747,121.033743,2025-12-20 02:09:00,2 AM,Saturday,December,True,26-40
MMTI-2025-0407,Makati,Roxas Blvd,Jeepney,Collision,Fatal,Clear,Dry,Unknown,47,Female,4,95500,14.566303,120.970583,2025-12-17 20:34:00,8 PM,Wednesday,December,False,41-60
MMTI-2025-0408,Quezon City,Katipunan Ave,UV Express,Side-swipe,Unknown,Storm,Dry,Unknown,55,Female,4,8500,14.631264,120.958351,2025-05-31 09:10:00,9 AM,Saturday,May,True,41-60
MMTI-2025-0409,Pateros,C5,Car,Pedestrian,Minor,Storm,Slippery,Drunk Driving,57,Male,2,34500,14.502841,120.92231,2025-11-16 00:18:00,12 AM,Sunday,November,True,41-60
MMTI-2025-0410,Pasig,Aurora Blvd,Bus,Rear-end,Fatal,Rain,Wet,Unknown,29,Male,2,12500,14.693469,121.019109,2025-03-31 18:47:00,6 PM,Monday,March,False,26-40
MMTI-2025-0411,Malabon,Taft Ave,Car,Hit and Run,Major,Rain,Unknown,Traffic Violation,21,Male,0,8500,14.53352,120.979749,2025-03-20 15:48:00,3 PM,Thursday,March,False,18-25
MMTI-2025-0412,Quezon City,Quezon Ave,Truck,Hit and Run,Unknown,Storm,Wet,Unknown,18,Male,3,50500,14.635699,121.092353,2025-06-04 15:47:00,3 PM,Wednesday,June,False,18-25
MMTI-2025-0413,Quezon City,Ortigas Ave,Taxi,Hit and Run,Unknown,Rain,Slippery,Traffic Violation,35,Male,0,34500,14.630869,120.978231,2025-12-16 01:06:00,1 AM,Tuesday,December,False,26-40
MMTI-2025-0414,Makati,Quezon Ave,Jeepney,Side-swipe,Major,Storm,Unknown,Overspeeding,61,Male,0,3500,14.58225,121.005053,2025-12-12 23:15:00,11 PM,Friday,December,False,Senior
MMTI-2025-0415,Caloocan,Roxas Blvd,Bus,Rear-end,Minor,Clear,Unknown,Distracted Driving,21,Female,4,83500,14.524358,121.091559,2025-12-17 14:22:00,2 PM,Wednesday,December,False,18-25
MMTI-2025-0416,Navotas,Katipunan Ave,Taxi,Rear-end,Minor,Rain,Wet,Reckless Driving,36,Female,0,11500,14.627756,121.084539,2025-02-14 19:08:00,7 PM,Friday,February,False,26-40
MMTI-2025-0417,Marikina,Roxas Blvd,Car,Collision,Fatal,Clear,Unknown,Unknown,39,Male,2,35500,14.535586,120.91388,2025-05-22 13:44:00,1 PM,Thursday,May,False,26-40
MMTI-2025-0418,Pasay,Aurora Blvd,Motorcycle,Rear-end,Unknown,Cloudy,Wet,Distracted Driving,46,Male,0,6000,14.514584,121.014269,2025-04-13 19:25:00,7 PM,Sunday,April,True,41-60
MMTI-2025-0419,Pateros,Commonwealth Ave,UV Express,Collision,Minor,Rain,Unknown,Reckless Driving,27,Male,3,75500,14.500741,121.041521,2025-05-09 14:01:00,2 PM,Friday,May,False,26-40
MMTI-2025-0420,Navotas,C5,Jeepney,Rear-end,Minor,Cloudy,Unknown,Distracted Driving,54,Male,2,89000,14.560566,120.911039,2025-09-09 15:27:00,3 PM,Tuesday,September,False,41-60
MMTI-2025-0421,Quezon City,Ortigas Ave,Motorcycle,Hit and Run,Fatal,Rain,Wet,Drunk Driving,53,Male,3,86500,14.538201,121.039176,2025-11-28 02:23:00,2 AM,Friday,November,False,41-60
MMTI-2025-0422,Las Piñas,Aurora Blvd,Motorcycle,Hit and Run,Major,Rain,Dry,Mechanical Failure,19,Female,3,51500,14.512599,121.00811,2025-02-24 20:44:00,8 PM,Monday,February,False,18-25
MMTI-2025-0423,Valenzuela,EDSA,Motorcycle,Side-swipe,Minor,Storm,Dry,Unknown,25,Female,0,87000,14.604624,121.088018,2025-06-07 15:34:00,3 PM,Saturday,June,True,18-25
MMTI-2025-0424,Makati,Quezon Ave,Motorcycle,Collision,Major,Cloudy,Dry,Unknown,57,Male,1,91500,14.629757,120.902873,2025-10-02 04:47:00,4 AM,Thursday,October,False,41-60
MMTI-2025-0425,San Juan,C5,Truck,Pedestrian,Major,Clear,Dry,Distracted Driving,25,Female,4,80500,14.544115,121.060891,2025-11-20 01:57:00,1 AM,Thursday,November,False,18-25
MMTI-2025-0426,Navotas,Ortigas Ave,Motorcycle,Pedestrian,Unknown,Rain,Slippery,Mechanical Failure,66,Male,4,24000,14.567101,120.924149,2025-08-07 10:51:00,10 AM,Thursday,August,False,Senior
MMTI-2025-0427,Las Piñas,España Blvd,Car,Hit and Run,Major,Clear,Dry,Drunk Driving,24,Female,1,4000,14.675925,120.916145,2025-03-14 13:10:00,1 PM,Friday,March,False,18-25
MMTI-2025-0428,Makati,Katipunan Ave,Bus,Hit and Run,Unknown,Rain,Wet,Mechanical Failure,27,Male,4,59500,14.582406,121.087618,2025-01-04 05:59:00,5 AM,Saturday,January,True,26-40
MMTI-2025-0429,Pasig,Commonwealth Ave,UV Express,Hit and Run,Unknown,Clear,Slippery,Traffic Violation,44,Male,4,32000,14.538381,121.097321,2025-11-09 22:02:00,10 PM,Sunday,November,True,41-60
MMTI-2025-0430,Quezon City,España Blvd,Car,Hit and Run,Major,Storm,Dry,Mechanical Failure,25,Female,0,62500,14.599503,120.931952,2025-02-18 19:23:00,7 PM,Tuesday,February,False,18-25
MMTI-2025-0431,Las Piñas,Roxas Blvd,Car,Hit and Run,Fatal,Storm,Unknown,Unknown,20,Male,0,8500,14.684972,120.935178,2025-01-23 01:41:00,1 AM,Thursday,January,False,18-25
MMTI-2025-0432,Taguig,C5,Car,Hit and Run,Unknown,Clear,Slippery,Unknown,30,Male,1,16000,14.565226,120.919613,2025-01-15 15:32:00,3 PM,Wednesday,January,False,26-40
MMTI-2025-0433,Caloocan,C5,Truck,Pedestrian,Unknown,Clear,Unknown,Drunk Driving,31,Female,1,51500,14.574697,120.991548,2025-07-31 06:24:00,6 AM,Thursday,July,False,26-40
MMTI-2025-0434,Mandaluyong,Quezon Ave,Bus,Rear-end,Minor,Rain,Unknown,Overspeeding,35,Female,0,61500,14.591716,120.93424,2025-04-10 20:22:00,8 PM,Thursday,April,False,26-40
MMTI-2025-0435,San Juan,Katipunan Ave,Car,Pedestrian,Major,Clear,Unknown,Mechanical Failure,23,Female,4,64500,14.67244,120.943289,2025-06-25 07:56:00,7 AM,Wednesday,June,False,18-25
MMTI-2025-0436,Manila,Taft Ave,UV Express,Rear-end,Major,Storm,Unknown,Mechanical Failure,55,Female,4,2500,14.583554,120.908845,2025-08-31 14:17:00,2 PM,Sunday,August,True,41-60
MMTI-2025-0437,Manila,EDSA,Truck,Pedestrian,Unknown,Cloudy,Dry,Unknown,49,Female,0,73000,14.650616,121.038632,2025-08-29 23:49:00,11 PM,Friday,August,False,41-60
MMTI-2025-0438,Las Piñas,Roxas Blvd,Car,Collision,Minor,Cloudy,Slippery,Drunk Driving,63,Female,4,97500,14.616732,121.095284,2025-07-28 06:08:00,6 AM,Monday,July,False,Senior
MMTI-2025-0439,Navotas,Commonwealth Ave,Taxi,Side-swipe,Unknown,Rain,Dry,Distracted Driving,42,Male,4,6000,14.559318,121.050578,2025-08-26 04:55:00,4 AM,Tuesday,August,False,41-60
MMTI-2025-0440,Makati,Quezon Ave,Taxi,Collision,Unknown,Storm,Dry,Traffic Violation,21,Male,3,48500,14.593071,120.908175,2025-12-24 19:34:00,7 PM,Wednesday,December,False,18-25
MMTI-2025-0441,Quezon City,C5,Jeepney,Rear-end,Major,Storm,Wet,Distracted Driving,59,Female,0,98000,14.616024,121.091821,2025-07-07 05:41:00,5 AM,Monday,July,False,41-60
MMTI-2025-0442,Caloocan,Ortigas Ave,Bus,Side-swipe,Unknown,Rain,Unknown,Reckless Driving,21,Male,2,46000,14.590482,121.00029,2025-04-18 23:48:00,11 PM,Friday,April,False,18-25
MMTI-2025-0443,Quezon City,España Blvd,Bus,Hit and Run,Unknown,Storm,Dry,Mechanical Failure,47,Male,0,52000,14.679589,120.957675,2025-03-04 15:45:00,3 PM,Tuesday,March,False,41-60
MMTI-2025-0444,Mandaluyong,C5,UV Express,Rear-end,Unknown,Rain,Wet,Overspeeding,36,Female,0,71000,14.686344,120.994781,2025-02-09 03:10:00,3 AM,Sunday,February,True,26-40
MMTI-2025-0445,Manila,Roxas Blvd,Car,Collision,Minor,Rain,Unknown,Traffic Violation,44,Male,0,84500,14.657365,120.99723,2025-08-04 14:47:00,2 PM,Monday,August,False,41-60
MMTI-2025-0446,Quezon City,Aurora Blvd,Truck,Side-swipe,Unknown,Rain,Slippery,Drunk Driving,68,Male,1,63500,14.57438,120.957629,2025-12-07 22:33:00,10 PM,Sunday,December,True,Senior
MMTI-2025-0447,San Juan,Aurora Blvd,Car,Pedestrian,Major,Rain,Unknown,Reckless Driving,29,Female,0,90500,14.680942,121.058891,2025-01-25 04:22:00,4 AM,Saturday,January,True,26-40
MMTI-2025-0448,Quezon City,Ortigas Ave,Jeepney,Rear-end,Unknown,Storm,Slippery,Drunk Driving,31,Male,0,42500,14.695605,120.929589,2025-03-24 07:07:00,7 AM,Monday,March,False,26-40
MMTI-2025-0449,Quezon City,Roxas Blvd,Motorcycle,Collision,Unknown,Cloudy,Wet,Unknown,38,Female,0,96500,14.609229,121.001482,2025-08-18 17:10:00,5 PM,Monday,August,False,26-40
MMTI-2025-0450,Pateros,Roxas Blvd,Taxi,Pedestrian,Major,Clear,Unknown,Traffic Violation,62,Male,0,63000,14.680035,120.927885,2025-11-28 22:18:00,10 PM,Friday,November,False,Senior
MMTI-2025-0451,Manila,Taft Ave,Jeepney,Rear-end,Unknown,Storm,Dry,Traffic Violation,21,Female,4,69000,14.544429,121.087133,2025-10-10 03:19:00,3 AM,Friday,October,False,18-25
MMTI-2025-0452,Makati,España Blvd,Taxi,Hit and Run,Minor,Clear,Unknown,Mechanical Failure,49,Male,4,79000,14.602311,120.91121,2025-05-23 06:01:00,6 AM,Friday,May,False,41-60
MMTI-2025-0453,Pasig,Taft Ave,Bus,Hit and Run,Fatal,Clear,Slippery,Traffic Violation,40,Male,3,73500,14.51752,121.045571,2025-12-08 11:25:00,11 AM,Monday,December,False,26-40
MMTI-2025-0454,Valenzuela,Roxas Blvd,Car,Hit and Run,Unknown,Rain,Unknown,Distracted Driving,27,Female,2,62500,14.697676,121.00506,2025-08-16 23:26:00,11 PM,Saturday,August,True,26-40
MMTI-2025-0455,Makati,Taft Ave,Motorcycle,Collision,Unknown,Rain,Slippery,Unknown,29,Female,0,74500,14.651049,120.927385,2025-06-21 02:59:00,2 AM,Saturday,June,True,26-40
MMTI-2025-0456,Quezon City,Aurora Blvd,Motorcycle,Side-swipe,Unknown,Storm,Unknown,Unknown,32,Male,0,21500,14.552535,121.091205,2025-04-06 12:18:00,12 PM,Sunday,April,True,26-40
MMTI-2025-0457,San Juan,Taft Ave,Car,Hit and Run,Major,Clear,Dry,Reckless Driving,49,Male,4,97000,14.572352,120.996097,2025-11-22 15:07:00,3 PM,Saturday,November,True,41-60
MMTI-2025-0458,Pateros,C5,Bus,Pedestrian,Unknown,Clear,Slippery,Drunk Driving,55,Male,1,42500,14.592209,121.038657,2025-08-12 08:40:00,8 AM,Tuesday,August,False,41-60
MMTI-2025-0459,Mandaluyong,Ortigas Ave,Truck,Side-swipe,Minor,Storm,Slippery,Distracted Driving,50,Female,0,25000,14.652938,121.019752,2025-07-02 05:03:00,5 AM,Wednesday,July,False,41-60
MMTI-2025-0460,Marikina,Roxas Blvd,Bus,Side-swipe,Minor,Clear,Unknown,Traffic Violation,,Female,0,19500,14.603634,120.974603,2025-03-27 17:20:00,5 PM,Thursday,March,False,Unknown
MMTI-2025-0461,Pasay,C5,Car,Rear-end,Unknown,Rain,Wet,Distracted Driving,44,Female,0,16500,14.663769,121.084682,2025-09-06 13:21:00,1 PM,Saturday,September,True,41-60
MMTI-2025-0462,Las Piñas,Commonwealth Ave,Taxi,Hit and Run,Unknown,Clear,Slippery,Drunk Driving,63,Male,0,97000,14.662915,120.944472,2025-09-03 11:19:00,11 AM,Wednesday,September,False,Senior
MMTI-2025-0463,Caloocan,Roxas Blvd,Car,Rear-end,Major,Clear,Unknown,Distracted Driving,22,Male,3,98500,14.586249,120.93927,2025-12-22 04:44:00,4 AM,Monday,December,False,18-25
MMTI-2025-0464,Makati,EDSA,Truck,Collision,Fatal,Clear,Dry,Reckless Driving,60,Male,0,17500,14.68402,120.94108,2025-01-17 21:32:00,9 PM,Friday,January,False,41-60
MMTI-2025-0465,Las Piñas,EDSA,Motorcycle,Rear-end,Fatal,Clear,Slippery,Traffic Violation,28,Female,4,74500,14.513667,121.063917,2025-04-13 05:42:00,5 AM,Sunday,April,True,26-40
MMTI-2025-0466,Parañaque,Roxas Blvd,Car,Pedestrian,Minor,Rain,Dry,Mechanical Failure,50,Female,2,91000,14.617876,120.987933,2025-01-08 16:13:00,4 PM,Wednesday,January,False,41-60
MMTI-2025-0467,Las Piñas,Taft Ave,Truck,Rear-end,Unknown,Rain,Unknown,Distracted Driving,66,Male,0,61500,14.522063,120.927182,2025-02-24 05:53:00,5 AM,Monday,February,False,Senior
MMTI-2025-0468,Quezon City,EDSA,Motorcycle,Side-swipe,Unknown,Clear,Unknown,Reckless Driving,47,Male,0,58500,14.545175,120.981456,2025-07-04 22:18:00,10 PM,Friday,July,False,41-60
MMTI-2025-0469,Makati,Aurora Blvd,UV Express,Side-swipe,Major,Clear,Unknown,Distracted Driving,43,Female,4,86000,14.635304,120.923844,2025-08-08 06:54:00,6 AM,Friday,August,False,41-60
MMTI-2025-0470,Makati,C5,UV Express,Rear-end,Minor,Storm,Wet,Traffic Violation,30,Female,0,31500,14.667622,121.04504,2025-07-22 12:44:00,12 PM,Tuesday,July,False,26-40
MMTI-2025-0471,Makati,Katipunan Ave,Bus,Hit and Run,Fatal,Cloudy,Unknown,Unknown,49,Male,1,,14.590927,120.924438,2025-05-23 22:49:00,10 PM,Friday,May,False,41-60
MMTI-2025-0472,Pasig,EDSA,Motorcycle,Collision,Minor,Cloudy,Dry,Drunk Driving,42,Male,1,40500,14.624393,120.919267,2025-09-08 15:14:00,3 PM,Monday,September,False,41-60
MMTI-2025-0473,Manila,Aurora Blvd,Taxi,Hit and Run,Major,Storm,Unknown,Unknown,50,Male,4,45500,14.661896,121.008106,2025-02-09 21:48:00,9 PM,Sunday,February,True,41-60
MMTI-2025-0474,Taguig,Taft Ave,Truck,Side-swipe,Unknown,Cloudy,Unknown,Overspeeding,20,Female,4,86000,14.672072,120.960609,2025-01-10 01:27:00,1 AM,Friday,January,False,18-25
MMTI-2025-0475,Malabon,Commonwealth Ave,Bus,Hit and Run,Unknown,Clear,Unknown,Unknown,60,Female,3,73500,14.67087,121.001337,2025-12-28 05:31:00,5 AM,Sunday,December,True,41-60
MMTI-2025-0476,Makati,Taft Ave,Jeepney,Side-swipe,Fatal,Storm,Dry,Overspeeding,55,Male,1,48500,14.569775,121.048411,2025-07-20 08:31:00,8 AM,Sunday,July,True,41-60
MMTI-2025-0477,Navotas,C5,Truck,Side-swipe,Fatal,Cloudy,Slippery,Overspeeding,60,Female,1,32000,14.629617,121.018506,2025-01-14 20:21:00,8 PM,Tuesday,January,False,41-60
MMTI-2025-0478,San Juan,C5,Bus,Rear-end,Minor,Clear,Slippery,Overspeeding,47,Female,4,67500,14.680282,120.953324,2025-12-19 02:55:00,2 AM,Friday,December,False,41-60
MMTI-2025-0479,Manila,Ortigas Ave,Truck,Pedestrian,Unknown,Storm,Unknown,Distracted Driving,69,Female,0,90000,14.635022,120.967193,2025-12-23 15:37:00,3 PM,Tuesday,December,False,Senior
MMTI-2025-0480,Pasay,Katipunan Ave,Bus,Side-swipe,Unknown,Rain,Unknown,Distracted Driving,52,Female,2,35500,14.509506,121.099246,2025-09-15 21:21:00,9 PM,Monday,September,False,41-60
MMTI-2025-0481,Makati,Katipunan Ave,Motorcycle,Pedestrian,Fatal,Storm,Dry,Unknown,45,Female,2,11500,14.630307,120.960369,2025-07-25 07:39:00,7 AM,Friday,July,False,41-60
MMTI-2025-0482,Quezon City,Ortigas Ave,Car,Hit and Run,Unknown,Storm,Unknown,Unknown,60,Female,0,82000,14.640666,121.072542,2025-06-03 13:42:00,1 PM,Tuesday,June,False,41-60
MMTI-2025-0483,Valenzuela,Roxas Blvd,UV Express,Pedestrian,Unknown,Cloudy,Unknown,Overspeeding,51,Female,2,61000,14.529549,120.930095,2025-10-23 15:13:00,3 PM,Thursday,October,False,41-60
MMTI-2025-0484,Malabon,Taft Ave,Bus,Collision,Major,Cloudy,Slippery,Reckless Driving,59,Female,2,89500,14.620246,120.981173,2025-12-17 09:54:00,9 AM,Wednesday,December,False,41-60
MMTI-2025-0485,Manila,Quezon Ave,Taxi,Side-swipe,Unknown,Cloudy,Unknown,Unknown,45,Male,1,22000,14.554542,120.905828,2025-02-28 04:12:00,4 AM,Friday,February,False,41-60
MMTI-2025-0486,Pasay,EDSA,UV Express,Hit and Run,Minor,Clear,Dry,Traffic Violation,56,Male,0,54000,14.679355,121.034334,2025-05-23 21:35:00,9 PM,Friday,May,False,41-60
MMTI-2025-0487,Pasig,Quezon Ave,Motorcycle,Pedestrian,Unknown,Clear,Unknown,Reckless Driving,49,Male,1,78500,14.524455,121.061337,2025-02-16 12:53:00,12 PM,Sunday,February,True,41-60
MMTI-2025-0488,Navotas,Quezon Ave,Truck,Rear-end,Major,Clear,Wet,Mechanical Failure,35,Female,3,34500,14.67258,120.911185,2025-06-18 18:47:00,6 PM,Wednesday,June,False,26-40
MMTI-2025-0489,Taguig,Ortigas Ave,Jeepney,Hit and Run,Unknown,Rain,Wet,Reckless Driving,68,Female,2,62500,14.643134,121.064273,2025-10-01 11:44:00,11 AM,Wednesday,October,False,Senior
MMTI-2025-0490,Pasig,EDSA,Taxi,Collision,Major,Storm,Unknown,Unknown,37,Male,0,17500,14.606982,120.947276,2025-01-11 20:57:00,8 PM,Saturday,January,True,26-40
MMTI-2025-0491,Navotas,Roxas Blvd,Bus,Collision,Major,Storm,Wet,Drunk Driving,46,Male,0,54000,14.657863,120.954807,2025-08-15 12:00:00,12 PM,Friday,August,False,41-60
MMTI-2025-0492,Malabon,Ortigas Ave,UV Express,Hit and Run,Minor,Rain,Slippery,Distracted Driving,40,Female,4,95000,14.662686,121.047557,2025-02-11 15:30:00,3 PM,Tuesday,February,False,26-40
MMTI-2025-0493,Quezon City,Commonwealth Ave,UV Express,Hit and Run,Major,Clear,Unknown,Mechanical Failure,58,Male,2,75500,14.516446,120.931564,2025-08-21 22:01:00,10 PM,Thursday,August,False,41-60
MMTI-2025-0494,Pasig,Katipunan Ave,UV Express,Hit and Run,Fatal,Cloudy,Unknown,Drunk Driving,34,Female,0,77500,14.665354,121.059906,2025-09-22 22:49:00,10 PM,Monday,September,False,26-40
MMTI-2025-0495,Las Piñas,Commonwealth Ave,Truck,Hit and Run,Unknown,Rain,Dry,Overspeeding,53,Female,0,61000,14.539653,121.040252,2025-04-12 02:26:00,2 AM,Saturday,April,True,41-60
MMTI-2025-0496,Pasig,Taft Ave,Jeepney,Side-swipe,Major,Clear,Slippery,Drunk Driving,54,Male,0,93500,14.605168,121.054672,2025-03-28 01:25:00,1 AM,Friday,March,False,41-60
MMTI-2025-0497,Taguig,Quezon Ave,UV Express,Rear-end,Major,Storm,Slippery,Unknown,42,Female,3,28000,14.620017,121.099041,2025-08-21 21:31:00,9 PM,Thursday,August,False,41-60
MMTI-2025-0498,Parañaque,Taft Ave,Car,Hit and Run,Major,Clear,Slippery,Reckless Driving,33,Female,1,49000,14.616581,121.029447,2025-05-25 23:43:00,11 PM,Sunday,May,True,26-40
MMTI-2025-0499,Pasig,Ortigas Ave,UV Express,Hit and Run,Major,Rain,Unknown,Unknown,65,Male,0,14000,14.6114,120.910423,2025-02-13 00:30:00,12 AM,Thursday,February,False,Senior
MMTI-2025-0500,Las Piñas,Katipunan Ave,UV Express,Pedestrian,Minor,Clear,Slippery,Unknown,37,Female,0,49000,14.526448,121.078445,2025-05-01 15:58:00,3 PM,Thursday,May,False,26-40
MMTI-2025-0501,Mandaluyong,Commonwealth Ave,Jeepney,Hit and Run,Fatal,Cloudy,Wet,Distracted Driving,38,Female,1,35000,14.523368,120.908832,2025-01-22 18:11:00,6 PM,Wednesday,January,False,26-40
MMTI-2025-0502,Mandaluyong,Ortigas Ave,Truck,Side-swipe,Fatal,Clear,Slippery,Traffic Violation,45,Female,2,96000,14.698913,121.052735,2025-03-07 15:55:00,3 PM,Friday,March,False,41-60
MMTI-2025-0503,Valenzuela,EDSA,Car,Rear-end,Minor,Rain,Wet,Overspeeding,48,Male,1,92000,14.593427,120.923205,2025-03-19 17:54:00,5 PM,Wednesday,March,False,41-60
MMTI-2025-0504,Las Piñas,España Blvd,Truck,Hit and Run,Unknown,Clear,Wet,Distracted Driving,40,Male,1,38000,14.536131,120.933659,2025-09-11 01:28:00,1 AM,Thursday,September,False,26-40
MMTI-2025-0505,Makati,Quezon Ave,Jeepney,Collision,Unknown,Clear,Wet,Unknown,22,Female,3,88500,14.518861,120.965732,2025-09-18 08:36:00,8 AM,Thursday,September,False,18-25
MMTI-2025-0506,Taguig,Taft Ave,Bus,Pedestrian,Minor,Storm,Wet,Overspeeding,23,Female,0,86000,14.595971,121.025671,2025-05-26 21:43:00,9 PM,Monday,May,False,18-25
MMTI-2025-0507,Manila,Ortigas Ave,Motorcycle,Pedestrian,Unknown,Storm,Unknown,Drunk Driving,31,Male,0,38000,14.564634,120.911107,2025-05-18 19:42:00,7 PM,Sunday,May,True,26-40
MMTI-2025-0508,Navotas,C5,Truck,Side-swipe,Major,Rain,Unknown,Distracted Driving,19,Female,1,51500,14.655899,120.956987,2025-02-06 17:38:00,5 PM,Thursday,February,False,18-25
MMTI-2025-0509,San Juan,Aurora Blvd,Taxi,Hit and Run,Fatal,Rain,Unknown,Drunk Driving,40,Male,2,67500,14.539974,120.989088,2025-12-01 04:07:00,4 AM,Monday,December,False,26-40
MMTI-2025-0510,Makati,Katipunan Ave,Truck,Collision,Unknown,Storm,Unknown,Drunk Driving,45,Female,0,7000,14.602668,121.094654,2025-07-18 15:17:00,3 PM,Friday,July,False,41-60
MMTI-2025-0511,Pasig,Aurora Blvd,Jeepney,Pedestrian,Minor,Storm,Unknown,Unknown,23,Female,2,21000,14.696837,121.036863,2025-12-13 07:41:00,7 AM,Saturday,December,True,18-25
MMTI-2025-0512,Malabon,Roxas Blvd,Jeepney,Collision,Unknown,Clear,Dry,Distracted Driving,50,Female,3,14000,14.592931,121.044062,2025-06-03 07:33:00,7 AM,Tuesday,June,False,41-60
MMTI-2025-0513,Makati,C5,Taxi,Pedestrian,Minor,Clear,Unknown,Drunk Driving,68,Female,3,7500,14.516658,121.075351,2025-05-10 11:16:00,11 AM,Saturday,May,True,Senior
MMTI-2025-0514,Valenzuela,Aurora Blvd,Jeepney,Side-swipe,Fatal,Rain,Wet,Drunk Driving,23,Male,0,15500,14.58676,120.903583,2025-06-02 10:37:00,10 AM,Monday,June,False,18-25
MMTI-2025-0515,Pasay,Aurora Blvd,Truck,Hit and Run,Unknown,Rain,Unknown,Reckless Driving,57,Male,0,88000,14.692628,121.03502,2025-07-22 03:00:00,3 AM,Tuesday,July,False,41-60
MMTI-2025-0516,Pasig,EDSA,Car,Collision,Minor,Rain,Wet,Overspeeding,31,Female,0,20500,14.629948,120.987158,2025-06-04 02:08:00,2 AM,Wednesday,June,False,26-40
MMTI-2025-0517,Makati,Roxas Blvd,Taxi,Hit and Run,Major,Cloudy,Unknown,Overspeeding,25,Female,1,96500,14.64052,121.092773,2025-11-17 17:12:00,5 PM,Monday,November,False,18-25
MMTI-2025-0518,Valenzuela,Katipunan Ave,Car,Rear-end,Fatal,Clear,Unknown,Overspeeding,39,Male,0,82500,14.669526,120.986358,2025-08-30 00:55:00,12 AM,Saturday,August,True,26-40
MMTI-2025-0519,Makati,Katipunan Ave,UV Express,Pedestrian,Fatal,Clear,Unknown,Unknown,49,Female,1,93000,14.512141,120.903804,2025-08-01 15:47:00,3 PM,Friday,August,False,41-60
MMTI-2025-0520,Makati,Roxas Blvd,UV Express,Hit and Run,Unknown,Clear,Unknown,Traffic Violation,46,Female,0,22500,14.557602,120.93844,2025-10-23 10:35:00,10 AM,Thursday,October,False,41-60
MMTI-2025-0521,Manila,Quezon Ave,Jeepney,Side-swipe,Unknown,Rain,Unknown,Drunk Driving,36,Female,3,88000,14.6305,120.972051,2025-06-26 14:14:00,2 PM,Thursday,June,False,26-40
MMTI-2025-0522,Parañaque,Roxas Blvd,UV Express,Collision,Unknown,Rain,Wet,Mechanical Failure,28,Female,0,55000,14.688611,120.998745,2025-08-30 05:39:00,5 AM,Saturday,August,True,26-40
MMTI-2025-0523,Quezon City,EDSA,Bus,Side-swipe,Fatal,Rain,Wet,Drunk Driving,,Male,0,45000,14.586124,121.023513,2025-05-01 06:35:00,6 AM,Thursday,May,False,Unknown
MMTI-2025-0524,Pateros,Roxas Blvd,Bus,Side-swipe,Minor,Clear,Slippery,Drunk Driving,62,Male,0,8000,14.685326,120.987565,2025-03-03 17:14:00,5 PM,Monday,March,False,Senior
MMTI-2025-0525,Pasig,Katipunan Ave,Taxi,Collision,Unknown,Clear,Unknown,Distracted Driving,28,Male,1,48000,14.531407,120.958425,2025-08-23 03:06:00,3 AM,Saturday,August,True,26-40
MMTI-2025-0526,Taguig,Commonwealth Ave,UV Express,Side-swipe,Fatal,Rain,Dry,Mechanical Failure,46,Female,0,33000,14.666963,120.994733,2025-08-15 16:31:00,4 PM,Friday,August,False,41-60
MMTI-2025-0527,Makati,Roxas Blvd,Bus,Hit and Run,Fatal,Rain,Wet,Drunk Driving,66,Female,1,19500,14.660354,120.982682,2025-05-27 16:10:00,4 PM,Tuesday,May,False,Senior
MMTI-2025-0528,Manila,Ortigas Ave,Motorcycle,Hit and Run,Major,Clear,Unknown,Distracted Driving,23,Male,2,53000,14.696389,120.932865,2025-07-29 14:54:00,2 PM,Tuesday,July,False,18-25
MMTI-2025-0529,Quezon City,Commonwealth Ave,Jeepney,Collision,Unknown,Storm,Unknown,Unknown,61,Male,0,97000,14.562739,120.968831,2025-02-01 12:48:00,12 PM,Saturday,February,True,Senior
MMTI-2025-0530,Pasig,Taft Ave,Truck,Rear-end,Unknown,Clear,Unknown,Unknown,62,Male,0,53500,14.65508,121.076195,2025-05-24 16:39:00,4 PM,Saturday,May,True,Senior
MMTI-2025-0531,Marikina,Taft Ave,UV Express,Rear-end,Unknown,Clear,Slippery,Mechanical Failure,23,Male,4,45500,14.651409,120.932005,2025-02-13 01:34:00,1 AM,Thursday,February,False,18-25
MMTI-2025-0532,Mandaluyong,Quezon Ave,Taxi,Side-swipe,Unknown,Clear,Dry,Overspeeding,41,Male,0,66500,14.570895,120.909547,2025-01-15 17:37:00,5 PM,Wednesday,January,False,41-60
MMTI-2025-0533,San Juan,Katipunan Ave,UV Express,Collision,Unknown,Storm,Wet,Mechanical Failure,40,Male,2,87000,14.656958,121.042971,2025-11-30 03:28:00,3 AM,Sunday,November,True,26-40
MMTI-2025-0534,Navotas,España Blvd,UV Express,Rear-end,Minor,Storm,Unknown,Mechanical Failure,,Male,3,14500,14.529311,120.985138,2025-12-11 04:45:00,4 AM,Thursday,December,False,Unknown
MMTI-2025-0535,Quezon City,Taft Ave,Car,Hit and Run,Major,Cloudy,Dry,Traffic Violation,61,Female,4,73500,14.603789,120.978956,2025-07-30 02:05:00,2 AM,Wednesday,July,False,Senior
MMTI-2025-0536,Malabon,Aurora Blvd,UV Express,Hit and Run,Unknown,Rain,Wet,Drunk Driving,49,Female,1,92000,14.602637,121.005828,2025-05-16 18:31:00,6 PM,Friday,May,False,41-60
MMTI-2025-0537,Pateros,EDSA,UV Express,Rear-end,Unknown,Storm,Dry,Unknown,25,Male,2,75000,14.557918,121.004555,2025-12-22 06:29:00,6 AM,Monday,December,False,18-25
MMTI-2025-0538,Las Piñas,Roxas Blvd,Bus,Hit and Run,Minor,Rain,Wet,Unknown,21,Male,2,29500,14.536615,121.047932,2025-03-02 11:19:00,11 AM,Sunday,March,True,18-25
MMTI-2025-0539,Las Piñas,C5,Taxi,Collision,Unknown,Cloudy,Unknown,Reckless Driving,54,Female,2,50000,14.595046,121.044007,2025-01-02 03:35:00,3 AM,Thursday,January,False,41-60
MMTI-2025-0540,Pasig,España Blvd,UV Express,Hit and Run,Unknown,Rain,Unknown,Drunk Driving,64,Male,0,81500,14.6329,120.981926,2025-11-07 04:48:00,4 AM,Friday,November,False,Senior
MMTI-2025-0541,Quezon City,EDSA,UV Express,Hit and Run,Fatal,Rain,Dry,Drunk Driving,63,Male,4,82500,14.659232,121.04148,2025-04-30 12:21:00,12 PM,Wednesday,April,False,Senior
MMTI-2025-0542,Quezon City,C5,Car,Pedestrian,Unknown,Clear,Dry,Mechanical Failure,66,Female,4,4000,14.524057,121.087236,2025-10-15 20:07:00,8 PM,Wednesday,October,False,Senior
MMTI-2025-0543,Parañaque,Quezon Ave,Taxi,Pedestrian,Unknown,Clear,Unknown,Traffic Violation,43,Male,3,4500,14.567991,120.936102,2025-04-03 00:17:00,12 AM,Thursday,April,False,41-60
MMTI-2025-0544,Navotas,Roxas Blvd,Motorcycle,Collision,Minor,Clear,Wet,Reckless Driving,27,Female,2,,14.517926,120.961359,2025-01-13 16:20:00,4 PM,Monday,January,False,26-40
MMTI-2025-0545,Quezon City,Katipunan Ave,Bus,Rear-end,Minor,Rain,Dry,Reckless Driving,42,Male,2,20000,14.582565,120.964844,2025-07-28 21:10:00,9 PM,Monday,July,False,41-60
MMTI-2025-0546,Parañaque,Quezon Ave,Taxi,Pedestrian,Unknown,Rain,Unknown,Unknown,25,Male,0,42500,14.592965,120.981415,2025-07-12 03:03:00,3 AM,Saturday,July,True,18-25
MMTI-2025-0547,Caloocan,EDSA,Bus,Pedestrian,Unknown,Rain,Dry,Mechanical Failure,66,Female,2,74500,14.581349,120.916782,2025-09-05 00:26:00,12 AM,Friday,September,False,Senior
MMTI-2025-0548,Pasig,Ortigas Ave,Jeepney,Rear-end,Major,Clear,Unknown,Unknown,20,Male,3,81000,14.55785,121.094416,2025-11-22 16:13:00,4 PM,Saturday,November,True,18-25
MMTI-2025-0549,Pateros,Roxas Blvd,Jeepney,Side-swipe,Unknown,Storm,Wet,Reckless Driving,20,Female,0,70000,14.612616,120.960128,2025-01-01 01:59:00,1 AM,Wednesday,January,False,18-25
MMTI-2025-0550,Pasig,España Blvd,Bus,Hit and Run,Major,Clear,Unknown,Traffic Violation,61,Male,0,35000,14.695928,121.041551,2025-07-22 22:07:00,10 PM,Tuesday,July,False,Senior
MMTI-2025-0551,Marikina,Ortigas Ave,Car,Hit and Run,Unknown,Storm,Dry,Drunk Driving,59,Male,4,62500,14.500856,120.901916,2025-05-20 07:42:00,7 AM,Tuesday,May,False,41-60
MMTI-2025-0552,Pateros,Taft Ave,Jeepney,Collision,Minor,Clear,Dry,Unknown,61,Male,2,50000,14.665493,120.971593,2025-03-30 13:35:00,1 PM,Sunday,March,True,Senior
MMTI-2025-0553,Taguig,Aurora Blvd,Bus,Rear-end,Unknown,Clear,Wet,Overspeeding,66,Male,0,92500,14.571564,120.917993,2025-04-01 22:00:00,10 PM,Tuesday,April,False,Senior
MMTI-2025-0554,Caloocan,Quezon Ave,Truck,Side-swipe,Minor,Storm,Unknown,Mechanical Failure,18,Female,0,52500,14.522189,120.95547,2025-11-11 20:19:00,8 PM,Tuesday,November,False,18-25
MMTI-2025-0555,Quezon City,Quezon Ave,UV Express,Pedestrian,Unknown,Clear,Wet,Distracted Driving,55,Female,0,10000,14.525486,121.086713,2025-09-14 15:10:00,3 PM,Sunday,September,True,41-60
MMTI-2025-0556,Mandaluyong,Quezon Ave,Taxi,Collision,Unknown,Clear,Slippery,Unknown,18,Female,0,88000,14.688615,120.910373,2025-04-27 16:46:00,4 PM,Sunday,April,True,18-25
MMTI-2025-0557,Malabon,Roxas Blvd,Motorcycle,Pedestrian,Unknown,Cloudy,Slippery,Overspeeding,64,Female,0,37500,14.683678,121.006482,2025-06-15 13:54:00,1 PM,Sunday,June,True,Senior
MMTI-2025-0558,Parañaque,Ortigas Ave,Motorcycle,Pedestrian,Minor,Rain,Wet,Unknown,22,Female,1,23000,14.565845,120.912569,2025-06-11 00:25:00,12 AM,Wednesday,June,False,18-25
MMTI-2025-0559,Pateros,Taft Ave,Taxi,Collision,Unknown,Rain,Slippery,Reckless Driving,33,Male,3,32500,14.691761,121.066504,2025-11-17 03:01:00,3 AM,Monday,November,False,26-40
MMTI-2025-0560,Caloocan,C5,Taxi,Pedestrian,Unknown,Cloudy,Dry,Unknown,55,Male,0,9500,14.683343,120.975479,2025-06-20 16:50:00,4 PM,Friday,June,False,41-60
MMTI-2025-0561,Pasig,EDSA,Taxi,Hit and Run,Minor,Storm,Unknown,Unknown,22,Male,0,9000,14.611852,120.958983,2025-12-22 02:50:00,2 AM,Monday,December,False,18-25
MMTI-2025-0562,Pasig,Taft Ave,Car,Pedestrian,Unknown,Clear,Unknown,Unknown,47,Female,4,81000,14.520256,121.030184,2025-07-15 12:06:00,12 PM,Tuesday,July,False,41-60
MMTI-2025-0563,Manila,Ortigas Ave,Jeepney,Rear-end,Minor,Clear,Dry,Distracted Driving,55,Female,4,18000,14.627473,120.951257,2025-12-12 00:29:00,12 AM,Friday,December,False,41-60
MMTI-2025-0564,Pasig,Aurora Blvd,Car,Rear-end,Major,Clear,Dry,Drunk Driving,37,Female,4,85000,14.650875,120.962238,2025-08-04 15:46:00,3 PM,Monday,August,False,26-40
MMTI-2025-0565,Pateros,Roxas Blvd,Jeepney,Side-swipe,Fatal,Storm,Dry,Drunk Driving,21,Female,4,73500,14.67174,120.984412,2025-10-05 04:09:00,4 AM,Sunday,October,True,18-25
MMTI-2025-0566,Parañaque,C5,Bus,Rear-end,Unknown,Rain,Unknown,Traffic Violation,55,Male,4,40000,14.583739,120.932456,2025-04-11 06:40:00,6 AM,Friday,April,False,41-60
MMTI-2025-0567,Caloocan,EDSA,UV Express,Rear-end,Major,Cloudy,Unknown,Mechanical Failure,33,Female,0,,14.690518,120.966303,2025-08-21 01:31:00,1 AM,Thursday,August,False,26-40
MMTI-2025-0568,Pasay,EDSA,Bus,Collision,Minor,Storm,Dry,Distracted Driving,27,Male,3,26500,14.626267,121.082542,2025-07-12 06:25:00,6 AM,Saturday,July,True,26-40
MMTI-2025-0569,Parañaque,Quezon Ave,Bus,Rear-end,Major,Storm,Wet,Traffic Violation,53,Female,1,27000,14.504298,121.068576,2025-07-04 01:01:00,1 AM,Friday,July,False,41-60
MMTI-2025-0570,Pasig,Taft Ave,UV Express,Collision,Fatal,Rain,Slippery,Unknown,33,Male,2,86500,14.534272,121.005385,2025-02-21 00:53:00,12 AM,Friday,February,False,26-40
MMTI-2025-0571,Makati,C5,Car,Rear-end,Major,Rain,Unknown,Unknown,62,Male,2,78500,14.585908,121.027229,2025-11-16 13:56:00,1 PM,Sunday,November,True,Senior
MMTI-2025-0572,Parañaque,España Blvd,Bus,Rear-end,Fatal,Rain,Dry,Reckless Driving,26,Female,1,95000,14.516282,120.994133,2025-01-24 19:37:00,7 PM,Friday,January,False,26-40
MMTI-2025-0573,Pasay,España Blvd,Truck,Pedestrian,Fatal,Cloudy,Unknown,Unknown,29,Male,0,49500,14.605095,120.996659,2025-12-06 19:04:00,7 PM,Saturday,December,True,26-40
MMTI-2025-0574,Makati,Taft Ave,UV Express,Pedestrian,Minor,Rain,Wet,Mechanical Failure,46,Female,3,29500,14.5612,121.077742,2025-09-11 15:17:00,3 PM,Thursday,September,False,41-60
MMTI-2025-0575,Las Piñas,Roxas Blvd,Jeepney,Collision,Major,Clear,Slippery,Unknown,51,Male,1,76500,14.508229,121.002452,2025-10-20 05:59:00,5 AM,Monday,October,False,41-60
MMTI-2025-0576,Valenzuela,Taft Ave,Truck,Side-swipe,Unknown,Storm,Slippery,Unknown,19,Female,3,31500,14.553125,120.915178,2025-06-22 13:28:00,1 PM,Sunday,June,True,18-25
MMTI-2025-0577,Manila,España Blvd,Jeepney,Collision,Fatal,Rain,Dry,Distracted Driving,22,Male,0,71500,14.540061,120.939329,2025-02-12 09:53:00,9 AM,Wednesday,February,False,18-25
MMTI-2025-0578,Mandaluyong,Quezon Ave,UV Express,Pedestrian,Major,Rain,Unknown,Reckless Driving,18,Male,2,46000,14.656626,120.980762,2025-06-18 08:19:00,8 AM,Wednesday,June,False,18-25
MMTI-2025-0579,Manila,Aurora Blvd,UV Express,Pedestrian,Major,Cloudy,Wet,Mechanical Failure,64,Female,3,31500,14.603165,121.057195,2025-07-27 18:48:00,6 PM,Sunday,July,True,Senior
MMTI-2025-0580,Valenzuela,Ortigas Ave,Taxi,Collision,Fatal,Rain,Unknown,Unknown,31,Female,3,73000,14.506021,120.92779,2025-08-28 23:52:00,11 PM,Thursday,August,False,26-40
MMTI-2025-0581,Manila,Aurora Blvd,Taxi,Side-swipe,Fatal,Rain,Unknown,Unknown,61,Female,0,70500,14.559927,121.017391,2025-03-07 09:47:00,9 AM,Friday,March,False,Senior
MMTI-2025-0582,Pasig,Commonwealth Ave,Bus,Pedestrian,Unknown,Clear,Unknown,Unknown,42,Female,3,10000,14.606898,120.937668,2025-10-18 01:59:00,1 AM,Saturday,October,True,41-60
MMTI-2025-0583,Valenzuela,Roxas Blvd,Motorcycle,Rear-end,Minor,Rain,Unknown,Drunk Driving,20,Female,0,25500,14.5398,121.082269,2025-02-25 10:36:00,10 AM,Tuesday,February,False,18-25
MMTI-2025-0584,Caloocan,Roxas Blvd,UV Express,Pedestrian,Minor,Cloudy,Dry,Traffic Violation,51,Male,1,43500,14.671941,120.982172,2025-07-17 09:13:00,9 AM,Thursday,July,False,41-60
MMTI-2025-0585,Quezon City,Taft Ave,Truck,Collision,Unknown,Rain,Wet,Mechanical Failure,37,Female,0,87000,14.594956,121.020742,2025-03-22 03:08:00,3 AM,Saturday,March,True,26-40
MMTI-2025-0586,Manila,Aurora Blvd,Bus,Rear-end,Minor,Rain,Unknown,Distracted Driving,,Female,4,33500,14.605171,121.082061,2025-06-08 18:12:00,6 PM,Sunday,June,True,Unknown
MMTI-2025-0587,Makati,EDSA,UV Express,Collision,Fatal,Rain,Unknown,Traffic Violation,62,Male,3,80000,14.664686,121.069969,2025-09-09 14:29:00,2 PM,Tuesday,September,False,Senior
MMTI-2025-0588,Pasig,Taft Ave,Truck,Hit and Run,Major,Rain,Unknown,Distracted Driving,43,Male,1,22000,14.554755,121.025617,2025-08-01 07:11:00,7 AM,Friday,August,False,41-60
MMTI-2025-0589,Makati,Quezon Ave,Truck,Hit and Run,Unknown,Clear,Slippery,Distracted Driving,66,Male,4,,14.655902,120.982019,2025-05-30 21:58:00,9 PM,Friday,May,False,Senior
MMTI-2025-0590,Manila,EDSA,Truck,Collision,Minor,Rain,Unknown,Unknown,39,Female,1,52500,14.507555,120.950121,2025-03-26 08:13:00,8 AM,Wednesday,March,False,26-40
MMTI-2025-0591,Valenzuela,Aurora Blvd,Truck,Collision,Minor,Clear,Wet,Unknown,26,Female,2,22500,14.534118,120.903613,2025-12-30 04:20:00,4 AM,Tuesday,December,False,26-40
MMTI-2025-0592,Taguig,España Blvd,UV Express,Hit and Run,Major,Clear,Dry,Reckless Driving,27,Female,2,24500,14.543334,120.906889,2025-02-21 05:18:00,5 AM,Friday,February,False,26-40
MMTI-2025-0593,Valenzuela,EDSA,Taxi,Pedestrian,Minor,Cloudy,Slippery,Unknown,21,Male,0,,14.575479,120.940348,2025-12-12 17:13:00,5 PM,Friday,December,False,18-25
MMTI-2025-0594,Caloocan,Quezon Ave,Motorcycle,Collision,Unknown,Clear,Dry,Traffic Violation,,Female,0,87500,14.512634,121.091749,2025-05-08 11:58:00,11 AM,Thursday,May,False,Unknown
MMTI-2025-0595,Pasay,EDSA,Truck,Pedestrian,Minor,Storm,Slippery,Mechanical Failure,57,Female,4,52500,14.687785,120.924161,2025-02-19 21:10:00,9 PM,Wednesday,February,False,41-60
MMTI-2025-0596,Marikina,Commonwealth Ave,Motorcycle,Hit and Run,Fatal,Clear,Unknown,Mechanical Failure,47,Female,0,86000,14.663017,121.029989,2025-04-20 03:22:00,3 AM,Sunday,April,True,41-60
MMTI-2025-0597,Parañaque,Taft Ave,Bus,Pedestrian,Unknown,Clear,Unknown,Drunk Driving,34,Male,4,43500,14.696283,121.039263,2025-07-08 01:04:00,1 AM,Tuesday,July,False,26-40
MMTI-2025-0598,Marikina,Commonwealth Ave,UV Express,Side-swipe,Unknown,Clear,Slippery,Overspeeding,56,Female,3,67000,14.628118,120.946485,2025-12-14 22:08:00,10 PM,Sunday,December,True,41-60
MMTI-2025-0599,Caloocan,EDSA,Jeepney,Collision,Fatal,Rain,Unknown,Mechanical Failure,57,Male,0,19500,14.574905,120.959323,2025-10-28 22:00:00,10 PM,Tuesday,October,False,41-60
MMTI-2025-0600,Quezon City,Quezon Ave,UV Express,Pedestrian,Unknown,Rain,Slippery,Drunk Driving,35,Male,0,99000,14.507921,121.058356,2025-03-19 12:13:00,12 PM,Wednesday,March,False,26-40
MMTI-2025-0601,San Juan,EDSA,Car,Side-swipe,Fatal,Rain,Wet,Overspeeding,60,Female,0,91000,14.6439,121.021613,2025-08-01 20:52:00,8 PM,Friday,August,False,41-60
MMTI-2025-0602,Pasay,Aurora Blvd,UV Express,Collision,Minor,Cloudy,Dry,Mechanical Failure,21,Female,1,18000,14.518352,121.018526,2025-07-15 16:20:00,4 PM,Tuesday,July,False,18-25
MMTI-2025-0603,Makati,Taft Ave,UV Express,Hit and Run,Fatal,Rain,Wet,Mechanical Failure,45,Female,4,33500,14.56062,121.015284,2025-04-15 07:32:00,7 AM,Tuesday,April,False,41-60
MMTI-2025-0604,Pateros,C5,Bus,Hit and Run,Unknown,Rain,Unknown,Unknown,45,Female,1,63500,14.503962,120.976284,2025-11-22 06:17:00,6 AM,Saturday,November,True,41-60
MMTI-2025-0605,Quezon City,Commonwealth Ave,Jeepney,Rear-end,Fatal,Cloudy,Unknown,Reckless Driving,47,Male,3,73500,14.621205,120.914388,2025-02-12 09:38:00,9 AM,Wednesday,February,False,41-60
MMTI-2025-0606,Parañaque,Commonwealth Ave,Car,Collision,Minor,Clear,Slippery,Unknown,43,Female,3,97000,14.574629,120.99791,2025-03-11 22:30:00,10 PM,Tuesday,March,False,41-60
MMTI-2025-0607,Malabon,EDSA,Motorcycle,Hit and Run,Unknown,Rain,Wet,Unknown,34,Male,4,92500,14.597724,121.037698,2025-11-25 18:04:00,6 PM,Tuesday,November,False,26-40
MMTI-2025-0608,Navotas,Taft Ave,UV Express,Rear-end,Major,Cloudy,Dry,Traffic Violation,58,Male,0,87000,14.629067,120.952266,2025-12-23 01:41:00,1 AM,Tuesday,December,False,41-60
MMTI-2025-0609,Mandaluyong,Quezon Ave,Jeepney,Pedestrian,Major,Clear,Dry,Distracted Driving,59,Female,3,92000,14.617232,121.080199,2025-08-22 21:09:00,9 PM,Friday,August,False,41-60
MMTI-2025-0610,Malabon,Commonwealth Ave,Taxi,Hit and Run,Fatal,Rain,Slippery,Unknown,55,Male,0,54500,14.650492,121.084864,2025-09-23 06:56:00,6 AM,Tuesday,September,False,41-60
MMTI-2025-0611,Makati,Ortigas Ave,Taxi,Rear-end,Fatal,Rain,Wet,Unknown,62,Male,0,23500,14.663278,120.900316,2025-02-15 03:40:00,3 AM,Saturday,February,True,Senior
MMTI-2025-0612,Manila,Taft Ave,UV Express,Side-swipe,Unknown,Rain,Wet,Traffic Violation,29,Female,1,64000,14.536397,121.089697,2025-02-05 22:26:00,10 PM,Wednesday,February,False,26-40
MMTI-2025-0613,Parañaque,Commonwealth Ave,Car,Collision,Major,Rain,Slippery,Unknown,46,Male,0,23000,14.515962,120.917141,2025-08-19 18:52:00,6 PM,Tuesday,August,False,41-60
MMTI-2025-0614,Marikina,EDSA,Jeepney,Rear-end,Unknown,Cloudy,Dry,Overspeeding,21,Male,0,87000,14.616489,121.097524,2025-03-05 08:04:00,8 AM,Wednesday,March,False,18-25
MMTI-2025-0615,Manila,Taft Ave,Jeepney,Pedestrian,Fatal,Cloudy,Unknown,Traffic Violation,56,Female,2,49000,14.636372,120.968615,2025-02-19 06:33:00,6 AM,Wednesday,February,False,41-60
MMTI-2025-0616,Navotas,Taft Ave,Jeepney,Collision,Fatal,Storm,Dry,Overspeeding,47,Female,0,19500,14.505136,120.924579,2025-06-11 07:23:00,7 AM,Wednesday,June,False,41-60
MMTI-2025-0617,Caloocan,Ortigas Ave,Truck,Pedestrian,Unknown,Clear,Unknown,Mechanical Failure,18,Male,0,83000,14.572041,120.909151,2025-09-29 08:44:00,8 AM,Monday,September,False,18-25
MMTI-2025-0618,Caloocan,Katipunan Ave,Truck,Hit and Run,Unknown,Clear,Slippery,Unknown,48,Male,0,51000,14.558773,120.939015,2025-06-16 21:28:00,9 PM,Monday,June,False,41-60
MMTI-2025-0619,Makati,España Blvd,Motorcycle,Rear-end,Unknown,Clear,Slippery,Unknown,28,Female,0,63500,14.632528,120.94818,2025-03-15 16:56:00,4 PM,Saturday,March,True,26-40
MMTI-2025-0620,Makati,C5,Truck,Collision,Major,Storm,Unknown,Reckless Driving,32,Male,0,62500,14.690301,121.03412,2025-04-19 05:48:00,5 AM,Saturday,April,True,26-40
MMTI-2025-0621,Quezon City,Aurora Blvd,Motorcycle,Side-swipe,Major,Clear,Unknown,Distracted Driving,59,Male,3,93500,14.648594,121.045006,2025-12-07 04:59:00,4 AM,Sunday,December,True,41-60
MMTI-2025-0622,Quezon City,Taft Ave,Taxi,Rear-end,Major,Storm,Dry,Reckless Driving,23,Male,0,45500,14.648116,121.087442,2025-12-01 20:50:00,8 PM,Monday,December,False,18-25
MMTI-2025-0623,Pasig,Ortigas Ave,Truck,Pedestrian,Minor,Storm,Dry,Mechanical Failure,42,Female,2,,14.573005,121.03586,2025-03-01 18:23:00,6 PM,Saturday,March,True,41-60
MMTI-2025-0624,Pasig,Katipunan Ave,Car,Collision,Unknown,Clear,Unknown,Unknown,38,Female,2,30000,14.599967,120.991157,2025-03-06 16:42:00,4 PM,Thursday,March,False,26-40
MMTI-2025-0625,Quezon City,Katipunan Ave,Bus,Side-swipe,Unknown,Rain,Dry,Reckless Driving,63,Female,0,29500,14.599005,121.040828,2025-11-04 09:09:00,9 AM,Tuesday,November,False,Senior
MMTI-2025-0626,Marikina,Commonwealth Ave,Taxi,Rear-end,Major,Rain,Dry,Drunk Driving,49,Female,2,86000,14.682475,120.931839,2025-07-12 01:51:00,1 AM,Saturday,July,True,41-60
MMTI-2025-0627,Marikina,Taft Ave,UV Express,Hit and Run,Fatal,Cloudy,Unknown,Distracted Driving,51,Male,2,91000,14.684613,121.040222,2025-01-12 17:25:00,5 PM,Sunday,January,True,41-60
MMTI-2025-0628,Pasig,Ortigas Ave,Taxi,Pedestrian,Minor,Rain,Slippery,Unknown,59,Female,4,19500,14.588377,120.996488,2025-10-08 12:06:00,12 PM,Wednesday,October,False,41-60
MMTI-2025-0629,Parañaque,EDSA,Bus,Pedestrian,Minor,Rain,Wet,Unknown,45,Female,0,14000,14.571117,120.994775,2025-03-16 06:13:00,6 AM,Sunday,March,True,41-60
MMTI-2025-0630,Marikina,Katipunan Ave,Truck,Rear-end,Unknown,Rain,Dry,Distracted Driving,33,Female,3,40500,14.637597,121.090911,2025-01-27 03:32:00,3 AM,Monday,January,False,26-40
MMTI-2025-0631,Makati,Aurora Blvd,Taxi,Hit and Run,Fatal,Rain,Unknown,Traffic Violation,18,Male,0,12500,14.52441,121.028282,2025-12-01 23:24:00,11 PM,Monday,December,False,18-25
MMTI-2025-0632,Makati,Katipunan Ave,Jeepney,Hit and Run,Fatal,Rain,Dry,Drunk Driving,42,Female,0,91500,14.586731,121.014285,2025-09-18 07:01:00,7 AM,Thursday,September,False,41-60
MMTI-2025-0633,Quezon City,Commonwealth Ave,Truck,Collision,Unknown,Clear,Unknown,Unknown,22,Male,1,86000,14.67952,120.936133,2025-02-20 10:04:00,10 AM,Thursday,February,False,18-25
MMTI-2025-0634,Manila,España Blvd,Truck,Side-swipe,Minor,Clear,Wet,Mechanical Failure,59,Female,0,73500,14.551352,121.050614,2025-11-03 22:11:00,10 PM,Monday,November,False,41-60
MMTI-2025-0635,San Juan,Ortigas Ave,Jeepney,Rear-end,Unknown,Rain,Dry,Mechanical Failure,37,Male,4,39500,14.631832,120.988984,2025-02-13 03:32:00,3 AM,Thursday,February,False,26-40
MMTI-2025-0636,Marikina,España Blvd,Bus,Pedestrian,Unknown,Clear,Wet,Distracted Driving,60,Male,1,6500,14.537615,120.959942,2025-10-23 15:44:00,3 PM,Thursday,October,False,41-60
MMTI-2025-0637,Quezon City,Quezon Ave,Jeepney,Side-swipe,Fatal,Rain,Unknown,Unknown,22,Male,2,50500,14.629954,120.932664,2025-04-21 04:38:00,4 AM,Monday,April,False,18-25
MMTI-2025-0638,Malabon,Commonwealth Ave,Jeepney,Rear-end,Minor,Rain,Slippery,Mechanical Failure,63,Male,4,86000,14.629554,121.002285,2025-08-22 02:16:00,2 AM,Friday,August,False,Senior
MMTI-2025-0639,Pasig,Ortigas Ave,Taxi,Hit and Run,Unknown,Clear,Unknown,Mechanical Failure,22,Male,0,70000,14.521998,121.009674,2025-03-25 13:52:00,1 PM,Tuesday,March,False,18-25
MMTI-2025-0640,Makati,Ortigas Ave,Bus,Side-swipe,Major,Rain,Slippery,Overspeeding,24,Female,1,50000,14.690357,121.056547,2025-02-03 10:40:00,10 AM,Monday,February,False,18-25
MMTI-2025-0641,San Juan,Katipunan Ave,Taxi,Hit and Run,Minor,Clear,Slippery,Reckless Driving,53,Male,4,14500,14.679314,120.934149,2025-03-05 05:33:00,5 AM,Wednesday,March,False,41-60
MMTI-2025-0642,Quezon City,España Blvd,Jeepney,Hit and Run,Unknown,Clear,Wet,Reckless Driving,18,Female,0,18000,14.528534,121.013512,2025-07-19 05:22:00,5 AM,Saturday,July,True,18-25
MMTI-2025-0643,Las Piñas,Quezon Ave,UV Express,Pedestrian,Unknown,Rain,Unknown,Drunk Driving,46,Male,3,66000,14.557364,121.090523,2025-05-17 01:58:00,1 AM,Saturday,May,True,41-60
MMTI-2025-0644,Caloocan,Roxas Blvd,UV Express,Collision,Fatal,Cloudy,Slippery,Distracted Driving,58,Male,0,95000,14.548007,120.918727,2025-09-24 22:56:00,10 PM,Wednesday,September,False,41-60
MMTI-2025-0645,San Juan,España Blvd,Truck,Collision,Unknown,Rain,Unknown,Drunk Driving,48,Female,4,89500,14.699591,121.077616,2025-10-22 01:05:00,1 AM,Wednesday,October,False,41-60
MMTI-2025-0646,Manila,Katipunan Ave,Car,Collision,Unknown,Rain,Unknown,Traffic Violation,33,Male,4,59000,14.692929,121.034904,2025-12-24 03:25:00,3 AM,Wednesday,December,False,26-40
MMTI-2025-0647,Makati,Ortigas Ave,Taxi,Rear-end,Unknown,Storm,Dry,Unknown,49,Female,1,49500,14.693946,120.967592,2025-09-26 07:11:00,7 AM,Friday,September,False,41-60
MMTI-2025-0648,Quezon City,C5,Bus,Side-swipe,Unknown,Storm,Slippery,Mechanical Failure,18,Female,1,41000,14.685822,121.091827,2025-12-14 07:53:00,7 AM,Sunday,December,True,18-25
MMTI-2025-0649,Valenzuela,Katipunan Ave,Taxi,Hit and Run,Minor,Storm,Dry,Unknown,39,Male,2,15500,14.501031,121.078039,2025-09-21 01:59:00,1 AM,Sunday,September,True,26-40
MMTI-2025-0650,Manila,C5,Truck,Hit and Run,Major,Clear,Unknown,Drunk Driving,44,Male,3,2500,14.531126,121.031327,2025-04-06 12:22:00,12 PM,Sunday,April,True,41-60
MMTI-2025-0651,Las Piñas,Roxas Blvd,Bus,Hit and Run,Major,Clear,Slippery,Distracted Driving,46,Female,1,19500,14.570748,120.986792,2025-04-26 15:25:00,3 PM,Saturday,April,True,41-60
MMTI-2025-0652,Taguig,Quezon Ave,Bus,Collision,Major,Cloudy,Unknown,Traffic Violation,20,Female,0,27000,14.689675,121.09194,2025-07-03 22:12:00,10 PM,Thursday,July,False,18-25
MMTI-2025-0653,Pateros,España Blvd,Truck,Rear-end,Fatal,Cloudy,Unknown,Unknown,26,Male,0,4500,14.525225,120.968824,2025-05-17 03:26:00,3 AM,Saturday,May,True,26-40
MMTI-2025-0654,Quezon City,Ortigas Ave,Truck,Pedestrian,Minor,Cloudy,Unknown,Reckless Driving,36,Female,0,99000,14.58579,121.023523,2025-01-07 21:15:00,9 PM,Tuesday,January,False,26-40
MMTI-2025-0655,Mandaluyong,C5,Taxi,Side-swipe,Major,Rain,Unknown,Mechanical Failure,48,Male,0,95000,14.600467,120.936238,2025-09-19 05:15:00,5 AM,Friday,September,False,41-60
MMTI-2025-0656,Pasig,Quezon Ave,Motorcycle,Rear-end,Unknown,Clear,Slippery,Mechanical Failure,27,Female,0,80500,14.539929,121.07287,2025-10-30 20:40:00,8 PM,Thursday,October,False,26-40
MMTI-2025-0657,San Juan,Quezon Ave,Car,Side-swipe,Unknown,Cloudy,Dry,Unknown,59,Male,2,16000,14.553849,120.956111,2025-07-14 13:33:00,1 PM,Monday,July,False,41-60
MMTI-2025-0658,Caloocan,Ortigas Ave,Motorcycle,Rear-end,Minor,Clear,Dry,Traffic Violation,31,Male,3,37500,14.681696,120.920152,2025-06-29 22:26:00,10 PM,Sunday,June,True,26-40
MMTI-2025-0659,Las Piñas,Ortigas Ave,Bus,Collision,Minor,Rain,Dry,Drunk Driving,39,Male,0,48000,14.648586,121.017782,2025-04-05 08:31:00,8 AM,Saturday,April,True,26-40
MMTI-2025-0660,Mandaluyong,Quezon Ave,Jeepney,Hit and Run,Minor,Clear,Wet,Distracted Driving,20,Female,1,92000,14.589154,120.919727,2025-11-06 11:15:00,11 AM,Thursday,November,False,18-25
MMTI-2025-0661,San Juan,Aurora Blvd,Taxi,Rear-end,Unknown,Rain,Wet,Overspeeding,26,Female,3,72000,14.642321,121.078317,2025-10-07 19:21:00,7 PM,Tuesday,October,False,26-40
MMTI-2025-0662,Las Piñas,Aurora Blvd,UV Express,Collision,Unknown,Clear,Unknown,Unknown,51,Male,1,78500,14.55483,121.093497,2025-10-14 11:57:00,11 AM,Tuesday,October,False,41-60
MMTI-2025-0663,Quezon City,Quezon Ave,UV Express,Hit and Run,Unknown,Rain,Unknown,Distracted Driving,28,Female,4,51000,14.6125,120.978049,2025-05-29 01:36:00,1 AM,Thursday,May,False,26-40
MMTI-2025-0664,Pasay,EDSA,Car,Pedestrian,Major,Clear,Dry,Unknown,50,Male,2,30000,14.559273,120.953703,2025-11-07 08:13:00,8 AM,Friday,November,False,41-60
MMTI-2025-0665,Quezon City,España Blvd,Car,Side-swipe,Minor,Rain,Wet,Reckless Driving,26,Male,0,84000,14.696005,121.097907,2025-03-02 05:14:00,5 AM,Sunday,March,True,26-40
MMTI-2025-0666,Manila,Ortigas Ave,UV Express,Pedestrian,Fatal,Storm,Dry,Reckless Driving,64,Female,3,80000,14.558979,121.097052,2025-04-18 17:07:00,5 PM,Friday,April,False,Senior
MMTI-2025-0667,Las Piñas,Quezon Ave,UV Express,Side-swipe,Major,Storm,Dry,Distracted Driving,64,Female,0,34500,14.674005,121.026861,2025-11-17 00:52:00,12 AM,Monday,November,False,Senior
MMTI-2025-0668,Valenzuela,Quezon Ave,Bus,Side-swipe,Major,Clear,Unknown,Drunk Driving,46,Female,0,94500,14.586781,120.929667,2025-10-10 06:52:00,6 AM,Friday,October,False,41-60
MMTI-2025-0669,Pasay,Aurora Blvd,Car,Rear-end,Major,Clear,Unknown,Drunk Driving,59,Male,0,41500,14.532584,120.935547,2025-09-03 02:31:00,2 AM,Wednesday,September,False,41-60
MMTI-2025-0670,Parañaque,C5,Car,Collision,Unknown,Rain,Unknown,Unknown,24,Female,0,98000,14.661599,121.020659,2025-07-21 21:38:00,9 PM,Monday,July,False,18-25
MMTI-2025-0671,Taguig,EDSA,Taxi,Collision,Major,Rain,Dry,Reckless Driving,27,Male,0,15500,14.608474,121.063651,2025-07-13 12:01:00,12 PM,Sunday,July,True,26-40
MMTI-2025-0672,Pasig,Aurora Blvd,Taxi,Pedestrian,Unknown,Rain,Slippery,Traffic Violation,48,Female,1,9000,14.608705,120.953491,2025-12-29 02:12:00,2 AM,Monday,December,False,41-60
MMTI-2025-0673,Quezon City,C5,Jeepney,Side-swipe,Minor,Clear,Unknown,Drunk Driving,18,Female,0,31000,14.585427,120.929475,2025-10-06 03:01:00,3 AM,Monday,October,False,18-25
MMTI-2025-0674,Navotas,C5,Truck,Rear-end,Minor,Rain,Dry,Reckless Driving,40,Male,4,44500,14.52367,121.084664,2025-12-02 09:14:00,9 AM,Tuesday,December,False,26-40
MMTI-2025-0675,Pasig,Commonwealth Ave,Truck,Pedestrian,Fatal,Clear,Wet,Unknown,27,Male,4,38500,14.569677,120.920785,2025-02-13 01:38:00,1 AM,Thursday,February,False,26-40
MMTI-2025-0676,Mandaluyong,C5,Taxi,Collision,Major,Rain,Wet,Traffic Violation,27,Female,3,94000,14.65937,121.095268,2025-09-13 21:23:00,9 PM,Saturday,September,True,26-40
MMTI-2025-0677,Malabon,Roxas Blvd,Car,Collision,Fatal,Rain,Wet,Unknown,40,Male,3,56000,14.596258,121.09457,2025-02-04 03:36:00,3 AM,Tuesday,February,False,26-40
MMTI-2025-0678,Pasig,Quezon Ave,Truck,Hit and Run,Unknown,Cloudy,Unknown,Unknown,52,Female,3,12500,14.616193,120.984368,2025-11-05 20:21:00,8 PM,Wednesday,November,False,41-60
MMTI-2025-0679,Caloocan,C5,Car,Side-swipe,Minor,Rain,Dry,Traffic Violation,53,Female,1,16000,14.511915,120.96987,2025-10-23 22:51:00,10 PM,Thursday,October,False,41-60
MMTI-2025-0680,Pasig,España Blvd,Truck,Rear-end,Major,Rain,Dry,Drunk Driving,25,Female,3,95500,14.505269,121.092983,2025-03-13 09:29:00,9 AM,Thursday,March,False,18-25
MMTI-2025-0681,Taguig,Katipunan Ave,Motorcycle,Hit and Run,Unknown,Rain,Dry,Drunk Driving,41,Female,0,33000,14.515413,121.013837,2025-07-10 01:44:00,1 AM,Thursday,July,False,41-60
MMTI-2025-0682,Pasay,Aurora Blvd,UV Express,Rear-end,Unknown,Rain,Slippery,Unknown,44,Male,3,84500,14.639049,120.957354,2025-08-02 04:48:00,4 AM,Saturday,August,True,41-60
MMTI-2025-0683,Quezon City,Katipunan Ave,Taxi,Rear-end,Unknown,Rain,Dry,Unknown,45,Female,4,93000,14.665904,121.08383,2025-03-21 01:56:00,1 AM,Friday,March,False,41-60
MMTI-2025-0684,Caloocan,Taft Ave,Car,Side-swipe,Minor,Clear,Unknown,Drunk Driving,65,Female,3,81000,14.511199,120.978458,2025-09-14 09:45:00,9 AM,Sunday,September,True,Senior
MMTI-2025-0685,Makati,Aurora Blvd,Truck,Side-swipe,Unknown,Cloudy,Wet,Overspeeding,69,Male,0,56000,14.538946,120.92168,2025-10-14 19:53:00,7 PM,Tuesday,October,False,Senior
MMTI-2025-0686,Marikina,EDSA,Car,Side-swipe,Major,Clear,Dry,Distracted Driving,31,Male,2,26000,14.610338,121.027678,2025-02-09 11:38:00,11 AM,Sunday,February,True,26-40
MMTI-2025-0687,Makati,Katipunan Ave,Jeepney,Collision,Unknown,Cloudy,Dry,Overspeeding,38,Male,2,3000,14.696108,121.050336,2025-01-17 07:17:00,7 AM,Friday,January,False,26-40
MMTI-2025-0688,Marikina,Taft Ave,UV Express,Side-swipe,Major,Rain,Dry,Traffic Violation,44,Male,4,21000,14.504737,121.059214,2025-07-23 16:12:00,4 PM,Wednesday,July,False,41-60
MMTI-2025-0689,Quezon City,Roxas Blvd,Car,Rear-end,Unknown,Clear,Dry,Mechanical Failure,31,Female,0,22500,14.698683,121.000324,2025-09-02 18:55:00,6 PM,Tuesday,September,False,26-40
MMTI-2025-0690,Marikina,Aurora Blvd,Taxi,Rear-end,Fatal,Storm,Slippery,Unknown,20,Female,1,28500,14.699402,121.021375,2025-11-08 20:33:00,8 PM,Saturday,November,True,18-25
MMTI-2025-0691,Pateros,C5,Taxi,Collision,Major,Storm,Unknown,Distracted Driving,49,Male,3,42000,14.533944,120.959122,2025-03-20 18:40:00,6 PM,Thursday,March,False,41-60
MMTI-2025-0692,Las Piñas,Ortigas Ave,Motorcycle,Collision,Major,Rain,Unknown,Reckless Driving,48,Male,3,85000,14.684832,121.087966,2025-02-04 08:36:00,8 AM,Tuesday,February,False,41-60
MMTI-2025-0693,Las Piñas,Roxas Blvd,Truck,Hit and Run,Unknown,Rain,Wet,Unknown,41,Male,2,12500,14.63644,121.001188,2025-10-19 15:02:00,3 PM,Sunday,October,True,41-60
MMTI-2025-0694,Pasig,EDSA,UV Express,Rear-end,Unknown,Clear,Wet,Distracted Driving,36,Female,1,74500,14.579856,120.914596,2025-05-15 21:02:00,9 PM,Thursday,May,False,26-40
MMTI-2025-0695,Makati,Ortigas Ave,Truck,Hit and Run,Unknown,Cloudy,Dry,Distracted Driving,29,Male,3,,14.586623,120.980304,2025-07-18 14:42:00,2 PM,Friday,July,False,26-40
MMTI-2025-0696,Pasig,Aurora Blvd,Car,Hit and Run,Minor,Storm,Unknown,Overspeeding,52,Female,3,20500,14.628043,120.964037,2025-02-03 10:21:00,10 AM,Monday,February,False,41-60
MMTI-2025-0697,Navotas,EDSA,Taxi,Side-swipe,Unknown,Cloudy,Wet,Overspeeding,31,Male,0,56000,14.55397,121.027137,2025-01-17 19:49:00,7 PM,Friday,January,False,26-40
MMTI-2025-0698,Mandaluyong,Taft Ave,Motorcycle,Side-swipe,Unknown,Cloudy,Unknown,Mechanical Failure,60,Male,1,8500,14.518488,121.080328,2025-02-12 04:04:00,4 AM,Wednesday,February,False,41-60
MMTI-2025-0699,Parañaque,Ortigas Ave,Truck,Hit and Run,Unknown,Clear,Wet,Unknown,40,Female,0,73500,14.656614,121.019426,2025-06-25 09:10:00,9 AM,Wednesday,June,False,26-40
MMTI-2025-0700,Makati,Katipunan Ave,Car,Side-swipe,Fatal,Clear,Wet,Unknown,27,Female,2,16500,14.658403,121.034789,2025-02-09 23:42:00,11 PM,Sunday,February,True,26-40
MMTI-2025-0701,Manila,Aurora Blvd,Taxi,Rear-end,Unknown,Rain,Unknown,Distracted Driving,20,Female,0,26000,14.584035,121.009217,2025-05-15 16:46:00,4 PM,Thursday,May,False,18-25
MMTI-2025-0702,Parañaque,Ortigas Ave,Car,Rear-end,Unknown,Clear,Slippery,Traffic Violation,19,Male,2,66000,14.66381,120.924949,2025-03-27 19:24:00,7 PM,Thursday,March,False,18-25
MMTI-2025-0703,Malabon,Taft Ave,Bus,Side-swipe,Unknown,Cloudy,Unknown,Traffic Violation,25,Female,3,56500,14.574624,121.010551,2025-09-13 20:29:00,8 PM,Saturday,September,True,18-25
MMTI-2025-0704,Navotas,Roxas Blvd,Taxi,Hit and Run,Fatal,Rain,Unknown,Distracted Driving,23,Male,0,85000,14.503285,121.086499,2025-03-25 17:27:00,5 PM,Tuesday,March,False,18-25
MMTI-2025-0705,Pasig,España Blvd,Motorcycle,Hit and Run,Unknown,Clear,Dry,Reckless Driving,44,Female,1,60000,14.610318,120.9229,2025-02-23 15:47:00,3 PM,Sunday,February,True,41-60
MMTI-2025-0706,Valenzuela,Taft Ave,Taxi,Hit and Run,Minor,Storm,Wet,Reckless Driving,35,Male,2,55000,14.63466,120.900832,2025-08-29 03:22:00,3 AM,Friday,August,False,26-40
MMTI-2025-0707,Manila,Commonwealth Ave,Taxi,Side-swipe,Unknown,Rain,Unknown,Traffic Violation,39,Female,4,57000,14.548366,121.094698,2025-08-01 01:00:00,1 AM,Friday,August,False,26-40
MMTI-2025-0708,Navotas,EDSA,Taxi,Pedestrian,Unknown,Rain,Unknown,Drunk Driving,43,Male,4,22000,14.58748,120.919916,2025-04-09 19:41:00,7 PM,Wednesday,April,False,41-60
MMTI-2025-0709,Makati,Taft Ave,Taxi,Side-swipe,Unknown,Rain,Slippery,Mechanical Failure,23,Male,0,57500,14.502308,121.054006,2025-03-06 16:07:00,4 PM,Thursday,March,False,18-25
MMTI-2025-0710,Quezon City,C5,Jeepney,Hit and Run,Minor,Rain,Wet,Unknown,58,Male,1,32500,14.630505,120.944351,2025-03-20 00:39:00,12 AM,Thursday,March,False,41-60
MMTI-2025-0711,Caloocan,Taft Ave,Taxi,Side-swipe,Minor,Storm,Dry,Drunk Driving,58,Male,0,76000,14.673388,120.922186,2025-04-10 17:53:00,5 PM,Thursday,April,False,41-60
MMTI-2025-0712,Pasig,Roxas Blvd,Bus,Rear-end,Minor,Clear,Unknown,Traffic Violation,31,Female,0,64500,14.659088,120.982749,2025-11-02 03:06:00,3 AM,Sunday,November,True,26-40
MMTI-2025-0713,Parañaque,Taft Ave,Truck,Side-swipe,Unknown,Rain,Wet,Reckless Driving,18,Female,0,74500,14.626243,121.070962,2025-09-07 20:04:00,8 PM,Sunday,September,True,18-25
MMTI-2025-0714,Pateros,Katipunan Ave,Jeepney,Pedestrian,Minor,Rain,Unknown,Reckless Driving,25,Female,4,5500,14.607191,121.003599,2025-03-02 10:22:00,10 AM,Sunday,March,True,18-25
MMTI-2025-0715,Las Piñas,C5,Car,Collision,Fatal,Rain,Wet,Distracted Driving,64,Female,2,37000,14.596315,121.090646,2025-03-20 06:55:00,6 AM,Thursday,March,False,Senior
MMTI-2025-0716,San Juan,Aurora Blvd,UV Express,Hit and Run,Unknown,Clear,Unknown,Mechanical Failure,34,Female,1,89500,14.669207,121.043479,2025-06-28 22:35:00,10 PM,Saturday,June,True,26-40
MMTI-2025-0717,Makati,Roxas Blvd,Car,Rear-end,Unknown,Cloudy,Unknown,Unknown,56,Male,2,81500,14.521512,120.976609,2025-07-21 03:37:00,3 AM,Monday,July,False,41-60
MMTI-2025-0718,Las Piñas,C5,Truck,Rear-end,Minor,Clear,Slippery,Unknown,36,Male,3,5500,14.52293,121.061808,2025-04-13 18:22:00,6 PM,Sunday,April,True,26-40
MMTI-2025-0719,Caloocan,C5,Car,Side-swipe,Fatal,Rain,Slippery,Distracted Driving,18,Male,0,3000,14.643361,120.942754,2025-08-08 05:22:00,5 AM,Friday,August,False,18-25
MMTI-2025-0720,Caloocan,España Blvd,Motorcycle,Hit and Run,Fatal,Clear,Wet,Mechanical Failure,24,Male,0,79500,14.689254,121.061485,2025-10-18 10:57:00,10 AM,Saturday,October,True,18-25
MMTI-2025-0721,Malabon,Taft Ave,Bus,Side-swipe,Major,Rain,Dry,Unknown,49,Male,2,55500,14.523852,120.990557,2025-12-10 02:36:00,2 AM,Wednesday,December,False,41-60
MMTI-2025-0722,Navotas,Quezon Ave,Jeepney,Collision,Fatal,Clear,Unknown,Overspeeding,47,Male,1,53500,14.507402,121.006693,2025-11-04 10:37:00,10 AM,Tuesday,November,False,41-60
MMTI-2025-0723,Manila,C5,Truck,Collision,Unknown,Rain,Slippery,Reckless Driving,38,Male,3,12000,14.61129,120.962635,2025-09-28 01:21:00,1 AM,Sunday,September,True,26-40
MMTI-2025-0724,San Juan,Aurora Blvd,Truck,Collision,Fatal,Clear,Dry,Overspeeding,32,Male,0,19500,14.521027,120.964572,2025-11-10 01:25:00,1 AM,Monday,November,False,26-40
MMTI-2025-0725,Caloocan,Commonwealth Ave,Motorcycle,Rear-end,Fatal,Clear,Dry,Overspeeding,34,Male,0,8000,14.689429,120.915008,2025-12-19 23:27:00,11 PM,Friday,December,False,26-40
MMTI-2025-0726,Navotas,Roxas Blvd,UV Express,Rear-end,Major,Clear,Unknown,Distracted Driving,26,Male,1,98000,14.616826,121.070031,2025-06-18 22:39:00,10 PM,Wednesday,June,False,26-40
MMTI-2025-0727,Taguig,España Blvd,Jeepney,Rear-end,Unknown,Cloudy,Unknown,Reckless Driving,38,Female,1,13500,14.552762,120.959247,2025-07-31 20:28:00,8 PM,Thursday,July,False,26-40
MMTI-2025-0728,Caloocan,Quezon Ave,UV Express,Collision,Minor,Cloudy,Dry,Mechanical Failure,18,Female,3,51000,14.537583,120.920907,2025-02-12 11:35:00,11 AM,Wednesday,February,False,18-25
MMTI-2025-0729,Manila,España Blvd,Taxi,Side-swipe,Fatal,Rain,Unknown,Drunk Driving,50,Male,1,30000,14.683339,120.977115,2025-04-17 18:48:00,6 PM,Thursday,April,False,41-60
MMTI-2025-0730,Parañaque,Taft Ave,Car,Collision,Fatal,Cloudy,Wet,Reckless Driving,54,Male,1,61000,14.675239,121.049005,2025-08-20 19:32:00,7 PM,Wednesday,August,False,41-60
MMTI-2025-0731,Valenzuela,Commonwealth Ave,Bus,Collision,Unknown,Rain,Unknown,Unknown,40,Male,0,72000,14.516813,120.986295,2025-05-04 00:57:00,12 AM,Sunday,May,True,26-40
MMTI-2025-0732,Malabon,España Blvd,Bus,Collision,Unknown,Storm,Slippery,Distracted Driving,21,Female,0,56000,14.538786,120.93789,2025-03-19 12:32:00,12 PM,Wednesday,March,False,18-25
MMTI-2025-0733,Manila,Katipunan Ave,Truck,Pedestrian,Unknown,Clear,Dry,Mechanical Failure,25,Female,0,8500,14.679012,121.015046,2025-04-01 19:17:00,7 PM,Tuesday,April,False,18-25
MMTI-2025-0734,Taguig,Roxas Blvd,Car,Pedestrian,Unknown,Cloudy,Unknown,Distracted Driving,32,Male,3,28000,14.534206,120.940715,2025-05-03 02:34:00,2 AM,Saturday,May,True,26-40
MMTI-2025-0735,Pasig,Roxas Blvd,UV Express,Collision,Minor,Rain,Unknown,Unknown,65,Male,0,32500,14.534047,121.036288,2025-11-23 09:45:00,9 AM,Sunday,November,True,Senior
MMTI-2025-0736,Valenzuela,Commonwealth Ave,Motorcycle,Hit and Run,Unknown,Storm,Dry,Drunk Driving,34,Male,1,88500,14.652052,120.901947,2025-03-27 05:21:00,5 AM,Thursday,March,False,26-40
MMTI-2025-0737,Manila,Aurora Blvd,Taxi,Rear-end,Unknown,Clear,Dry,Overspeeding,54,Male,1,69000,14.600629,121.050998,2025-06-30 15:37:00,3 PM,Monday,June,False,41-60
MMTI-2025-0738,Marikina,Aurora Blvd,Truck,Side-swipe,Unknown,Storm,Unknown,Reckless Driving,41,Female,0,47000,14.560227,120.966748,2025-02-18 03:19:00,3 AM,Tuesday,February,False,41-60
MMTI-2025-0739,Pasig,Aurora Blvd,Motorcycle,Side-swipe,Unknown,Rain,Dry,Drunk Driving,44,Female,0,20000,14.571439,120.906181,2025-09-23 21:54:00,9 PM,Tuesday,September,False,41-60
MMTI-2025-0740,Malabon,Ortigas Ave,Car,Collision,Major,Cloudy,Dry,Reckless Driving,58,Female,4,24000,14.553062,121.035813,2025-10-23 23:44:00,11 PM,Thursday,October,False,41-60
MMTI-2025-0741,Malabon,Roxas Blvd,Bus,Rear-end,Minor,Clear,Unknown,Traffic Violation,57,Male,3,60000,14.613332,121.058505,2025-06-19 12:37:00,12 PM,Thursday,June,False,41-60
MMTI-2025-0742,Manila,Aurora Blvd,UV Express,Rear-end,Unknown,Rain,Wet,Reckless Driving,57,Female,2,64000,14.557652,121.059957,2025-06-27 09:07:00,9 AM,Friday,June,False,41-60
MMTI-2025-0743,Parañaque,Roxas Blvd,Taxi,Pedestrian,Minor,Clear,Unknown,Reckless Driving,18,Female,2,86500,14.666822,120.90998,2025-01-08 14:02:00,2 PM,Wednesday,January,False,18-25
MMTI-2025-0744,San Juan,España Blvd,UV Express,Pedestrian,Major,Clear,Slippery,Drunk Driving,64,Female,3,76500,14.683652,120.95816,2025-03-12 11:56:00,11 AM,Wednesday,March,False,Senior
MMTI-2025-0745,Las Piñas,Quezon Ave,Taxi,Hit and Run,Unknown,Cloudy,Dry,Reckless Driving,37,Male,1,74000,14.587163,121.075186,2025-01-17 15:59:00,3 PM,Friday,January,False,26-40
MMTI-2025-0746,Parañaque,Roxas Blvd,Car,Hit and Run,Unknown,Rain,Slippery,Reckless Driving,23,Male,4,82000,14.592231,120.936674,2025-10-24 04:43:00,4 AM,Friday,October,False,18-25
MMTI-2025-0747,Manila,Aurora Blvd,UV Express,Side-swipe,Unknown,Rain,Slippery,Unknown,40,Female,3,55500,14.692289,120.992257,2025-08-12 03:08:00,3 AM,Tuesday,August,False,26-40
MMTI-2025-0748,Malabon,C5,Taxi,Rear-end,Unknown,Storm,Wet,Traffic Violation,26,Male,0,98500,14.669021,120.925187,2025-10-14 00:49:00,12 AM,Tuesday,October,False,26-40
MMTI-2025-0749,Manila,Aurora Blvd,Taxi,Collision,Minor,Clear,Slippery,Distracted Driving,39,Male,2,74000,14.596294,120.966262,2025-12-10 00:29:00,12 AM,Wednesday,December,False,26-40
MMTI-2025-0750,Makati,España Blvd,UV Express,Collision,Major,Clear,Wet,Unknown,26,Female,0,83500,14.670451,120.960178,2025-02-01 03:47:00,3 AM,Saturday,February,True,26-40
MMTI-2025-0751,Manila,Aurora Blvd,Jeepney,Rear-end,Minor,Clear,Dry,Drunk Driving,56,Male,4,14000,14.549441,120.920721,2025-06-09 23:59:00,11 PM,Monday,June,False,41-60
MMTI-2025-0752,Navotas,EDSA,Motorcycle,Side-swipe,Unknown,Cloudy,Wet,Mechanical Failure,52,Male,4,89000,14.587826,121.031632,2025-01-13 16:28:00,4 PM,Monday,January,False,41-60
MMTI-2025-0753,Manila,Commonwealth Ave,Car,Rear-end,Major,Clear,Unknown,Mechanical Failure,48,Female,2,39000,14.633507,121.091818,2025-03-05 13:09:00,1 PM,Wednesday,March,False,41-60
MMTI-2025-0754,Mandaluyong,Taft Ave,Truck,Collision,Unknown,Cloudy,Unknown,Drunk Driving,19,Male,3,17000,14.612842,120.902204,2025-09-10 11:42:00,11 AM,Wednesday,September,False,18-25
MMTI-2025-0755,Pasig,Aurora Blvd,Motorcycle,Side-swipe,Major,Cloudy,Unknown,Reckless Driving,18,Female,2,66000,14.671168,121.000641,2025-06-05 01:41:00,1 AM,Thursday,June,False,18-25
MMTI-2025-0756,Navotas,España Blvd,Motorcycle,Rear-end,Major,Storm,Unknown,Traffic Violation,47,Female,2,99500,14.631689,121.084695,2025-06-28 22:33:00,10 PM,Saturday,June,True,41-60
MMTI-2025-0757,Navotas,Aurora Blvd,Jeepney,Rear-end,Unknown,Rain,Unknown,Reckless Driving,26,Male,4,76000,14.569619,121.023495,2025-02-04 20:30:00,8 PM,Tuesday,February,False,26-40
MMTI-2025-0758,Manila,Commonwealth Ave,Car,Collision,Minor,Cloudy,Unknown,Traffic Violation,66,Female,0,32000,14.521086,121.076151,2025-07-26 02:02:00,2 AM,Saturday,July,True,Senior
MMTI-2025-0759,Makati,EDSA,Jeepney,Side-swipe,Minor,Clear,Dry,Unknown,66,Male,4,82500,14.668136,121.08471,2025-07-16 13:59:00,1 PM,Wednesday,July,False,Senior
MMTI-2025-0760,Valenzuela,Taft Ave,Car,Pedestrian,Unknown,Rain,Wet,Reckless Driving,49,Female,0,38500,14.545099,121.048431,2025-06-14 03:44:00,3 AM,Saturday,June,True,41-60
MMTI-2025-0761,Parañaque,C5,Jeepney,Collision,Minor,Rain,Dry,Drunk Driving,18,Male,3,74500,14.609316,120.914393,2025-08-11 16:51:00,4 PM,Monday,August,False,18-25
MMTI-2025-0762,Manila,Aurora Blvd,Car,Rear-end,Unknown,Cloudy,Unknown,Traffic Violation,40,Female,0,58000,14.585502,120.975224,2025-04-05 21:46:00,9 PM,Saturday,April,True,26-40
MMTI-2025-0763,Pasig,España Blvd,Bus,Collision,Minor,Cloudy,Wet,Overspeeding,56,Male,0,30500,14.664266,120.957979,2025-02-06 18:05:00,6 PM,Thursday,February,False,41-60
MMTI-2025-0764,Las Piñas,C5,Taxi,Rear-end,Fatal,Clear,Unknown,Mechanical Failure,51,Male,3,81000,14.51133,121.039504,2025-05-09 12:45:00,12 PM,Friday,May,False,41-60
MMTI-2025-0765,Mandaluyong,EDSA,Motorcycle,Side-swipe,Unknown,Storm,Wet,Traffic Violation,66,Male,1,28000,14.609417,121.046775,2025-02-26 18:30:00,6 PM,Wednesday,February,False,Senior
MMTI-2025-0766,Pateros,C5,Taxi,Pedestrian,Unknown,Rain,Dry,Traffic Violation,22,Female,4,96500,14.622487,120.916119,2025-12-06 01:15:00,1 AM,Saturday,December,True,18-25
MMTI-2025-0767,Mandaluyong,EDSA,Motorcycle,Collision,Unknown,Clear,Wet,Traffic Violation,45,Female,2,31000,14.504289,120.911071,2025-10-10 15:08:00,3 PM,Friday,October,False,41-60
MMTI-2025-0768,Navotas,EDSA,Jeepney,Hit and Run,Minor,Cloudy,Unknown,Drunk Driving,45,Female,4,19500,14.523117,120.923599,2025-04-11 17:38:00,5 PM,Friday,April,False,41-60
MMTI-2025-0769,Parañaque,Ortigas Ave,Truck,Collision,Major,Rain,Dry,Overspeeding,32,Female,0,98000,14.677667,121.058636,2025-11-12 11:22:00,11 AM,Wednesday,November,False,26-40
MMTI-2025-0770,Manila,Quezon Ave,Taxi,Collision,Minor,Clear,Wet,Unknown,29,Male,0,42000,14.569933,121.031042,2025-10-18 01:51:00,1 AM,Saturday,October,True,26-40
MMTI-2025-0771,Pasig,Taft Ave,Truck,Collision,Minor,Clear,Slippery,Mechanical Failure,49,Male,1,58500,14.642627,121.088285,2025-05-06 09:08:00,9 AM,Tuesday,May,False,41-60
MMTI-2025-0772,Caloocan,España Blvd,Bus,Side-swipe,Unknown,Clear,Dry,Overspeeding,40,Female,0,81500,14.597242,120.915689,2025-10-10 09:55:00,9 AM,Friday,October,False,26-40
MMTI-2025-0773,San Juan,España Blvd,Car,Collision,Fatal,Rain,Wet,Overspeeding,33,Female,0,99500,14.590753,120.922848,2025-03-12 16:14:00,4 PM,Wednesday,March,False,26-40
MMTI-2025-0774,Mandaluyong,Katipunan Ave,Truck,Side-swipe,Minor,Clear,Slippery,Unknown,49,Male,3,51000,14.588804,120.94489,2025-09-13 01:17:00,1 AM,Saturday,September,True,41-60
MMTI-2025-0775,Malabon,España Blvd,Motorcycle,Side-swipe,Minor,Clear,Slippery,Overspeeding,56,Male,2,98000,14.618192,121.05145,2025-07-14 05:42:00,5 AM,Monday,July,False,41-60
MMTI-2025-0776,Pasig,Taft Ave,Taxi,Hit and Run,Minor,Clear,Unknown,Unknown,64,Male,4,61000,14.584767,121.043844,2025-06-24 23:53:00,11 PM,Tuesday,June,False,Senior
MMTI-2025-0777,Navotas,Aurora Blvd,UV Express,Rear-end,Major,Clear,Slippery,Reckless Driving,23,Female,4,39500,14.567506,120.97892,2025-09-23 08:10:00,8 AM,Tuesday,September,False,18-25
MMTI-2025-0778,Mandaluyong,Roxas Blvd,Taxi,Pedestrian,Minor,Clear,Slippery,Traffic Violation,34,Female,3,61000,14.503453,120.901774,2025-11-12 08:23:00,8 AM,Wednesday,November,False,26-40
MMTI-2025-0779,Quezon City,Quezon Ave,Truck,Collision,Unknown,Clear,Slippery,Traffic Violation,22,Female,1,35000,14.653195,120.955229,2025-01-19 11:30:00,11 AM,Sunday,January,True,18-25
MMTI-2025-0780,Pasay,Commonwealth Ave,Taxi,Pedestrian,Minor,Rain,Dry,Overspeeding,29,Female,4,42500,14.508391,121.043472,2025-09-11 04:14:00,4 AM,Thursday,September,False,26-40
MMTI-2025-0781,Mandaluyong,EDSA,UV Express,Side-swipe,Unknown,Rain,Dry,Mechanical Failure,40,Male,0,66500,14.588763,121.002207,2025-02-01 22:16:00,10 PM,Saturday,February,True,26-40
MMTI-2025-0782,Makati,Ortigas Ave,Taxi,Hit and Run,Minor,Rain,Unknown,Reckless Driving,27,Male,2,79500,14.657633,120.966997,2025-05-02 06:20:00,6 AM,Friday,May,False,26-40
MMTI-2025-0783,Pateros,Roxas Blvd,Jeepney,Collision,Major,Storm,Dry,Reckless Driving,27,Male,0,79500,14.542296,120.962621,2025-07-28 20:23:00,8 PM,Monday,July,False,26-40
MMTI-2025-0784,Las Piñas,Quezon Ave,Truck,Pedestrian,Minor,Rain,Wet,Unknown,66,Male,0,30500,14.61308,121.099563,2025-09-18 18:45:00,6 PM,Thursday,September,False,Senior
MMTI-2025-0785,Malabon,España Blvd,UV Express,Collision,Unknown,Clear,Unknown,Unknown,60,Female,2,36000,14.539005,121.015049,2025-11-19 17:46:00,5 PM,Wednesday,November,False,41-60
MMTI-2025-0786,Las Piñas,Quezon Ave,Truck,Side-swipe,Minor,Rain,Wet,Unknown,64,Female,2,12000,14.570397,121.001129,2025-05-05 10:15:00,10 AM,Monday,May,False,Senior
MMTI-2025-0787,Pasig,Quezon Ave,Truck,Hit and Run,Major,Clear,Wet,Mechanical Failure,67,Female,0,76500,14.633181,121.021109,2025-07-05 20:30:00,8 PM,Saturday,July,True,Senior
MMTI-2025-0788,Taguig,C5,Truck,Hit and Run,Unknown,Rain,Unknown,Unknown,58,Female,1,60000,14.503102,120.924158,2025-05-27 10:20:00,10 AM,Tuesday,May,False,41-60
MMTI-2025-0789,Pateros,C5,Car,Collision,Unknown,Clear,Wet,Distracted Driving,26,Female,3,47000,14.525491,121.039386,2025-05-15 17:45:00,5 PM,Thursday,May,False,26-40
MMTI-2025-0790,Taguig,Ortigas Ave,Taxi,Side-swipe,Unknown,Clear,Unknown,Distracted Driving,64,Male,0,96500,14.684145,121.089984,2025-05-04 22:18:00,10 PM,Sunday,May,True,Senior
MMTI-2025-0791,Malabon,Roxas Blvd,Taxi,Hit and Run,Major,Rain,Wet,Distracted Driving,27,Male,4,77500,14.573975,121.029881,2025-07-29 20:28:00,8 PM,Tuesday,July,False,26-40
MMTI-2025-0792,Pasay,España Blvd,UV Express,Pedestrian,Fatal,Clear,Wet,Reckless Driving,49,Male,0,74000,14.603536,121.005039,2025-07-14 10:28:00,10 AM,Monday,July,False,41-60
MMTI-2025-0793,Marikina,Taft Ave,Bus,Rear-end,Major,Clear,Wet,Unknown,51,Male,4,80500,14.562873,120.969469,2025-09-18 13:18:00,1 PM,Thursday,September,False,41-60
MMTI-2025-0794,Mandaluyong,Aurora Blvd,Truck,Rear-end,Major,Storm,Slippery,Distracted Driving,32,Male,1,14000,14.541369,121.067758,2025-03-26 03:18:00,3 AM,Wednesday,March,False,26-40
MMTI-2025-0795,Quezon City,España Blvd,Jeepney,Rear-end,Minor,Cloudy,Dry,Traffic Violation,31,Male,4,56500,14.646418,121.004179,2025-03-28 00:38:00,12 AM,Friday,March,False,26-40
MMTI-2025-0796,Taguig,C5,Truck,Hit and Run,Unknown,Storm,Dry,Drunk Driving,35,Male,2,12000,14.648856,120.944488,2025-08-21 09:58:00,9 AM,Thursday,August,False,26-40
MMTI-2025-0797,Manila,Ortigas Ave,Bus,Hit and Run,Unknown,Rain,Dry,Traffic Violation,20,Female,0,92000,14.658839,120.963505,2025-02-08 10:10:00,10 AM,Saturday,February,True,18-25
MMTI-2025-0798,Quezon City,EDSA,Car,Rear-end,Unknown,Cloudy,Wet,Mechanical Failure,34,Female,1,64000,14.662774,121.046712,2025-10-13 21:53:00,9 PM,Monday,October,False,26-40
MMTI-2025-0799,Makati,España Blvd,Taxi,Rear-end,Minor,Cloudy,Dry,Unknown,53,Female,0,24500,14.507763,121.037596,2025-05-25 04:12:00,4 AM,Sunday,May,True,41-60
MMTI-2025-0800,Makati,Quezon Ave,UV Express,Side-swipe,Unknown,Clear,Wet,Reckless Driving,32,Male,0,64000,14.598044,121.026005,2025-11-11 12:40:00,12 PM,Tuesday,November,False,26-40
MMTI-2025-0801,Pateros,Roxas Blvd,Motorcycle,Rear-end,Minor,Storm,Unknown,Unknown,38,Female,0,56000,14.523164,120.992947,2025-11-03 11:34:00,11 AM,Monday,November,False,26-40
MMTI-2025-0802,Las Piñas,Taft Ave,UV Express,Rear-end,Unknown,Cloudy,Unknown,Unknown,61,Female,0,39000,14.553585,120.943021,2025-06-13 21:07:00,9 PM,Friday,June,False,Senior
MMTI-2025-0803,Marikina,Roxas Blvd,UV Express,Side-swipe,Unknown,Cloudy,Unknown,Unknown,43,Male,0,36000,14.597101,120.94379,2025-07-29 01:35:00,1 AM,Tuesday,July,False,41-60
MMTI-2025-0804,Valenzuela,Taft Ave,Car,Pedestrian,Major,Clear,Wet,Distracted Driving,57,Male,1,79000,14.607953,121.090056,2025-11-22 01:19:00,1 AM,Saturday,November,True,41-60
MMTI-2025-0805,Marikina,Ortigas Ave,Taxi,Pedestrian,Minor,Rain,Dry,Mechanical Failure,41,Female,1,70500,14.579105,121.043564,2025-01-11 12:05:00,12 PM,Saturday,January,True,41-60
MMTI-2025-0806,Las Piñas,Ortigas Ave,Truck,Rear-end,Unknown,Rain,Wet,Overspeeding,20,Male,4,15000,14.6003,121.058269,2025-05-29 05:58:00,5 AM,Thursday,May,False,18-25
MMTI-2025-0807,San Juan,EDSA,Car,Rear-end,Minor,Storm,Dry,Unknown,59,Female,1,96500,14.675324,121.072397,2025-01-22 05:18:00,5 AM,Wednesday,January,False,41-60
MMTI-2025-0808,Malabon,EDSA,Motorcycle,Pedestrian,Unknown,Rain,Dry,Unknown,30,Male,2,56000,14.602471,120.904686,2025-02-09 02:32:00,2 AM,Sunday,February,True,26-40
MMTI-2025-0809,Taguig,Roxas Blvd,UV Express,Pedestrian,Unknown,Cloudy,Slippery,Unknown,23,Female,3,73500,14.555712,120.956885,2025-05-21 14:12:00,2 PM,Wednesday,May,False,18-25
MMTI-2025-0810,Caloocan,Taft Ave,Motorcycle,Hit and Run,Unknown,Storm,Unknown,Distracted Driving,46,Female,4,5000,14.57947,120.946423,2025-12-26 17:32:00,5 PM,Friday,December,False,41-60
MMTI-2025-0811,Taguig,Roxas Blvd,Bus,Rear-end,Minor,Clear,Unknown,Drunk Driving,31,Female,4,33500,14.516778,120.980639,2025-07-09 15:36:00,3 PM,Wednesday,July,False,26-40
MMTI-2025-0812,Makati,Quezon Ave,Motorcycle,Hit and Run,Fatal,Cloudy,Slippery,Traffic Violation,27,Male,2,90000,14.613062,120.981307,2025-08-31 16:46:00,4 PM,Sunday,August,True,26-40
MMTI-2025-0813,Parañaque,España Blvd,Taxi,Hit and Run,Unknown,Cloudy,Slippery,Mechanical Failure,38,Female,0,63500,14.602886,121.071731,2025-01-03 08:44:00,8 AM,Friday,January,False,26-40
MMTI-2025-0814,Makati,Taft Ave,Car,Collision,Major,Clear,Dry,Drunk Driving,30,Female,0,6500,14.677101,120.999037,2025-02-11 03:27:00,3 AM,Tuesday,February,False,26-40
MMTI-2025-0815,Pasig,España Blvd,Truck,Hit and Run,Minor,Storm,Dry,Unknown,36,Male,4,43000,14.62302,120.974326,2025-11-17 16:31:00,4 PM,Monday,November,False,26-40
MMTI-2025-0816,San Juan,España Blvd,UV Express,Rear-end,Unknown,Rain,Slippery,Reckless Driving,48,Female,1,44000,14.685416,121.044026,2025-11-29 05:09:00,5 AM,Saturday,November,True,41-60
MMTI-2025-0817,Pateros,EDSA,Bus,Hit and Run,Major,Rain,Unknown,Distracted Driving,18,Male,0,26000,14.539854,120.91877,2025-03-11 05:33:00,5 AM,Tuesday,March,False,18-25
MMTI-2025-0818,Quezon City,Katipunan Ave,Truck,Pedestrian,Major,Clear,Slippery,Mechanical Failure,40,Male,1,37000,14.556838,121.082302,2025-08-23 10:06:00,10 AM,Saturday,August,True,26-40
MMTI-2025-0819,San Juan,Ortigas Ave,Jeepney,Hit and Run,Fatal,Clear,Unknown,Mechanical Failure,22,Female,0,95500,14.543288,120.935665,2025-08-07 18:46:00,6 PM,Thursday,August,False,18-25
MMTI-2025-0820,Manila,Katipunan Ave,UV Express,Hit and Run,Fatal,Clear,Unknown,Reckless Driving,69,Female,1,23500,14.500534,120.946366,2025-10-16 03:08:00,3 AM,Thursday,October,False,Senior
MMTI-2025-0821,Pasig,Commonwealth Ave,Car,Rear-end,Unknown,Clear,Slippery,Distracted Driving,21,Female,4,58000,14.585081,120.994338,2025-04-21 02:59:00,2 AM,Monday,April,False,18-25
MMTI-2025-0822,Taguig,Quezon Ave,Jeepney,Hit and Run,Unknown,Cloudy,Unknown,Traffic Violation,37,Male,4,12000,14.676657,121.068438,2025-06-04 16:48:00,4 PM,Wednesday,June,False,26-40
MMTI-2025-0823,Mandaluyong,Commonwealth Ave,Taxi,Hit and Run,Unknown,Cloudy,Unknown,Reckless Driving,61,Male,4,57500,14.630418,120.935602,2025-03-27 20:53:00,8 PM,Thursday,March,False,Senior
MMTI-2025-0824,Las Piñas,Taft Ave,Car,Pedestrian,Unknown,Rain,Unknown,Traffic Violation,29,Male,1,58500,14.572198,120.938978,2025-07-07 14:49:00,2 PM,Monday,July,False,26-40
MMTI-2025-0825,Taguig,Ortigas Ave,Bus,Pedestrian,Minor,Clear,Slippery,Overspeeding,59,Male,0,63000,14.579659,121.099148,2025-10-28 09:21:00,9 AM,Tuesday,October,False,41-60
MMTI-2025-0826,Quezon City,Katipunan Ave,Taxi,Collision,Unknown,Clear,Unknown,Unknown,29,Female,0,84500,14.650117,121.061486,2025-12-27 08:17:00,8 AM,Saturday,December,True,26-40
MMTI-2025-0827,Pasig,Commonwealth Ave,UV Express,Rear-end,Major,Clear,Unknown,Distracted Driving,21,Female,0,92500,14.512465,120.919495,2025-01-20 11:01:00,11 AM,Monday,January,False,18-25
MMTI-2025-0828,Parañaque,Katipunan Ave,UV Express,Collision,Fatal,Rain,Slippery,Drunk Driving,55,Male,4,3500,14.688109,120.980635,2025-10-06 08:54:00,8 AM,Monday,October,False,41-60
MMTI-2025-0829,Makati,Quezon Ave,Taxi,Pedestrian,Major,Rain,Slippery,Distracted Driving,29,Female,0,37000,14.621706,121.037743,2025-12-08 21:03:00,9 PM,Monday,December,False,26-40
MMTI-2025-0830,Manila,Roxas Blvd,Bus,Pedestrian,Fatal,Clear,Slippery,Unknown,54,Male,4,61000,14.517632,121.083602,2025-07-29 05:40:00,5 AM,Tuesday,July,False,41-60
MMTI-2025-0831,Pasay,Ortigas Ave,Jeepney,Collision,Major,Clear,Wet,Traffic Violation,47,Male,0,33500,14.561556,121.036178,2025-04-04 23:05:00,11 PM,Friday,April,False,41-60
MMTI-2025-0832,Pasig,Roxas Blvd,Motorcycle,Hit and Run,Fatal,Rain,Slippery,Drunk Driving,54,Male,3,30500,14.667055,120.95456,2025-04-08 23:48:00,11 PM,Tuesday,April,False,41-60
MMTI-2025-0833,Mandaluyong,Aurora Blvd,Bus,Collision,Unknown,Storm,Unknown,Traffic Violation,40,Female,0,89500,14.666346,120.907346,2025-04-13 05:18:00,5 AM,Sunday,April,True,26-40
MMTI-2025-0834,Quezon City,Katipunan Ave,Car,Hit and Run,Fatal,Rain,Slippery,Mechanical Failure,39,Male,0,67500,14.654682,120.951643,2025-10-27 12:09:00,12 PM,Monday,October,False,26-40
MMTI-2025-0835,Taguig,España Blvd,UV Express,Rear-end,Unknown,Rain,Unknown,Traffic Violation,41,Female,0,77000,14.680255,120.964474,2025-08-28 08:02:00,8 AM,Thursday,August,False,41-60
MMTI-2025-0836,Manila,Commonwealth Ave,Truck,Hit and Run,Fatal,Storm,Dry,Drunk Driving,40,Male,1,61500,14.609356,121.050409,2025-02-23 20:22:00,8 PM,Sunday,February,True,26-40
MMTI-2025-0837,Makati,Katipunan Ave,UV Express,Hit and Run,Unknown,Cloudy,Wet,Reckless Driving,64,Male,4,45000,14.596512,120.980231,2025-08-13 19:29:00,7 PM,Wednesday,August,False,Senior
MMTI-2025-0838,Manila,C5,Truck,Hit and Run,Fatal,Clear,Unknown,Overspeeding,28,Female,2,78000,14.693047,121.088569,2025-01-21 07:48:00,7 AM,Tuesday,January,False,26-40
MMTI-2025-0839,Pasig,Commonwealth Ave,UV Express,Side-swipe,Minor,Clear,Slippery,Drunk Driving,69,Male,3,52500,14.533068,120.900169,2025-04-12 18:48:00,6 PM,Saturday,April,True,Senior
MMTI-2025-0840,Pasay,Roxas Blvd,Bus,Collision,Major,Rain,Wet,Unknown,23,Female,1,89500,14.61107,121.055122,2025-03-17 06:56:00,6 AM,Monday,March,False,18-25
MMTI-2025-0841,Las Piñas,C5,Truck,Pedestrian,Unknown,Rain,Wet,Unknown,60,Female,3,92000,14.548548,121.08339,2025-01-03 15:10:00,3 PM,Friday,January,False,41-60
MMTI-2025-0842,Pasig,Taft Ave,Taxi,Side-swipe,Fatal,Rain,Unknown,Unknown,52,Male,2,64500,14.633975,121.094045,2025-07-18 04:20:00,4 AM,Friday,July,False,41-60
MMTI-2025-0843,Pasig,Commonwealth Ave,Taxi,Rear-end,Fatal,Storm,Slippery,Overspeeding,57,Female,0,84500,14.546015,120.99999,2025-01-14 07:56:00,7 AM,Tuesday,January,False,41-60
MMTI-2025-0844,Malabon,C5,Bus,Hit and Run,Major,Cloudy,Wet,Reckless Driving,37,Female,0,63500,14.506965,121.091703,2025-01-23 06:19:00,6 AM,Thursday,January,False,26-40
MMTI-2025-0845,Navotas,España Blvd,Taxi,Collision,Unknown,Clear,Slippery,Distracted Driving,59,Female,0,22500,14.563805,121.014936,2025-08-04 05:10:00,5 AM,Monday,August,False,41-60
MMTI-2025-0846,Manila,Aurora Blvd,UV Express,Hit and Run,Unknown,Clear,Slippery,Unknown,34,Male,4,59500,14.600412,121.056201,2025-07-16 21:29:00,9 PM,Wednesday,July,False,26-40
MMTI-2025-0847,Quezon City,Ortigas Ave,Motorcycle,Rear-end,Unknown,Clear,Unknown,Distracted Driving,27,Male,2,92500,14.618031,120.939523,2025-12-31 10:54:00,10 AM,Wednesday,December,False,26-40
MMTI-2025-0848,Valenzuela,Taft Ave,Motorcycle,Hit and Run,Fatal,Clear,Dry,Unknown,47,Male,0,78500,14.637278,120.950465,2025-11-11 23:55:00,11 PM,Tuesday,November,False,41-60
MMTI-2025-0849,Manila,España Blvd,Bus,Rear-end,Fatal,Storm,Unknown,Overspeeding,46,Male,2,83000,14.507123,120.922337,2025-06-22 21:18:00,9 PM,Sunday,June,True,41-60
MMTI-2025-0850,Navotas,Quezon Ave,Car,Collision,Unknown,Clear,Wet,Drunk Driving,58,Female,3,37000,14.569077,120.991606,2025-01-19 17:47:00,5 PM,Sunday,January,True,41-60
MMTI-2025-0851,Manila,Katipunan Ave,Truck,Collision,Minor,Storm,Slippery,Overspeeding,27,Male,3,67500,14.696053,120.915753,2025-11-13 07:58:00,7 AM,Thursday,November,False,26-40
MMTI-2025-0852,Malabon,Taft Ave,Motorcycle,Rear-end,Fatal,Rain,Dry,Unknown,25,Female,4,35000,14.698984,121.023116,2025-11-23 23:19:00,11 PM,Sunday,November,True,18-25
MMTI-2025-0853,Quezon City,Ortigas Ave,Jeepney,Hit and Run,Major,Cloudy,Slippery,Drunk Driving,35,Male,4,53000,14.681949,121.035642,2025-10-04 07:44:00,7 AM,Saturday,October,True,26-40
MMTI-2025-0854,Parañaque,EDSA,Taxi,Hit and Run,Major,Storm,Slippery,Unknown,56,Male,0,30000,14.544965,121.041802,2025-05-20 00:26:00,12 AM,Tuesday,May,False,41-60
MMTI-2025-0855,San Juan,Katipunan Ave,Taxi,Hit and Run,Unknown,Cloudy,Unknown,Traffic Violation,52,Female,3,73000,14.502513,120.968119,2025-04-24 02:39:00,2 AM,Thursday,April,False,41-60
MMTI-2025-0856,Valenzuela,Aurora Blvd,Car,Pedestrian,Major,Rain,Unknown,Reckless Driving,43,Male,0,75000,14.693545,121.026277,2025-06-27 14:09:00,2 PM,Friday,June,False,41-60
MMTI-2025-0857,Parañaque,España Blvd,Bus,Side-swipe,Fatal,Storm,Unknown,Unknown,19,Female,4,76500,14.533347,120.970325,2025-10-15 11:05:00,11 AM,Wednesday,October,False,18-25
MMTI-2025-0858,Manila,Roxas Blvd,Jeepney,Hit and Run,Major,Cloudy,Unknown,Drunk Driving,42,Male,0,52500,14.543661,121.098426,2025-08-09 13:48:00,1 PM,Saturday,August,True,41-60
MMTI-2025-0859,Pasay,Taft Ave,Jeepney,Hit and Run,Fatal,Rain,Unknown,Reckless Driving,38,Male,0,15500,14.632847,121.037369,2025-10-20 09:11:00,9 AM,Monday,October,False,26-40
MMTI-2025-0860,Manila,España Blvd,Jeepney,Hit and Run,Major,Cloudy,Unknown,Unknown,36,Female,1,24500,14.580011,120.900667,2025-11-21 20:20:00,8 PM,Friday,November,False,26-40
MMTI-2025-0861,Pasay,C5,Truck,Pedestrian,Unknown,Cloudy,Unknown,Mechanical Failure,58,Male,4,30500,14.527714,121.023984,2025-06-21 14:41:00,2 PM,Saturday,June,True,41-60
MMTI-2025-0862,Malabon,EDSA,Bus,Pedestrian,Major,Rain,Unknown,Unknown,61,Male,2,4500,14.648593,121.076702,2025-02-11 19:36:00,7 PM,Tuesday,February,False,Senior
MMTI-2025-0863,Manila,Quezon Ave,Taxi,Rear-end,Unknown,Storm,Wet,Drunk Driving,48,Female,2,18500,14.558596,121.078889,2025-12-01 12:35:00,12 PM,Monday,December,False,41-60
MMTI-2025-0864,Valenzuela,Quezon Ave,UV Express,Pedestrian,Unknown,Rain,Wet,Unknown,50,Male,4,44000,14.674417,121.081776,2025-04-16 18:29:00,6 PM,Wednesday,April,False,41-60
MMTI-2025-0865,Makati,EDSA,UV Express,Collision,Unknown,Clear,Unknown,Unknown,22,Female,2,93500,14.607468,121.043159,2025-05-06 14:46:00,2 PM,Tuesday,May,False,18-25
MMTI-2025-0866,Manila,Aurora Blvd,Truck,Collision,Fatal,Cloudy,Dry,Traffic Violation,43,Female,3,17500,14.520725,121.069414,2025-11-07 20:34:00,8 PM,Friday,November,False,41-60
MMTI-2025-0867,Pasay,Ortigas Ave,Truck,Side-swipe,Major,Rain,Unknown,Mechanical Failure,34,Male,2,84000,14.638743,120.991648,2025-10-24 03:46:00,3 AM,Friday,October,False,26-40
MMTI-2025-0868,Caloocan,Roxas Blvd,Bus,Side-swipe,Unknown,Storm,Unknown,Reckless Driving,54,Male,4,6500,14.652265,120.929605,2025-12-30 15:48:00,3 PM,Tuesday,December,False,41-60
MMTI-2025-0869,Las Piñas,Katipunan Ave,Bus,Side-swipe,Fatal,Rain,Wet,Reckless Driving,48,Female,0,39500,14.530888,121.06104,2025-05-28 00:14:00,12 AM,Wednesday,May,False,41-60
MMTI-2025-0870,San Juan,Taft Ave,Bus,Rear-end,Minor,Rain,Unknown,Reckless Driving,27,Male,2,48500,14.644228,121.049091,2025-03-07 04:38:00,4 AM,Friday,March,False,26-40
MMTI-2025-0871,Pasig,Commonwealth Ave,Bus,Rear-end,Unknown,Clear,Slippery,Traffic Violation,42,Female,0,23500,14.674156,120.99641,2025-09-22 12:30:00,12 PM,Monday,September,False,41-60
MMTI-2025-0872,Makati,Ortigas Ave,Car,Side-swipe,Major,Rain,Wet,Reckless Driving,56,Male,0,27000,14.5713,120.991864,2025-09-05 12:00:00,12 PM,Friday,September,False,41-60
MMTI-2025-0873,Manila,Quezon Ave,UV Express,Rear-end,Fatal,Rain,Dry,Unknown,58,Male,2,66500,14.51344,121.010657,2025-11-23 00:53:00,12 AM,Sunday,November,True,41-60
MMTI-2025-0874,Makati,EDSA,Truck,Pedestrian,Unknown,Rain,Wet,Reckless Driving,69,Female,0,85000,14.671505,120.945668,2025-10-01 23:34:00,11 PM,Wednesday,October,False,Senior
MMTI-2025-0875,Pasig,Roxas Blvd,Jeepney,Side-swipe,Minor,Rain,Wet,Distracted Driving,26,Male,0,28500,14.545517,121.017135,2025-08-22 05:02:00,5 AM,Friday,August,False,26-40
MMTI-2025-0876,Taguig,España Blvd,Taxi,Collision,Fatal,Rain,Dry,Mechanical Failure,48,Male,3,12500,14.595207,120.919975,2025-10-25 15:29:00,3 PM,Saturday,October,True,41-60
MMTI-2025-0877,Pateros,Roxas Blvd,Jeepney,Collision,Unknown,Cloudy,Dry,Unknown,67,Female,4,83000,14.622883,120.991251,2025-10-29 06:38:00,6 AM,Wednesday,October,False,Senior
MMTI-2025-0878,Malabon,Katipunan Ave,Bus,Hit and Run,Major,Storm,Unknown,Unknown,50,Male,0,40000,14.55284,121.006438,2025-01-01 08:48:00,8 AM,Wednesday,January,False,41-60
MMTI-2025-0879,Quezon City,España Blvd,Bus,Hit and Run,Minor,Rain,Unknown,Overspeeding,38,Female,3,22500,14.535759,121.052088,2025-06-24 08:43:00,8 AM,Tuesday,June,False,26-40
MMTI-2025-0880,Valenzuela,Ortigas Ave,UV Express,Pedestrian,Major,Rain,Dry,Mechanical Failure,31,Male,4,41000,14.564003,121.00608,2025-12-11 09:06:00,9 AM,Thursday,December,False,26-40
MMTI-2025-0881,Pasig,Quezon Ave,Jeepney,Rear-end,Fatal,Rain,Wet,Unknown,68,Female,1,80000,14.632518,120.965136,2025-02-22 21:19:00,9 PM,Saturday,February,True,Senior
MMTI-2025-0882,Pasig,Taft Ave,Taxi,Side-swipe,Major,Storm,Unknown,Reckless Driving,41,Female,2,44500,14.645342,121.065846,2025-09-22 15:41:00,3 PM,Monday,September,False,41-60
MMTI-2025-0883,Malabon,Katipunan Ave,Truck,Hit and Run,Minor,Cloudy,Dry,Unknown,40,Female,3,,14.554841,121.063707,2025-06-11 14:19:00,2 PM,Wednesday,June,False,26-40
MMTI-2025-0884,Mandaluyong,Roxas Blvd,Taxi,Side-swipe,Minor,Storm,Unknown,Unknown,38,Female,1,81000,14.600589,121.071281,2025-04-14 06:42:00,6 AM,Monday,April,False,26-40
MMTI-2025-0885,Pasay,Ortigas Ave,UV Express,Hit and Run,Unknown,Cloudy,Dry,Unknown,62,Female,1,37500,14.697386,121.017223,2025-02-24 02:15:00,2 AM,Monday,February,False,Senior
MMTI-2025-0886,Marikina,Roxas Blvd,Jeepney,Side-swipe,Unknown,Storm,Dry,Unknown,26,Male,2,95500,14.582755,120.930355,2025-01-31 03:03:00,3 AM,Friday,January,False,26-40
MMTI-2025-0887,Makati,Quezon Ave,Jeepney,Collision,Unknown,Rain,Slippery,Reckless Driving,53,Male,0,4500,14.528094,121.053981,2025-03-19 18:19:00,6 PM,Wednesday,March,False,41-60
MMTI-2025-0888,Marikina,Ortigas Ave,Taxi,Hit and Run,Major,Rain,Slippery,Unknown,32,Female,2,44500,14.539797,121.094288,2025-12-25 22:47:00,10 PM,Thursday,December,False,26-40
MMTI-2025-0889,Manila,Commonwealth Ave,Motorcycle,Hit and Run,Unknown,Cloudy,Unknown,Overspeeding,51,Male,4,49500,14.50324,120.987441,2025-05-13 08:38:00,8 AM,Tuesday,May,False,41-60
MMTI-2025-0890,Marikina,España Blvd,Truck,Side-swipe,Unknown,Storm,Dry,Distracted Driving,54,Male,4,16000,14.606352,121.059718,2025-01-17 16:55:00,4 PM,Friday,January,False,41-60
MMTI-2025-0891,Valenzuela,Katipunan Ave,UV Express,Rear-end,Minor,Rain,Unknown,Reckless Driving,47,Female,0,21000,14.630089,120.914605,2025-02-14 18:59:00,6 PM,Friday,February,False,41-60
MMTI-2025-0892,Valenzuela,España Blvd,Taxi,Hit and Run,Minor,Cloudy,Unknown,Reckless Driving,18,Female,0,3000,14.545046,120.98543,2025-11-28 18:21:00,6 PM,Friday,November,False,18-25
MMTI-2025-0893,Marikina,España Blvd,Truck,Rear-end,Unknown,Storm,Unknown,Drunk Driving,30,Female,1,41000,14.536317,120.905245,2025-05-13 07:37:00,7 AM,Tuesday,May,False,26-40
MMTI-2025-0894,Pasig,España Blvd,Bus,Collision,Fatal,Storm,Wet,Mechanical Failure,30,Male,1,56000,14.698201,120.946596,2025-11-05 01:49:00,1 AM,Wednesday,November,False,26-40
MMTI-2025-0895,Pasig,Aurora Blvd,Motorcycle,Hit and Run,Minor,Cloudy,Wet,Unknown,21,Female,3,53000,14.539728,121.054197,2025-04-22 11:01:00,11 AM,Tuesday,April,False,18-25
MMTI-2025-0896,Pasay,España Blvd,Jeepney,Pedestrian,Minor,Rain,Wet,Distracted Driving,49,Male,0,42500,14.583026,120.942065,2025-10-30 03:05:00,3 AM,Thursday,October,False,41-60
MMTI-2025-0897,Pateros,Roxas Blvd,Jeepney,Collision,Unknown,Clear,Dry,Unknown,69,Female,3,14500,14.570936,121.089146,2025-02-16 16:23:00,4 PM,Sunday,February,True,Senior
MMTI-2025-0898,San Juan,Quezon Ave,UV Express,Collision,Unknown,Cloudy,Dry,Reckless Driving,64,Male,0,20000,14.669483,120.935472,2025-02-03 13:54:00,1 PM,Monday,February,False,Senior
MMTI-2025-0899,Pasig,Commonwealth Ave,UV Express,Hit and Run,Minor,Clear,Unknown,Mechanical Failure,65,Male,2,81000,14.582975,120.931497,2025-01-05 04:33:00,4 AM,Sunday,January,True,Senior
MMTI-2025-0900,Manila,Commonwealth Ave,UV Express,Rear-end,Fatal,Clear,Wet,Overspeeding,49,Female,2,53500,14.625062,121.081796,2025-03-30 05:59:00,5 AM,Sunday,March,True,41-60
MMTI-2025-0901,Manila,EDSA,Bus,Collision,Unknown,Clear,Wet,Unknown,20,Female,4,94000,14.605041,120.931635,2025-05-16 19:20:00,7 PM,Friday,May,False,18-25
MMTI-2025-0902,Caloocan,C5,Truck,Collision,Minor,Cloudy,Unknown,Unknown,52,Female,1,79000,14.661885,120.900144,2025-01-08 11:57:00,11 AM,Wednesday,January,False,41-60
MMTI-2025-0903,Mandaluyong,Commonwealth Ave,Bus,Pedestrian,Fatal,Clear,Dry,Unknown,49,Female,1,30000,14.602947,121.061089,2025-09-01 15:57:00,3 PM,Monday,September,False,41-60
MMTI-2025-0904,Makati,C5,UV Express,Hit and Run,Fatal,Clear,Dry,Mechanical Failure,32,Male,1,95000,14.631874,120.965725,2025-03-15 07:42:00,7 AM,Saturday,March,True,26-40
MMTI-2025-0905,Manila,España Blvd,Jeepney,Side-swipe,Major,Storm,Unknown,Traffic Violation,60,Female,4,96000,14.686925,120.906845,2025-08-25 21:37:00,9 PM,Monday,August,False,41-60
MMTI-2025-0906,Parañaque,Commonwealth Ave,Motorcycle,Rear-end,Minor,Rain,Wet,Unknown,38,Male,4,63500,14.596769,120.96878,2025-07-17 20:03:00,8 PM,Thursday,July,False,26-40
MMTI-2025-0907,Valenzuela,Quezon Ave,Truck,Pedestrian,Fatal,Clear,Unknown,Distracted Driving,65,Male,0,,14.602898,120.96747,2025-11-18 18:25:00,6 PM,Tuesday,November,False,Senior
MMTI-2025-0908,Pateros,España Blvd,Truck,Collision,Fatal,Clear,Slippery,Distracted Driving,68,Male,3,84000,14.505083,121.008664,2025-04-06 08:21:00,8 AM,Sunday,April,True,Senior
MMTI-2025-0909,Taguig,C5,Jeepney,Side-swipe,Major,Storm,Slippery,Unknown,45,Male,4,25000,14.579512,121.08825,2025-02-18 07:29:00,7 AM,Tuesday,February,False,41-60
MMTI-2025-0910,Caloocan,EDSA,Car,Side-swipe,Unknown,Clear,Wet,Overspeeding,69,Male,4,31000,14.638739,121.099435,2025-09-19 06:09:00,6 AM,Friday,September,False,Senior
MMTI-2025-0911,Taguig,Commonwealth Ave,UV Express,Pedestrian,Major,Rain,Wet,Unknown,30,Male,0,53000,14.559299,121.080191,2025-03-27 11:10:00,11 AM,Thursday,March,False,26-40
MMTI-2025-0912,Marikina,Commonwealth Ave,UV Express,Side-swipe,Minor,Clear,Slippery,Reckless Driving,31,Male,0,98500,14.582075,120.928758,2025-08-04 15:29:00,3 PM,Monday,August,False,26-40
MMTI-2025-0913,Pasay,Taft Ave,Truck,Pedestrian,Major,Rain,Slippery,Distracted Driving,32,Male,1,53000,14.524694,121.047931,2025-03-24 07:25:00,7 AM,Monday,March,False,26-40
MMTI-2025-0914,Valenzuela,Commonwealth Ave,UV Express,Side-swipe,Fatal,Clear,Dry,Reckless Driving,51,Male,0,78500,14.594222,121.032084,2025-12-11 04:13:00,4 AM,Thursday,December,False,41-60
MMTI-2025-0915,Pasig,Aurora Blvd,Car,Collision,Fatal,Storm,Dry,Unknown,34,Male,0,61500,14.585182,120.933691,2025-06-02 03:34:00,3 AM,Monday,June,False,26-40
MMTI-2025-0916,Pateros,Roxas Blvd,Car,Pedestrian,Minor,Clear,Unknown,Traffic Violation,33,Female,0,57000,14.584335,121.027612,2025-12-30 22:55:00,10 PM,Tuesday,December,False,26-40
MMTI-2025-0917,Mandaluyong,Roxas Blvd,UV Express,Pedestrian,Fatal,Cloudy,Slippery,Traffic Violation,23,Male,0,93000,14.661198,120.948549,2025-05-24 23:46:00,11 PM,Saturday,May,True,18-25
MMTI-2025-0918,Malabon,Roxas Blvd,Motorcycle,Hit and Run,Unknown,Clear,Unknown,Unknown,56,Female,0,79000,14.52156,121.067641,2025-09-11 07:37:00,7 AM,Thursday,September,False,41-60
MMTI-2025-0919,Taguig,C5,Taxi,Rear-end,Fatal,Clear,Unknown,Unknown,,Female,0,97000,14.507973,121.029418,2025-11-26 03:36:00,3 AM,Wednesday,November,False,Unknown
MMTI-2025-0920,Manila,EDSA,Truck,Hit and Run,Minor,Rain,Unknown,Drunk Driving,19,Male,0,39000,14.684134,121.060379,2025-08-14 14:36:00,2 PM,Thursday,August,False,18-25
MMTI-2025-0921,Las Piñas,Ortigas Ave,Car,Side-swipe,Unknown,Clear,Slippery,Unknown,62,Male,1,28500,14.611696,121.072697,2025-08-22 08:22:00,8 AM,Friday,August,False,Senior
MMTI-2025-0922,Navotas,Ortigas Ave,Taxi,Rear-end,Unknown,Clear,Slippery,Traffic Violation,57,Female,2,41000,14.52026,121.044388,2025-11-28 10:47:00,10 AM,Friday,November,False,41-60
MMTI-2025-0923,Pasig,Aurora Blvd,UV Express,Rear-end,Unknown,Rain,Slippery,Unknown,40,Male,3,48000,14.650954,121.091862,2025-11-24 12:20:00,12 PM,Monday,November,False,26-40
MMTI-2025-0924,Parañaque,Katipunan Ave,Bus,Pedestrian,Unknown,Storm,Unknown,Drunk Driving,43,Male,1,13500,14.518108,121.019594,2025-06-15 00:07:00,12 AM,Sunday,June,True,41-60
MMTI-2025-0925,Mandaluyong,Commonwealth Ave,UV Express,Side-swipe,Unknown,Storm,Unknown,Drunk Driving,42,Male,0,39500,14.622684,121.094149,2025-12-06 12:54:00,12 PM,Saturday,December,True,41-60
MMTI-2025-0926,Quezon City,Quezon Ave,Jeepney,Rear-end,Fatal,Clear,Unknown,Mechanical Failure,62,Female,1,30500,14.588071,121.062305,2025-06-15 07:28:00,7 AM,Sunday,June,True,Senior
MMTI-2025-0927,Caloocan,EDSA,Taxi,Pedestrian,Unknown,Cloudy,Unknown,Mechanical Failure,44,Female,4,76000,14.579923,121.015091,2025-03-16 00:18:00,12 AM,Sunday,March,True,41-60
MMTI-2025-0928,Las Piñas,Roxas Blvd,Truck,Side-swipe,Fatal,Rain,Slippery,Traffic Violation,22,Female,2,91500,14.549379,121.007655,2025-07-18 23:16:00,11 PM,Friday,July,False,18-25
MMTI-2025-0929,Manila,Aurora Blvd,Jeepney,Side-swipe,Minor,Clear,Wet,Traffic Violation,63,Female,3,36000,14.614852,120.91064,2025-03-07 03:58:00,3 AM,Friday,March,False,Senior
MMTI-2025-0930,Makati,Taft Ave,Motorcycle,Rear-end,Minor,Clear,Unknown,Overspeeding,40,Female,0,20500,14.512755,120.970882,2025-11-13 14:31:00,2 PM,Thursday,November,False,26-40
MMTI-2025-0931,Manila,Katipunan Ave,Truck,Hit and Run,Major,Cloudy,Wet,Unknown,37,Male,2,31500,14.613971,121.075194,2025-05-22 18:16:00,6 PM,Thursday,May,False,26-40
MMTI-2025-0932,Quezon City,Katipunan Ave,Bus,Collision,Unknown,Clear,Slippery,Distracted Driving,67,Male,4,10000,14.605954,121.046076,2025-07-28 04:49:00,4 AM,Monday,July,False,Senior
MMTI-2025-0933,Pasay,Commonwealth Ave,Motorcycle,Hit and Run,Minor,Storm,Dry,Distracted Driving,43,Female,3,50500,14.639283,120.927702,2025-04-10 07:38:00,7 AM,Thursday,April,False,41-60
MMTI-2025-0934,San Juan,Ortigas Ave,Car,Hit and Run,Fatal,Cloudy,Dry,Drunk Driving,34,Female,1,31000,14.57024,121.029445,2025-06-25 05:06:00,5 AM,Wednesday,June,False,26-40
MMTI-2025-0935,Taguig,España Blvd,Bus,Collision,Unknown,Clear,Unknown,Overspeeding,61,Male,0,23500,14.500346,121.097026,2025-02-11 10:28:00,10 AM,Tuesday,February,False,Senior
MMTI-2025-0936,Navotas,Roxas Blvd,Motorcycle,Pedestrian,Unknown,Storm,Dry,Drunk Driving,30,Female,1,70500,14.543675,120.96905,2025-01-07 00:20:00,12 AM,Tuesday,January,False,26-40
MMTI-2025-0937,Las Piñas,Katipunan Ave,Car,Hit and Run,Major,Clear,Wet,Unknown,19,Male,4,17000,14.661441,120.962333,2025-12-16 04:38:00,4 AM,Tuesday,December,False,18-25
MMTI-2025-0938,Pasay,Katipunan Ave,Jeepney,Rear-end,Minor,Cloudy,Wet,Drunk Driving,57,Male,3,86000,14.609596,120.977769,2025-05-30 03:22:00,3 AM,Friday,May,False,41-60
MMTI-2025-0939,Quezon City,C5,Bus,Rear-end,Fatal,Rain,Wet,Unknown,30,Female,0,47500,14.511725,121.096469,2025-08-18 03:42:00,3 AM,Monday,August,False,26-40
MMTI-2025-0940,Makati,C5,Taxi,Pedestrian,Minor,Rain,Slippery,Unknown,66,Female,2,43000,14.527095,121.052705,2025-09-03 21:45:00,9 PM,Wednesday,September,False,Senior
MMTI-2025-0941,Navotas,Taft Ave,Truck,Collision,Unknown,Clear,Unknown,Distracted Driving,38,Female,4,51500,14.56118,121.098457,2025-05-30 20:27:00,8 PM,Friday,May,False,26-40
MMTI-2025-0942,Quezon City,España Blvd,Taxi,Collision,Major,Clear,Slippery,Drunk Driving,59,Male,0,8000,14.606858,120.909442,2025-05-28 21:44:00,9 PM,Wednesday,May,False,41-60
MMTI-2025-0943,Las Piñas,España Blvd,Motorcycle,Hit and Run,Unknown,Clear,Wet,Traffic Violation,61,Male,1,14500,14.591447,120.937141,2025-06-05 12:12:00,12 PM,Thursday,June,False,Senior
MMTI-2025-0944,Makati,Quezon Ave,Truck,Rear-end,Unknown,Rain,Unknown,Overspeeding,20,Female,1,90000,14.523266,120.958088,2025-04-24 22:20:00,10 PM,Thursday,April,False,18-25
MMTI-2025-0945,Marikina,Commonwealth Ave,Truck,Rear-end,Fatal,Cloudy,Dry,Drunk Driving,27,Female,4,87500,14.551637,121.084436,2025-05-04 21:52:00,9 PM,Sunday,May,True,26-40
MMTI-2025-0946,San Juan,Quezon Ave,UV Express,Side-swipe,Unknown,Rain,Dry,Unknown,,Female,3,37500,14.668527,120.937899,2025-12-15 18:45:00,6 PM,Monday,December,False,Unknown
MMTI-2025-0947,Manila,Taft Ave,Motorcycle,Hit and Run,Major,Rain,Wet,Distracted Driving,58,Male,0,22000,14.680443,120.997707,2025-09-07 08:38:00,8 AM,Sunday,September,True,41-60
MMTI-2025-0948,Pasay,Roxas Blvd,UV Express,Hit and Run,Fatal,Clear,Slippery,Reckless Driving,54,Male,0,99000,14.52388,121.064575,2025-04-04 17:20:00,5 PM,Friday,April,False,41-60
MMTI-2025-0949,Pateros,Quezon Ave,Car,Pedestrian,Minor,Cloudy,Unknown,Distracted Driving,25,Female,0,51500,14.536896,121.052508,2025-04-14 02:35:00,2 AM,Monday,April,False,18-25
MMTI-2025-0950,Pasig,Ortigas Ave,Truck,Rear-end,Unknown,Clear,Dry,Mechanical Failure,67,Female,0,42500,14.508752,120.902842,2025-02-04 07:27:00,7 AM,Tuesday,February,False,Senior
MMTI-2025-0951,Mandaluyong,Commonwealth Ave,Bus,Hit and Run,Major,Rain,Dry,Unknown,42,Female,2,66500,14.51273,120.936793,2025-03-20 10:55:00,10 AM,Thursday,March,False,41-60
MMTI-2025-0952,Valenzuela,EDSA,Taxi,Hit and Run,Minor,Rain,Unknown,Reckless Driving,53,Female,1,72000,14.692835,120.911343,2025-04-10 10:42:00,10 AM,Thursday,April,False,41-60
MMTI-2025-0953,Manila,España Blvd,Motorcycle,Pedestrian,Major,Rain,Slippery,Traffic Violation,20,Female,0,89500,14.546732,120.976243,2025-12-17 02:26:00,2 AM,Wednesday,December,False,18-25
MMTI-2025-0954,Navotas,Katipunan Ave,Motorcycle,Rear-end,Minor,Clear,Unknown,Distracted Driving,19,Female,4,84500,14.577211,121.037122,2025-10-16 01:52:00,1 AM,Thursday,October,False,18-25
MMTI-2025-0955,Caloocan,Aurora Blvd,Jeepney,Side-swipe,Fatal,Rain,Unknown,Unknown,27,Female,4,48000,14.544768,120.957373,2025-07-18 14:58:00,2 PM,Friday,July,False,26-40
MMTI-2025-0956,Pasay,Ortigas Ave,UV Express,Collision,Unknown,Storm,Wet,Overspeeding,47,Female,0,71000,14.670337,121.097498,2025-03-31 12:16:00,12 PM,Monday,March,False,41-60
MMTI-2025-0957,Parañaque,Taft Ave,Truck,Hit and Run,Unknown,Rain,Unknown,Unknown,42,Female,2,45000,14.565202,120.979777,2025-03-06 20:22:00,8 PM,Thursday,March,False,41-60
MMTI-2025-0958,Parañaque,Quezon Ave,Jeepney,Rear-end,Unknown,Storm,Unknown,Unknown,41,Male,1,52000,14.528266,120.92173,2025-09-29 06:15:00,6 AM,Monday,September,False,41-60
MMTI-2025-0959,Pasig,Taft Ave,Motorcycle,Rear-end,Major,Storm,Unknown,Drunk Driving,60,Female,4,57000,14.536063,120.988596,2025-11-30 14:19:00,2 PM,Sunday,November,True,41-60
MMTI-2025-0960,Makati,Commonwealth Ave,Bus,Pedestrian,Major,Rain,Unknown,Mechanical Failure,27,Female,2,61500,14.54914,121.047693,2025-12-22 06:24:00,6 AM,Monday,December,False,26-40
MMTI-2025-0961,Pasig,España Blvd,UV Express,Collision,Minor,Clear,Dry,Overspeeding,18,Male,2,13500,14.562659,121.080361,2025-09-07 10:39:00,10 AM,Sunday,September,True,18-25
MMTI-2025-0962,Parañaque,Roxas Blvd,Taxi,Collision,Fatal,Clear,Slippery,Unknown,48,Male,0,24000,14.557948,120.9203,2025-04-14 23:09:00,11 PM,Monday,April,False,41-60
MMTI-2025-0963,Pasig,Commonwealth Ave,Truck,Collision,Unknown,Clear,Unknown,Drunk Driving,53,Female,0,37500,14.637993,121.08073,2025-10-15 05:57:00,5 AM,Wednesday,October,False,41-60
MMTI-2025-0964,Valenzuela,C5,Taxi,Collision,Major,Cloudy,Unknown,Unknown,48,Female,0,77000,14.637624,121.06359,2025-02-28 21:09:00,9 PM,Friday,February,False,41-60
MMTI-2025-0965,Pasay,Aurora Blvd,Motorcycle,Hit and Run,Unknown,Storm,Slippery,Distracted Driving,41,Male,1,19000,14.624806,121.035475,2025-08-14 18:36:00,6 PM,Thursday,August,False,41-60
MMTI-2025-0966,Parañaque,Ortigas Ave,Bus,Collision,Fatal,Clear,Unknown,Overspeeding,57,Female,1,48500,14.670251,120.938405,2025-03-18 03:59:00,3 AM,Tuesday,March,False,41-60
MMTI-2025-0967,Manila,Aurora Blvd,Bus,Rear-end,Minor,Rain,Wet,Reckless Driving,34,Female,3,45000,14.508091,121.05,2025-05-24 16:57:00,4 PM,Saturday,May,True,26-40
MMTI-2025-0968,Makati,Ortigas Ave,Jeepney,Collision,Major,Clear,Dry,Overspeeding,37,Female,1,62000,14.576003,120.907197,2025-12-03 14:42:00,2 PM,Wednesday,December,False,26-40
MMTI-2025-0969,Navotas,Ortigas Ave,Bus,Pedestrian,Unknown,Cloudy,Slippery,Drunk Driving,40,Male,4,26500,14.597766,120.953335,2025-12-11 08:44:00,8 AM,Thursday,December,False,26-40
MMTI-2025-0970,Marikina,España Blvd,Motorcycle,Collision,Major,Clear,Wet,Distracted Driving,29,Male,0,21500,14.614382,120.947389,2025-08-19 21:05:00,9 PM,Tuesday,August,False,26-40
MMTI-2025-0971,Manila,Ortigas Ave,Taxi,Pedestrian,Minor,Rain,Unknown,Unknown,58,Male,0,15500,14.622513,120.911233,2025-02-14 02:00:00,2 AM,Friday,February,False,41-60
MMTI-2025-0972,Makati,Commonwealth Ave,Motorcycle,Collision,Minor,Cloudy,Wet,Mechanical Failure,21,Male,3,43000,14.62509,120.938528,2025-03-13 06:58:00,6 AM,Thursday,March,False,18-25
MMTI-2025-0973,Pasig,Commonwealth Ave,Truck,Side-swipe,Unknown,Clear,Unknown,Drunk Driving,50,Male,0,24500,14.694838,120.952652,2025-04-12 22:31:00,10 PM,Saturday,April,True,41-60
MMTI-2025-0974,Taguig,C5,Car,Rear-end,Fatal,Rain,Wet,Unknown,58,Male,4,54500,14.601331,120.957081,2025-10-05 18:12:00,6 PM,Sunday,October,True,41-60
MMTI-2025-0975,Las Piñas,Quezon Ave,Jeepney,Collision,Fatal,Storm,Wet,Distracted Driving,21,Male,3,46000,14.680539,120.912081,2025-08-07 08:52:00,8 AM,Thursday,August,False,18-25
MMTI-2025-0976,Valenzuela,EDSA,UV Express,Collision,Fatal,Clear,Slippery,Distracted Driving,54,Male,0,42500,14.590157,121.048439,2025-08-09 02:43:00,2 AM,Saturday,August,True,41-60
MMTI-2025-0977,San Juan,Aurora Blvd,Bus,Pedestrian,Major,Rain,Unknown,Drunk Driving,20,Male,3,61500,14.675995,120.964874,2025-09-03 11:31:00,11 AM,Wednesday,September,False,18-25
MMTI-2025-0978,Valenzuela,Aurora Blvd,Car,Rear-end,Unknown,Cloudy,Dry,Drunk Driving,68,Male,3,82500,14.529877,120.973142,2025-07-26 14:55:00,2 PM,Saturday,July,True,Senior
MMTI-2025-0979,Pasay,Commonwealth Ave,Jeepney,Rear-end,Major,Clear,Dry,Unknown,48,Female,2,45000,14.539551,120.999464,2025-08-11 21:57:00,9 PM,Monday,August,False,41-60
MMTI-2025-0980,Quezon City,Roxas Blvd,Car,Rear-end,Unknown,Clear,Unknown,Unknown,45,Female,3,87000,14.511952,121.092288,2025-03-23 09:53:00,9 AM,Sunday,March,True,41-60
MMTI-2025-0981,Pateros,Katipunan Ave,Bus,Rear-end,Major,Clear,Unknown,Mechanical Failure,44,Female,0,41000,14.626302,120.967716,2025-02-04 10:45:00,10 AM,Tuesday,February,False,41-60
MMTI-2025-0982,Malabon,Katipunan Ave,Motorcycle,Pedestrian,Major,Clear,Slippery,Traffic Violation,64,Male,0,18000,14.573914,121.094086,2025-06-09 21:39:00,9 PM,Monday,June,False,Senior
MMTI-2025-0983,Las Piñas,Taft Ave,Car,Rear-end,Fatal,Rain,Wet,Traffic Violation,58,Female,2,73000,14.568151,121.058764,2025-02-02 00:28:00,12 AM,Sunday,February,True,41-60
MMTI-2025-0984,Pasig,Ortigas Ave,Taxi,Pedestrian,Major,Rain,Unknown,Mechanical Failure,,Female,3,74000,14.593951,120.903879,2025-12-24 06:57:00,6 AM,Wednesday,December,False,Unknown
MMTI-2025-0985,Pasig,Katipunan Ave,Bus,Collision,Unknown,Cloudy,Unknown,Reckless Driving,22,Female,3,26500,14.658256,120.955242,2025-09-19 03:24:00,3 AM,Friday,September,False,18-25
MMTI-2025-0986,Quezon City,Aurora Blvd,Car,Rear-end,Minor,Storm,Slippery,Unknown,53,Female,2,42500,14.59694,120.962834,2025-03-15 11:54:00,11 AM,Saturday,March,True,41-60
MMTI-2025-0987,Parañaque,Katipunan Ave,Jeepney,Collision,Fatal,Rain,Dry,Mechanical Failure,51,Male,1,50000,14.584598,121.063717,2025-10-02 06:52:00,6 AM,Thursday,October,False,41-60
MMTI-2025-0988,Parañaque,Commonwealth Ave,Bus,Collision,Minor,Rain,Unknown,Distracted Driving,41,Female,1,59000,14.625178,121.011053,2025-01-06 09:16:00,9 AM,Monday,January,False,41-60
MMTI-2025-0989,Marikina,C5,Bus,Hit and Run,Fatal,Rain,Unknown,Unknown,36,Female,4,18000,14.564561,120.903391,2025-11-01 14:48:00,2 PM,Saturday,November,True,26-40
MMTI-2025-0990,Pateros,Ortigas Ave,Car,Side-swipe,Unknown,Clear,Dry,Unknown,59,Male,3,24500,14.565322,121.067215,2025-01-27 10:35:00,10 AM,Monday,January,False,41-60
MMTI-2025-0991,Marikina,Katipunan Ave,Taxi,Pedestrian,Minor,Clear,Dry,Drunk Driving,49,Male,0,19500,14.530314,121.004556,2025-01-18 20:18:00,8 PM,Saturday,January,True,41-60
MMTI-2025-0992,Las Piñas,Ortigas Ave,Bus,Collision,Unknown,Storm,Dry,Unknown,43,Male,4,55000,14.628364,120.979198,2025-05-01 02:48:00,2 AM,Thursday,May,False,41-60
MMTI-2025-0993,Makati,Quezon Ave,Truck,Rear-end,Minor,Storm,Wet,Mechanical Failure,21,Male,0,84000,14.668579,120.945104,2025-03-21 17:52:00,5 PM,Friday,March,False,18-25
MMTI-2025-0994,Caloocan,Commonwealth Ave,Taxi,Rear-end,Unknown,Storm,Slippery,Unknown,66,Female,0,67000,14.653107,120.998445,2025-01-22 01:14:00,1 AM,Wednesday,January,False,Senior
MMTI-2025-0995,Malabon,España Blvd,Motorcycle,Collision,Major,Clear,Dry,Mechanical Failure,32,Female,0,46500,14.640365,121.016317,2025-12-09 22:44:00,10 PM,Tuesday,December,False,26-40
MMTI-2025-0996,Pasay,Taft Ave,Car,Rear-end,Unknown,Clear,Unknown,Reckless Driving,35,Male,4,51500,14.531973,120.940317,2025-07-08 16:57:00,4 PM,Tuesday,July,False,26-40
MMTI-2025-0997,Parañaque,Ortigas Ave,Bus,Hit and Run,Minor,Rain,Slippery,Unknown,19,Female,4,85000,14.634369,121.054003,2025-11-08 08:21:00,8 AM,Saturday,November,True,18-25
MMTI-2025-0998,Quezon City,Taft Ave,Taxi,Collision,Major,Rain,Unknown,Reckless Driving,62,Female,4,40500,14.572188,120.910874,2025-04-15 05:07:00,5 AM,Tuesday,April,False,Senior
MMTI-2025-0999,Mandaluyong,Quezon Ave,Jeepney,Collision,Fatal,Clear,Wet,Drunk Driving,39,Female,3,94000,14.577714,120.965472,2025-11-17 07:36:00,7 AM,Monday,November,False,26-40
MMTI-2025-1000,Pasay,Aurora Blvd,Truck,Pedestrian,Unknown,Storm,Wet,Distracted Driving,57,Male,0,5500,14.623855,121.071433,2025-07-20 19:48:00,7 PM,Sunday,July,True,41-60
