Incident_ID,Date,Time,City,Road_Name,Vehicle_Type,Accident_Type,Severity,Weather_Condition,Road_Condition,Cause,Driver_Age,Driver_Gender,Injury_Count,Damage_Cost_PHP,Latitude,Longitude
MMTI-2025-0001,2025-11-24,03:01:00,Mandaluyong,Quezon Ave,Car,Rear-end,Minor,RAIN,,Distracted Driving,55.0,FEMALE,0.0,5500.0,14.518739047972318,120.94653217867815
MMTI-2025-0002,2025-11-05,00:35:00,Parañaque,España Blvd,Truck,Rear-end,, clear,Slippery,Overspeeding,66.0,Female,,56000.0,14.568050103303598,120.93109589996236
MMTI-2025-0003,2025-06-22,03:05:00,Navotas,C5,Bus,Side-swipe,,Storm,Dry,,52.0,Male,3.0,12000.0,14.610408126254645,121.0658809328506
MMTI-2025-0004,2025-11-13,11:36:00,Parañaque,C5,Motorcycle,Rear-end,Fatal,Clear,Wet,Distracted Driving,42.0,male,3.0,83000.0,14.66682208532815,120.93253081943122
MMTI-2025-0005,2025-07-01,06:42:00,Mandaluyong,C5,Jeepney,Rear-end,,RAIN,Wet,Drunk Driving,47.0,FEMALE,2.0,83500.0,14.637632391686662,120.94392303479405
MMTI-2025-0006,2025-06-16,01:14:00,Quezon City,Ortigas Ave,Truck,Side-swipe,Minor,Rain,,Traffic Violation,31.0,FEMALE,3.0,84000.0,14.59177037051748,120.95297603329962
MMTI-2025-0007,2025-05-07,23:35:00,QUEZON CITY,Roxas Blvd,UV Express,Pedestrian,, clear,,Traffic Violation,32.0,Female,4.0,65000.0,14.518181882434758,120.90942327508495
MMTI-2025-0008,2025-02-26,04:40:00,Pasay,Taft Ave,Jeepney,Collision,,Cloudy,,,51.0,male,4.0,3000.0,14.636056682051304,120.92291034859674
MMTI-2025-0009,2025-10-02,08:49:00,Marikina,C5,Bus,Hit and Run,Major,Cloudy,Dry,Reckless Driving,50.0,Female,4.0,15500.0,14.674103713967353,120.95968895828973
MMTI-2025-0010,2025-11-24,16:38:00,Parañaque,Commonwealth Ave,Bus,Rear-end,, clear,Dry,Traffic Violation,49.0,Male,0.0,48000.0,14.675744375564637,121.06633310587225
MMTI-2025-0011,2025-06-07,07:03:00,Caloocan,Katipunan Ave,Motorcycle,Collision,,Clear,,Drunk Driving,26.0,FEMALE,4.0,23000.0,14.553011325788011,121.07448660821706
MMTI-2025-0012,2025-08-05,06:59:00,QUEZON CITY,Quezon Ave,UV Express,Side-swipe,,RAIN,Slippery,,51.0,FEMALE,0.0,33500.0,14.544939467406312,120.9676171124295
MMTI-2025-0013,2025-10-29,17:14:00,Makati ,Quezon Ave,Motorcycle,Collision,Minor,Rain,Dry,Overspeeding,39.0,Male,4.0,32000.0,14.555695452792909,120.9970828998301
MMTI-2025-0014,2025-10-04,04:46:00,Makati ,Katipunan Ave,Truck,Rear-end,,Cloudy,Wet,Distracted Driving,24.0,FEMALE,2.0,56000.0,14.582220455209947,121.07276734967392
MMTI-2025-0015,2025-01-28,21:41:00,Taguig,EDSA,Truck,Side-swipe,Minor,Rain,Wet,Mechanical Failure,52.0,FEMALE,1.0,56000.0,14.536697607157446,120.9925256136802
MMTI-2025-0016,2025-02-08,14:51:00,QUEZON CITY,C5,Motorcycle,Pedestrian,Minor,Clear,Wet,Drunk Driving,44.0,FEMALE,3.0,29000.0,14.672930078806043,121.08048857310212
MMTI-2025-0017,2025-03-26,12:00:00,Navotas,Roxas Blvd,Taxi,Hit and Run,Fatal,Cloudy,,,27.0,Female,2.0,29500.0,14.693741872993831,121.01583605816326
MMTI-2025-0018,2025-10-05,01:47:00,Marikina,EDSA,Motorcycle,Pedestrian,, clear,,Drunk Driving,21.0,Male,1.0,10500.0,14.619007021290006,121.03504251072083
MMTI-2025-0019,2025-05-01,12:07:00,Makati ,Quezon Ave,Jeepney,Pedestrian,Minor, clear,Dry,,60.0,male,2.0,28000.0,14.633945194953967,120.96283677255911
MMTI-2025-0020,2025-05-16,12:08:00,San Juan,Aurora Blvd,Bus,Collision,Minor,Cloudy,,Distracted Driving,22.0,Female,4.0,35500.0,14.526491314073294,120.96980176699292
MMTI-2025-0021,2025-02-05,07:23:00,San Juan,Commonwealth Ave,Truck,Pedestrian,Fatal, clear,,Overspeeding,60.0,male,,15000.0,14.68778600078542,120.92685822287868
MMTI-2025-0022,2025-03-01,03:47:00,QUEZON CITY,Commonwealth Ave,Bus,Side-swipe,,Rain,Slippery,Mechanical Failure,61.0,male,4.0,64500.0,14.55022425041398,121.08163180924372
MMTI-2025-0023,2025-01-27,02:40:00,Malabon,Roxas Blvd,Motorcycle,Collision,Fatal,Rain,Slippery,Drunk Driving,65.0,FEMALE,4.0,92000.0,14.585537383796137,120.90193393992168
MMTI-2025-0024,2025-02-08,22:57:00,Pasig,España Blvd,Motorcycle,Side-swipe,, clear,Wet,,26.0,Male,2.0,48500.0,14.679796297748519,121.05922446097762
MMTI-2025-0025,2025-01-21,11:13:00,Caloocan,C5,Bus,Pedestrian,, clear,Wet,Mechanical Failure,28.0,Female,3.0,5000.0,14.535872132683641,121.08489745904832
MMTI-2025-0026,2025-07-30,21:55:00,Caloocan,Roxas Blvd,Car,Collision,,Clear,,Mechanical Failure,30.0,FEMALE,2.0,41000.0,14.664107276194313,121.07426460717261
MMTI-2025-0027,2025-04-25,00:42:00,Parañaque,Taft Ave,Bus,Side-swipe,Minor,Storm,Slippery,,61.0,male,0.0,16500.0,14.675407682315113,120.95224303927804
MMTI-2025-0028,2025-10-25,08:02:00,Taguig,Katipunan Ave,Truck,Side-swipe,Fatal,Cloudy,,Distracted Driving,42.0,Female,2.0,7500.0,14.641757056766835,120.90033825564373
MMTI-2025-0029,2025-10-03,21:46:00,Parañaque,Ortigas Ave,Truck,Collision,Fatal, clear,Slippery,Distracted Driving,64.0,male,4.0,41500.0,14.633378580821146,120.96523658097149
MMTI-2025-0030,2025-12-23,09:35:00,Pasig,Quezon Ave,Truck,Hit and Run,Major, clear,,Reckless Driving,43.0,Male,2.0,38500.0,14.542036536976529,121.05715176549552
MMTI-2025-0031,2025-11-07,20:20:00,Valenzuela,Aurora Blvd,Truck,Rear-end,,Cloudy,Wet,Distracted Driving,36.0,male,0.0,98000.0,14.546973719705337,120.96208389285898
MMTI-2025-0032,2025-04-12,04:01:00,Quezon City,Quezon Ave,Truck,Pedestrian,Minor,Cloudy,,Mechanical Failure,63.0,FEMALE,3.0,53000.0,14.548796887915687,121.03121160222236
MMTI-2025-0033,2025-01-03,03:49:00,Malabon,Quezon Ave,Car,Pedestrian,,Clear,,Mechanical Failure,25.0,FEMALE,1.0,61000.0,14.633515546517271,121.0975784906133
MMTI-2025-0034,2025-11-01,10:48:00,Valenzuela,Katipunan Ave,Taxi,Pedestrian,, clear,,Drunk Driving,65.0,FEMALE,3.0,35000.0,14.650355357300102,121.06797257756838
MMTI-2025-0035,2025-05-22,16:31:00,Caloocan,Roxas Blvd,Truck,Collision,Fatal,Rain,Slippery,Traffic Violation,38.0,Male,1.0,21000.0,14.546252295945637,121.03878996245982
MMTI-2025-0036,2025-12-28,06:04:00,Malabon,Taft Ave,Bus,Pedestrian,,Cloudy,Dry,Mechanical Failure,44.0,FEMALE,4.0,91000.0,14.503906391347545,121.07613133455158
MMTI-2025-0037,2025-10-22,12:30:00,Manila,Ortigas Ave,Bus,Hit and Run,, clear,,Mechanical Failure,49.0,Female,2.0,57500.0,14.5971283987597,120.97777144064924
MMTI-2025-0038,2025-12-09,21:51:00,Navotas,Commonwealth Ave,Taxi,Hit and Run,Major, clear,,Overspeeding,43.0,Male,0.0,84000.0,14.58572255393222,121.07337027111903
MMTI-2025-0039,2025-04-04,01:16:00,Navotas,Ortigas Ave,Car,Hit and Run,Fatal,Storm,,Reckless Driving,66.0,FEMALE,2.0,12000.0,14.59406136724261,121.04980485221658
MMTI-2025-0040,2025-01-27,11:14:00,Makati,EDSA,Taxi,Collision,Major,Rain,Dry,Drunk Driving,33.0,Female,3.0,87500.0,14.522877889221862,121.08955140444334
MMTI-2025-0041,2025-08-27,22:16:00,Las Piñas,Commonwealth Ave,Jeepney,Pedestrian,Minor,Rain,Slippery,Distracted Driving,55.0,Male,2.0,75500.0,14.635469457370082,121.09163456764118
MMTI-2025-0042,2025-07-23,22:12:00,Makati,Katipunan Ave,UV Express,Rear-end,Minor,RAIN,Slippery,Distracted Driving,68.0,Male,2.0,70000.0,14.58567560264695,120.97411417524361
MMTI-2025-0043,2025-09-17,20:21:00,Manila,Taft Ave,Taxi,Hit and Run,Minor,Cloudy,Slippery,,63.0,Female,3.0,24500.0,14.646759060802678,121.09309474624762
MMTI-2025-0044,2025-05-19,19:51:00,QUEZON CITY,Aurora Blvd,Truck,Hit and Run,,Storm,Slippery,Mechanical Failure,23.0,male,3.0,33000.0,14.650095256365402,121.01396992893567
MMTI-2025-0045,2025-12-09,12:21:00,Manila,Aurora Blvd,Taxi,Side-swipe,Major,Cloudy,Wet,Traffic Violation,69.0,male,2.0,37500.0,14.676063995951646,121.04023675006644
MMTI-2025-0046,2025-05-22,17:00:00,manila,Quezon Ave,Motorcycle,Rear-end,,Cloudy,,Mechanical Failure,62.0,FEMALE,,93000.0,14.598164267015717,121.05858657362647
MMTI-2025-0047,2025-02-17,09:14:00,Navotas,Quezon Ave,Bus,Pedestrian,Fatal,Cloudy,,Traffic Violation,45.0,male,2.0,91500.0,14.590749052570636,120.96132459826977
MMTI-2025-0048,2025-04-29,03:46:00,Parañaque,Ortigas Ave,Motorcycle,Pedestrian,Major,Rain,Wet,,35.0,male,0.0,26500.0,14.559249292653028,120.97217621382988
MMTI-2025-0049,2025-06-04,00:45:00,QUEZON CITY,Commonwealth Ave,Bus,Collision,Minor, clear,Slippery,Drunk Driving,58.0,FEMALE,0.0,3500.0,14.614812843925266,120.9938793889861
MMTI-2025-0050,2025-08-14,10:11:00,Quezon City,Roxas Blvd,Taxi,Hit and Run,Minor,Clear,,,22.0,Male,1.0,21000.0,14.66222841525501,121.08982512847162
MMTI-2025-0051,2025-02-13,07:07:00,QUEZON CITY,Taft Ave,Jeepney,Pedestrian,,Rain,,,46.0,FEMALE,2.0,77000.0,14.698006252093359,120.96107604886387
MMTI-2025-0052,2025-11-14,01:39:00,Taguig,Quezon Ave,UV Express,Rear-end,Fatal,RAIN,Dry,Drunk Driving,33.0,Female,4.0,11500.0,14.531306523088627,120.98170351453201
MMTI-2025-0053,2025-12-19,19:30:00,San Juan,EDSA,Car,Side-swipe,Fatal,RAIN,,Distracted Driving,61.0,Female,2.0,82000.0,14.617957917841052,121.06078113605629
MMTI-2025-0054,2025-04-12,13:07:00,QUEZON CITY,Quezon Ave,UV Express,Rear-end,Fatal,Rain,Dry,Overspeeding,28.0,male,4.0,97500.0,14.664848060264001,121.08423850579354
MMTI-2025-0055,2025-08-13,03:29:00,San Juan,Taft Ave,Bus,Pedestrian,,Cloudy,,Distracted Driving,56.0,Male,3.0,96000.0,14.56446431667166,120.95007358048241
MMTI-2025-0056,2025-02-16,07:43:00,Makati ,Katipunan Ave,Motorcycle,Side-swipe,,Clear,Wet,,51.0,FEMALE,2.0,25000.0,14.699389094986513,120.9871769974154
MMTI-2025-0057,2025-09-09,02:30:00,Las Piñas,Taft Ave,Bus,Side-swipe,Minor,Rain,Slippery,,62.0,FEMALE,2.0,86500.0,14.689038707912642,121.0627132069476
MMTI-2025-0058,2025-10-09,01:29:00,Makati,Ortigas Ave,Bus,Side-swipe,Minor,Cloudy,,Overspeeding,60.0,FEMALE,3.0,8500.0,14.537516508278905,120.97235587183035
MMTI-2025-0059,2025-09-13,20:28:00,Quezon City,Quezon Ave,Bus,Pedestrian,Major,Storm,,,25.0,Male,,79500.0,14.659862746654895,121.04195656502006
MMTI-2025-0060,2025-06-09,17:00:00,QUEZON CITY,Taft Ave,Motorcycle,Rear-end,Minor,Cloudy,Dry,Drunk Driving,49.0,male,4.0,92000.0,14.554684979342655,121.06694478911534
MMTI-2025-0061,2025-08-30,07:29:00,QUEZON CITY,Commonwealth Ave,Truck,Rear-end,, clear,Wet,Distracted Driving,35.0,FEMALE,2.0,66500.0,14.55343453261338,120.90051305187173
MMTI-2025-0062,2025-06-02,18:37:00,Pateros,Commonwealth Ave,Truck,Pedestrian,,Storm,Slippery,,47.0,male,1.0,91000.0,14.54776110883325,120.97659416978593
MMTI-2025-0063,2025-07-30,01:20:00,Pateros,Taft Ave,Truck,Rear-end,,Clear,Wet,Traffic Violation,24.0,FEMALE,0.0,69000.0,14.682088335539293,120.90306951958306
MMTI-2025-0064,2025-03-15,13:55:00,Pasig,C5,Truck,Side-swipe,Fatal, clear,,Distracted Driving,39.0,FEMALE,2.0,82000.0,14.643743485044597,121.05188036186688
MMTI-2025-0065,2025-10-05,01:39:00,Makati,Quezon Ave,UV Express,Side-swipe,Major,RAIN,Dry,,24.0,Male,3.0,23000.0,14.638800232558648,121.0806848124101
MMTI-2025-0066,2025-01-24,10:50:00,Quezon City,Roxas Blvd,Bus,Side-swipe,,Rain,Wet,,54.0,Female,1.0,24000.0,14.515793670131998,121.07416791972898
MMTI-2025-0067,2025-11-14,21:15:00,Pateros,Katipunan Ave,Car,Rear-end,,RAIN,Slippery,,34.0,Male,3.0,38500.0,14.635522177139816,120.93159512441436
MMTI-2025-0068,2025-08-15,11:37:00,San Juan,Taft Ave,UV Express,Side-swipe,,Storm,Wet,,48.0,Male,1.0,50500.0,14.614384538470148,121.01496238603573
MMTI-2025-0069,2025-12-25,09:01:00,Navotas,Roxas Blvd,Motorcycle,Pedestrian,Minor, clear,,Reckless Driving,67.0,Female,4.0,47000.0,14.543800907785622,120.93802639785542
MMTI-2025-0070,2025-05-09,21:48:00,Pasig,C5,UV Express,Collision,Fatal,Cloudy,Dry,Traffic Violation,64.0,Female,0.0,39500.0,14.565343825142802,120.98310061868376
MMTI-2025-0071,2025-04-13,04:50:00,QUEZON CITY,Ortigas Ave,Jeepney,Pedestrian,Fatal,Rain,Slippery,,69.0,male,,45000.0,14.660846507720903,120.99366627777054
MMTI-2025-0072,2025-02-08,04:48:00,Caloocan,Taft Ave,Taxi,Pedestrian,Fatal,Clear,,Overspeeding,34.0,Male,3.0,49000.0,14.63456567637475,121.03446815947021
MMTI-2025-0073,2025-10-27,12:52:00,Las Piñas,C5,UV Express,Rear-end,,Clear,,Traffic Violation,57.0,Female,,10000.0,14.627080784475588,120.99285350726454
MMTI-2025-0074,2025-12-25,09:41:00,Malabon,C5,Car,Collision,Minor,Storm,,Distracted Driving,24.0,Female,4.0,19000.0,14.577729166230029,120.97420230309739
MMTI-2025-0075,2025-12-23,17:26:00,Makati ,Commonwealth Ave,Truck,Collision,, clear,,Reckless Driving,20.0,male,1.0,58500.0,14.588939171955817,120.9472225276462
MMTI-2025-0076,2025-07-05,03:43:00,Las Piñas,España Blvd,UV Express,Side-swipe,Minor,Cloudy,Slippery,Mechanical Failure,25.0,FEMALE,0.0,86500.0,14.542421163084663,121.02789858370595
MMTI-2025-0077,2025-01-11,01:50:00,Marikina,Quezon Ave,Car,Pedestrian,Major,Clear,,Mechanical Failure,55.0,Female,1.0,44000.0,14.654873715560964,121.05772875085553
MMTI-2025-0078,2025-11-02,00:17:00,Pasig,Commonwealth Ave,Jeepney,Side-swipe,Major,Clear,Dry,Drunk Driving,18.0,male,1.0,77000.0,14.564754292392404,120.93484924028124
MMTI-2025-0079,2025-01-27,04:47:00,Malabon,España Blvd,Motorcycle,Collision,,Cloudy,Slippery,Distracted Driving,46.0,Female,4.0,7500.0,14.645448599432747,121.08175033758131
MMTI-2025-0080,2025-12-04,16:19:00,Valenzuela,EDSA,Motorcycle,Hit and Run,,Cloudy,Dry,,63.0,FEMALE,0.0,12000.0,14.564422363949266,120.92966676513208
MMTI-2025-0081,2025-03-06,08:39:00,Makati ,España Blvd,UV Express,Side-swipe,, clear,,Reckless Driving,47.0,FEMALE,0.0,91500.0,14.522882814486016,121.03094259150464
MMTI-2025-0082,2025-10-10,23:55:00,Parañaque,Taft Ave,Truck,Rear-end,,Storm,,,44.0,Male,2.0,56500.0,14.562504714228373,120.95097795929657
MMTI-2025-0083,2025-03-20,21:59:00,Pateros,C5,Motorcycle,Collision,Minor,Cloudy,Dry,Traffic Violation,69.0,Female,4.0,9500.0,14.617293016547896,121.01231728279842
MMTI-2025-0084,2025-06-18,21:07:00,Malabon,Ortigas Ave,Taxi,Hit and Run,Minor,Storm,,Reckless Driving,40.0,Male,4.0,66500.0,14.5425477611344,121.03134726059764
MMTI-2025-0085,2025-04-25,03:22:00,QUEZON CITY,Ortigas Ave,Motorcycle,Side-swipe,,Rain,,Overspeeding,56.0,male,0.0,25000.0,14.554654077742544,121.0524819035962
MMTI-2025-0086,2025-06-23,11:00:00,Pasay,Commonwealth Ave,Jeepney,Hit and Run,Minor,Rain,Dry,Distracted Driving,65.0,Female,3.0,55500.0,14.590729158134604,120.93148185516903
MMTI-2025-0087,2025-06-09,23:20:00,Makati ,Katipunan Ave,Motorcycle,Collision,Major,Rain,,Overspeeding,61.0,Male,2.0,58500.0,14.632387738561652,120.99713234097821
MMTI-2025-0088,2025-08-15,13:17:00,Parañaque,España Blvd,Motorcycle,Side-swipe,,Clear,Slippery,,51.0,male,0.0,30000.0,14.579052679217526,121.0198649913889
MMTI-2025-0089,2025-01-04,06:19:00,Parañaque,Commonwealth Ave,Taxi,Side-swipe,Fatal,Storm,Dry,Overspeeding,49.0,FEMALE,1.0,18500.0,14.576041489143048,121.04073425267654
MMTI-2025-0090,2025-09-14,17:53:00,Las Piñas,C5,Truck,Collision,,Clear,,Distracted Driving,38.0,FEMALE,4.0,53500.0,14.641899792313787,120.9835387919687
MMTI-2025-0091,2025-02-28,12:01:00,Marikina,Commonwealth Ave,Taxi,Pedestrian,,RAIN,Slippery,Distracted Driving,45.0,Male,1.0,57500.0,14.617774257660582,121.00479250860013
MMTI-2025-0092,2025-07-22,09:47:00,Marikina,Quezon Ave,Bus,Rear-end,Minor, clear,Dry,Mechanical Failure,67.0,male,2.0,95000.0,14.69164466979943,121.02908859523392
MMTI-2025-0093,2025-03-17,07:06:00,Pasig,Roxas Blvd,Car,Rear-end,,Rain,Dry,Drunk Driving,67.0,FEMALE,3.0,98500.0,14.61274709665757,121.0158936179413
MMTI-2025-0094,2025-12-15,18:41:00, Pasig,Ortigas Ave,Taxi,Side-swipe,Major,Cloudy,Dry,,46.0,male,2.0,77500.0,14.511234424042616,121.00146737705796
MMTI-2025-0095,2025-06-08,14:28:00,Quezon City,EDSA,Bus,Side-swipe,Minor,RAIN,Dry,,47.0,Male,3.0,75000.0,14.630367490929721,120.96430535257609
MMTI-2025-0096,2025-09-01,16:09:00,Quezon City,Aurora Blvd,Motorcycle,Side-swipe,Minor, clear,Wet,Overspeeding,33.0,FEMALE,3.0,69000.0,14.604549607053109,120.93174924159631
MMTI-2025-0097,2025-07-10,09:24:00,Malabon,Ortigas Ave,UV Express,Pedestrian,Minor,RAIN,Slippery,Distracted Driving,39.0,Male,4.0,88500.0,14.577312840944748,120.95039915699324
MMTI-2025-0098,2025-12-03,19:55:00,Pasig,Ortigas Ave,Motorcycle,Pedestrian,Major,Storm,Slippery,,26.0,Male,2.0,73500.0,14.57533586121126,121.05833239157272
MMTI-2025-0099,2025-03-07,21:44:00,manila,C5,UV Express,Hit and Run,,Storm,Dry,Traffic Violation,37.0,Female,1.0,45500.0,14.689533653506869,120.99725418417455
MMTI-2025-0100,2025-04-26,04:09:00,Makati,Roxas Blvd,Taxi,Collision,, clear,,Overspeeding,60.0,male,4.0,18500.0,14.619449288214327,120.93085055226423
MMTI-2025-0101,2025-04-03,22:49:00, Pasig,Commonwealth Ave,UV Express,Hit and Run,Minor,Cloudy,Slippery,Mechanical Failure,46.0,male,,59000.0,14.546800588867084,120.9478336994491
MMTI-2025-0102,2025-08-29,06:23:00,Makati ,Aurora Blvd,Truck,Side-swipe,, clear,,,28.0,Female,4.0,19500.0,14.67460038401187,120.91043596065221
MMTI-2025-0103,2025-09-04,11:35:00,Taguig,España Blvd,Taxi,Collision,Fatal,Clear,Wet,Reckless Driving,46.0,Female,3.0,13500.0,14.689282652602353,120.9444076013814
MMTI-2025-0104,2025-08-19,11:59:00,Manila,Taft Ave,Motorcycle,Hit and Run,,Storm,Wet,,23.0,male,1.0,5500.0,14.563736975089947,120.91981662487862
MMTI-2025-0105,2025-11-29,10:50:00,Pasig,Commonwealth Ave,Motorcycle,Side-swipe,,RAIN,Wet,,46.0,Male,0.0,4000.0,14.55118478568741,121.06699261985648
MMTI-2025-0106,2025-10-08,23:38:00,manila,Taft Ave,Motorcycle,Side-swipe,Major,Storm,Dry,Overspeeding,33.0,FEMALE,,81500.0,14.59142272332729,120.922171579058
MMTI-2025-0107,2025-09-13,19:34:00,Manila,España Blvd,Jeepney,Rear-end,Major,Storm,,Overspeeding,57.0,male,1.0,75000.0,14.583313519041708,121.03287426034841
MMTI-2025-0108,2025-02-13,16:23:00,Makati,España Blvd,Jeepney,Pedestrian,, clear,Dry,,48.0,Male,,51500.0,14.696207884510311,120.95073005221384
MMTI-2025-0109,2025-01-09,11:50:00,Makati,Ortigas Ave,Car,Collision,,RAIN,Slippery,Drunk Driving,20.0,male,4.0,45000.0,14.662701773111218,120.93501782541034
MMTI-2025-0110,2025-12-17,14:44:00,Pateros,Commonwealth Ave,Taxi,Rear-end,Minor,RAIN,,Overspeeding,36.0,Female,0.0,27500.0,14.677158077123622,120.96311916400995
MMTI-2025-0111,2025-06-08,16:25:00,QUEZON CITY,Aurora Blvd,Bus,Collision,Major,Storm,Slippery,Overspeeding,59.0,male,2.0,17500.0,14.659868482303647,120.98739027662499
MMTI-2025-0112,2025-07-24,23:28:00,Navotas,Ortigas Ave,Car,Hit and Run,,Storm,,Reckless Driving,69.0,Male,,56000.0,14.515785401211094,121.02049065976605
MMTI-2025-0113,2025-04-03,17:18:00,Marikina,C5,Motorcycle,Side-swipe,Fatal,Storm,,,28.0,FEMALE,2.0,59000.0,14.508471032570025,121.07400743501128
MMTI-2025-0114,2025-06-30,19:27:00,Mandaluyong,EDSA,Motorcycle,Hit and Run,Fatal, clear,Wet,Overspeeding,27.0,FEMALE,0.0,18000.0,14.513446672612421,121.05570307470138
MMTI-2025-0115,2025-07-07,11:24:00,Makati ,EDSA,Jeepney,Rear-end,,Storm,Slippery,,66.0,Male,4.0,19500.0,14.605891976307259,120.9796068091905
MMTI-2025-0116,2025-11-29,08:15:00,Taguig,EDSA,UV Express,Rear-end,, clear,,Distracted Driving,34.0,male,,59000.0,14.542914085084744,121.02237543655274
MMTI-2025-0117,2025-12-22,15:12:00,Taguig,Commonwealth Ave,Taxi,Collision,,Rain,,Distracted Driving,69.0,male,,46000.0,14.641908097363917,121.00999942949738
MMTI-2025-0118,2025-05-29,09:54:00,Pasay,Commonwealth Ave,Taxi,Side-swipe,,Rain,Dry,Mechanical Failure,68.0,Female,1.0,65000.0,14.505256805361654,121.01080428745192
MMTI-2025-0119,2025-07-08,14:51:00,QUEZON CITY,Commonwealth Ave,Jeepney,Collision,Minor,Storm,,,51.0,FEMALE,3.0,75500.0,14.514750142582248,121.09447594630277
MMTI-2025-0120,2025-11-25,02:28:00,Valenzuela,España Blvd,Bus,Rear-end,,RAIN,,Drunk Driving,67.0,Female,3.0,66000.0,14.682142454189378,120.91108257000356
MMTI-2025-0121,2025-03-05,16:09:00,San Juan,Commonwealth Ave,Car,Side-swipe,Major,Storm,,Reckless Driving,23.0,male,1.0,83000.0,14.69127032540864,120.9548902066427
MMTI-2025-0122,2025-11-17,09:39:00,QUEZON CITY,C5,Jeepney,Rear-end,, clear,Wet,Drunk Driving,60.0,male,4.0,7000.0,14.665047253465326,120.90567469757978
MMTI-2025-0123,2025-01-24,20:49:00,Makati ,Roxas Blvd,UV Express,Rear-end,,Cloudy,,Overspeeding,49.0,male,,40500.0,14.596588963635083,121.06093763084316
MMTI-2025-0124,2025-12-17,12:19:00,Valenzuela,C5,UV Express,Collision,Major,Cloudy,,,47.0,Female,2.0,79500.0,14.528733738232527,121.0722970153665
MMTI-2025-0125,2025-06-13,23:55:00,Las Piñas,Taft Ave,Car,Side-swipe,, clear,Dry,Traffic Violation,33.0,FEMALE,0.0,36000.0,14.589919202399132,120.92817552700164
MMTI-2025-0126,2025-01-26,09:24:00, Pasig,Taft Ave,Car,Rear-end,Fatal, clear,Slippery,Mechanical Failure,66.0,Female,3.0,67500.0,14.59336302354747,121.0758151327201
MMTI-2025-0127,2025-09-12,00:05:00,Navotas,España Blvd,Truck,Rear-end,Major, clear,Slippery,Overspeeding,21.0,male,3.0,78000.0,14.67646789527364,121.03085200737793
MMTI-2025-0128,2025-08-29,09:34:00,Manila,C5,Truck,Rear-end,Fatal,RAIN,Slippery,,41.0,Male,3.0,8500.0,14.614056328776206,120.93893106037756
MMTI-2025-0129,2025-10-11,09:04:00,Navotas,España Blvd,Truck,Pedestrian,Fatal, clear,,Distracted Driving,26.0,Male,3.0,49500.0,14.65897944567619,120.96781705999052
MMTI-2025-0130,2025-07-07,04:12:00, Pasig,España Blvd,Truck,Pedestrian,Minor,Clear,Dry,Drunk Driving,63.0,male,3.0,68000.0,14.591397711856574,121.02125210448077
MMTI-2025-0131,2025-09-21,04:20:00, Pasig,Ortigas Ave,Car,Hit and Run,,RAIN,Slippery,Traffic Violation,50.0,FEMALE,,74000.0,14.559958112947482,121.06314976664878
MMTI-2025-0132,2025-07-08,10:43:00,Taguig,Taft Ave,Jeepney,Side-swipe,Minor, clear,,Reckless Driving,59.0,Female,,8500.0,14.616704655409528,120.93410241234933
MMTI-2025-0133,2025-11-19,23:39:00,Navotas,Commonwealth Ave,Taxi,Rear-end,Minor, clear,Dry,Mechanical Failure,19.0,FEMALE,2.0,55500.0,14.530286251623869,121.03810005218371
MMTI-2025-0134,2025-07-30,16:49:00, Pasig,Aurora Blvd,Taxi,Collision,Major, clear,Wet,Traffic Violation,60.0,FEMALE,4.0,50000.0,14.562750519747564,120.93463648477147
MMTI-2025-0135,2025-09-30,10:34:00,Las Piñas,Roxas Blvd,Jeepney,Hit and Run,Major,Rain,Slippery,Reckless Driving,32.0,male,2.0,92000.0,14.541455558970927,121.04099765194805
MMTI-2025-0136,2025-06-12,15:22:00,QUEZON CITY,Roxas Blvd,Bus,Collision,,RAIN,,,43.0,male,1.0,39000.0,14.508413297366545,121.09106274353586
MMTI-2025-0137,2025-02-10,11:59:00,Valenzuela,Roxas Blvd,UV Express,Hit and Run,Major,Rain,,Reckless Driving,53.0,male,1.0,15500.0,14.623135406882898,121.01736609971417
MMTI-2025-0138,2025-05-05,01:42:00,manila,Quezon Ave,UV Express,Rear-end,Minor,Clear,,Traffic Violation,63.0,FEMALE,0.0,89000.0,14.654153211619656,120.90103628928144
MMTI-2025-0139,2025-10-09,05:26:00,Pateros,Aurora Blvd,UV Express,Rear-end,Fatal,Storm,Slippery,Overspeeding,67.0,Male,,75000.0,14.546444039844204,121.04773730445373
MMTI-2025-0140,2025-01-20,05:26:00,Pasay,EDSA,Taxi,Hit and Run,,Rain,Slippery,Overspeeding,18.0,male,4.0,79000.0,14.521460138154708,121.0965987776742
MMTI-2025-0141,2025-05-26,14:41:00,QUEZON CITY,España Blvd,Truck,Rear-end,,Cloudy,Slippery,Mechanical Failure,69.0,Male,2.0,22500.0,14.646223846761755,121.02965706774185
MMTI-2025-0142,2025-04-06,00:47:00,Marikina,Roxas Blvd,Jeepney,Rear-end,Major, clear,,,50.0,male,0.0,53000.0,14.633851170681991,120.93695624020947
MMTI-2025-0143,2025-03-13,15:20:00,Caloocan,EDSA,Bus,Hit and Run,Major,Cloudy,Slippery,Traffic Violation,37.0,Male,2.0,85500.0,14.571910418112232,120.9472605154844
MMTI-2025-0144,2025-12-08,03:29:00,San Juan,Commonwealth Ave,Truck,Pedestrian,Fatal,RAIN,Dry,Reckless Driving,41.0,Female,1.0,19000.0,14.595636379947045,120.99099573455413
MMTI-2025-0145,2025-11-07,11:26:00,QUEZON CITY,Aurora Blvd,Taxi,Pedestrian,Major,Rain,,Distracted Driving,51.0,FEMALE,4.0,92000.0,14.57235697370485,121.0834489413562
MMTI-2025-0146,2025-02-27,01:53:00,QUEZON CITY,España Blvd,Car,Pedestrian,,Rain,Wet,Traffic Violation,51.0,FEMALE,0.0,89000.0,14.541080297107872,121.01662953568821
MMTI-2025-0147,2025-02-16,16:28:00,Quezon City,Aurora Blvd,Car,Pedestrian,,Cloudy,,Overspeeding,53.0,FEMALE,,41000.0,14.644656015965001,120.97918974199065
MMTI-2025-0148,2025-01-02,23:13:00,Makati ,C5,Motorcycle,Hit and Run,Fatal,RAIN,Dry,Overspeeding,22.0,FEMALE,0.0,38500.0,14.58177338716385,121.05379441251671
MMTI-2025-0149,2025-11-25,23:41:00,Malabon,Ortigas Ave,Truck,Hit and Run,,Cloudy,Dry,Drunk Driving,59.0,male,0.0,24500.0,14.698569355215517,120.97861172635682
MMTI-2025-0150,2025-03-07,23:14:00,Manila,EDSA,Bus,Hit and Run,,Cloudy,,,,Female,1.0,60500.0,14.569231946997526,120.95512994555904
MMTI-2025-0151,2025-02-27,01:51:00,Malabon,Katipunan Ave,Taxi,Collision,Major,Rain,Dry,Distracted Driving,56.0,Male,3.0,78500.0,14.634404727374443,121.07444248355728
MMTI-2025-0152,2025-05-06,23:02:00,Navotas,Aurora Blvd,Car,Pedestrian,Major,Clear,Wet,Reckless Driving,32.0,male,4.0,78500.0,14.654507642496425,121.06367649781804
MMTI-2025-0153,2025-05-02,09:56:00,Pasig,España Blvd,Car,Hit and Run,Fatal,Storm,Dry,Drunk Driving,58.0,FEMALE,4.0,65000.0,14.509376819390491,120.96888296595452
MMTI-2025-0154,2025-11-26,21:24:00,manila,Ortigas Ave,UV Express,Hit and Run,,Rain,Slippery,,29.0,FEMALE,1.0,30500.0,14.56014728375903,121.0415153594976
MMTI-2025-0155,2025-08-26,01:35:00,Malabon,Taft Ave,Jeepney,Pedestrian,Major,Cloudy,Wet,Reckless Driving,31.0,male,,12000.0,14.684445220902244,121.06942667718393
MMTI-2025-0156,2025-02-17,17:46:00,Parañaque,EDSA,Bus,Hit and Run,, clear,Dry,Distracted Driving,30.0,Female,3.0,28500.0,14.673894770304907,120.96659286216376
MMTI-2025-0157,2025-01-08,06:59:00,Parañaque,C5,UV Express,Hit and Run,Major,RAIN,,Mechanical Failure,43.0,Female,4.0,43000.0,14.655102776412754,120.97613234887459
MMTI-2025-0158,2025-10-01,20:22:00,San Juan,Roxas Blvd,Bus,Pedestrian,,Cloudy,Dry,,66.0,male,1.0,49000.0,14.562584403774038,120.90914308959623
MMTI-2025-0159,2025-04-24,23:09:00,Manila,Roxas Blvd,Jeepney,Pedestrian,,RAIN,,Reckless Driving,27.0,Female,2.0,31000.0,14.575967954948231,121.06667254305741
MMTI-2025-0160,2025-09-13,17:41:00,Marikina,Roxas Blvd,Taxi,Hit and Run,,Cloudy,Wet,Traffic Violation,28.0,Female,,71500.0,14.597663264250826,121.08337987793888
MMTI-2025-0161,2025-10-05,20:03:00,manila,EDSA,Taxi,Collision,Minor,Clear,,Drunk Driving,58.0,Female,0.0,92500.0,14.530205929292949,120.94374393449088
MMTI-2025-0162,2025-08-22,11:03:00, Pasig,Katipunan Ave,Truck,Hit and Run,Minor,Clear,,,18.0,Male,4.0,94000.0,14.554948147439566,121.09549586964651
MMTI-2025-0163,2025-01-09,16:52:00,Malabon,Commonwealth Ave,Motorcycle,Collision,,Rain,Wet,Mechanical Failure,57.0,male,2.0,36000.0,14.658987266416693,120.91580384876289
MMTI-2025-0164,2025-07-27,14:36:00,Caloocan,Quezon Ave,Bus,Collision,Minor,Clear,,,42.0,FEMALE,0.0,83500.0,14.501890034530826,120.93427671504422
MMTI-2025-0165,2025-09-13,13:41:00,Marikina,Katipunan Ave,Taxi,Collision,,Clear,Wet,Mechanical Failure,62.0,FEMALE,2.0,7500.0,14.684831853321713,121.03688574869274
MMTI-2025-0166,2025-05-24,17:36:00,Quezon City,Commonwealth Ave,Taxi,Side-swipe,Minor,Rain,,Drunk Driving,66.0,FEMALE,0.0,40000.0,14.532490050142941,120.94809443886086
MMTI-2025-0167,2025-07-19,21:57:00,QUEZON CITY,Ortigas Ave,Truck,Rear-end,Minor, clear,Slippery,Overspeeding,24.0,FEMALE,1.0,11500.0,14.568118549295022,121.0538011306731
MMTI-2025-0168,2025-11-01,12:49:00,Marikina,EDSA,UV Express,Side-swipe,,Cloudy,Wet,Traffic Violation,53.0,FEMALE,3.0,25500.0,14.635938971617632,121.03213438150298
MMTI-2025-0169,2025-02-13,19:18:00,Caloocan,C5,Motorcycle,Side-swipe,Major,Cloudy,Wet,,38.0,male,0.0,13500.0,14.501039044474005,120.96165349102726
MMTI-2025-0170,2025-07-04,08:06:00,Pasig,C5,Car,Hit and Run,, clear,,,24.0,Male,0.0,47000.0,14.610843961079514,121.01938491105743
MMTI-2025-0171,2025-06-16,12:00:00,San Juan,Taft Ave,Truck,Collision,,Rain,,Drunk Driving,61.0,FEMALE,1.0,19500.0,14.55378379270603,120.95368135942985
MMTI-2025-0172,2025-03-16,02:10:00,Malabon,Roxas Blvd,Truck,Side-swipe,,Clear,Slippery,Reckless Driving,33.0,FEMALE,4.0,80500.0,14.539109644976053,120.92139447351619
MMTI-2025-0173,2025-06-05,00:25:00,Marikina,Katipunan Ave,Truck,Side-swipe,,Storm,,Drunk Driving,37.0,male,4.0,90500.0,14.540170297740413,120.96283665623909
MMTI-2025-0174,2025-07-23,10:18:00,Pateros,Katipunan Ave,Taxi,Rear-end,Fatal,Cloudy,Slippery,,41.0,Male,4.0,27500.0,14.618445406850077,121.00912581709017
MMTI-2025-0175,2025-12-16,17:01:00,Valenzuela,Quezon Ave,Truck,Side-swipe,Minor,Cloudy,,Drunk Driving,58.0,male,1.0,34000.0,14.631732593706463,121.04304727825989
MMTI-2025-0176,2025-07-13,02:28:00, Pasig,Aurora Blvd,Jeepney,Hit and Run,, clear,,Overspeeding,68.0,male,,70500.0,14.618763988670976,121.08288024974613
MMTI-2025-0177,2025-02-25,07:42:00,Las Piñas,Commonwealth Ave,UV Express,Pedestrian,Minor, clear,,Traffic Violation,68.0,FEMALE,0.0,3000.0,14.519721311716346,120.9444002159099
MMTI-2025-0178,2025-09-23,17:37:00,Makati ,Quezon Ave,Truck,Side-swipe,,Cloudy,,Drunk Driving,40.0,Male,3.0,15000.0,14.55908644410368,121.08410950893422
MMTI-2025-0179,2025-02-13,03:53:00,Pasig,Ortigas Ave,Bus,Side-swipe,,Rain,,,40.0,FEMALE,0.0,58000.0,14.644398788655941,120.99048943865137
MMTI-2025-0180,2025-02-04,09:02:00,Taguig,EDSA,Taxi,Side-swipe,Minor,RAIN,Wet,Mechanical Failure,51.0,Female,4.0,22000.0,14.566197931110635,120.98527387672434
MMTI-2025-0181,2025-08-25,07:51:00,Navotas,Commonwealth Ave,Car,Hit and Run,,Clear,,Mechanical Failure,46.0,FEMALE,3.0,2500.0,14.640947123191946,120.94115689587348
MMTI-2025-0182,2025-12-27,02:36:00,Taguig,España Blvd,Car,Side-swipe,Fatal,Rain,,Distracted Driving,34.0,FEMALE,4.0,83500.0,14.562680822010295,120.97772785218255
MMTI-2025-0183,2025-07-20,18:07:00,Las Piñas,Ortigas Ave,Taxi,Hit and Run,,Rain,Slippery,Distracted Driving,61.0,Female,2.0,17000.0,14.547714545287759,120.92338978079415
MMTI-2025-0184,2025-07-11,22:09:00,manila,Taft Ave,Truck,Pedestrian,Major, clear,,,29.0,FEMALE,,70500.0,14.638686585305871,121.02905201901599
MMTI-2025-0185,2025-03-30,17:10:00,Pateros,Roxas Blvd,Car,Rear-end,Fatal,Cloudy,,Overspeeding,40.0,Male,3.0,19000.0,14.53902569832685,120.9767888351736
MMTI-2025-0186,2025-10-15,16:41:00,Pateros,Taft Ave,UV Express,Hit and Run,,RAIN,,,28.0,Male,4.0,5500.0,14.659176177920486,120.94410590125932
MMTI-2025-0187,2025-01-17,08:14:00,QUEZON CITY,Roxas Blvd,Car,Hit and Run,,RAIN,,Distracted Driving,54.0,Male,2.0,71500.0,14.664656561599513,120.97337235442109
MMTI-2025-0188,2025-01-22,23:28:00,QUEZON CITY,Quezon Ave,Truck,Collision,Major,Storm,Dry,,34.0,male,0.0,58000.0,14.673058094075259,120.92347720529979
MMTI-2025-0189,2025-05-02,06:51:00,Makati ,Ortigas Ave,Taxi,Pedestrian,,Rain,,Drunk Driving,68.0,Female,1.0,9500.0,14.614014868961,121.00645615947408
MMTI-2025-0190,2025-11-02,17:10:00,Marikina,Roxas Blvd,Bus,Pedestrian,Fatal, clear,Dry,Drunk Driving,66.0,FEMALE,0.0,37000.0,14.673409518086755,120.92537763372277
MMTI-2025-0191,2025-03-09,07:09:00,Marikina,Quezon Ave,Taxi,Hit and Run,,Rain,,Reckless Driving,58.0,FEMALE,3.0,59500.0,14.51510325466637,121.05891972613354
MMTI-2025-0192,2025-02-17,12:32:00,Mandaluyong,Ortigas Ave,Truck,Hit and Run,Fatal, clear,Dry,Distracted Driving,64.0,FEMALE,,87000.0,14.639457795557712,121.07002124795815
MMTI-2025-0193,2025-10-01,12:13:00,Malabon,Quezon Ave,Truck,Side-swipe,Fatal,Storm,Slippery,Drunk Driving,54.0,FEMALE,2.0,89000.0,14.6524508044845,120.90918858513173
MMTI-2025-0194,2025-11-17,14:01:00,Taguig,Commonwealth Ave,Truck,Hit and Run,Minor,Cloudy,Wet,Drunk Driving,59.0,male,1.0,37000.0,14.51866799690513,120.97208707667946
MMTI-2025-0195,2025-02-12,11:42:00,Pasay,EDSA,Truck,Side-swipe,Major,Cloudy,Dry,Distracted Driving,18.0,Female,3.0,11500.0,14.526539958407998,120.94523817229188
MMTI-2025-0196,2025-12-15,14:00:00,Manila,Ortigas Ave,Taxi,Collision,,RAIN,Wet,,22.0,Female,3.0,13000.0,14.646152676352795,120.92048543408991
MMTI-2025-0197,2025-06-10,11:56:00,San Juan,Commonwealth Ave,Truck,Rear-end,Major,Clear,,Overspeeding,57.0,Female,3.0,46500.0,14.644486405272865,121.02561600766819
MMTI-2025-0198,2025-03-19,13:39:00,Valenzuela,Quezon Ave,Motorcycle,Collision,Major,Clear,,,40.0,FEMALE,2.0,19500.0,14.549557274992715,121.02892411363759
MMTI-2025-0199,2025-05-08,17:38:00, Pasig,Katipunan Ave,Bus,Collision,Fatal,Rain,,Mechanical Failure,65.0,FEMALE,2.0,84500.0,14.510913826203051,121.0795825120714
MMTI-2025-0200,2025-05-03,15:24:00,Taguig,Quezon Ave,Truck,Pedestrian,Minor, clear,Dry,Traffic Violation,38.0,Female,3.0,74500.0,14.584172706850488,121.00927124423228
MMTI-2025-0201,2025-03-30,15:49:00,Makati,EDSA,Jeepney,Collision,Minor,Storm,Wet,Overspeeding,21.0,FEMALE,4.0,38500.0,14.625714139212116,121.00020979310142
MMTI-2025-0202,2025-08-01,13:44:00,Navotas,C5,UV Express,Pedestrian,, clear,Wet,Reckless Driving,23.0,male,0.0,67000.0,14.684184971754547,121.09486267687092
MMTI-2025-0203,2025-03-21,17:20:00,Navotas,Katipunan Ave,UV Express,Collision,Fatal,RAIN,,Mechanical Failure,21.0,Female,0.0,57500.0,14.523197316308874,121.02245935888415
MMTI-2025-0204,2025-01-29,09:42:00,Pasay,C5,Motorcycle,Rear-end,Minor,Rain,,Traffic Violation,51.0,male,1.0,49500.0,14.525386121496226,121.0562247959874
MMTI-2025-0205,2025-05-18,23:56:00,Taguig,EDSA,Bus,Hit and Run,Fatal, clear,Dry,Reckless Driving,63.0,Male,3.0,60000.0,14.602156375885194,120.9110878221685
MMTI-2025-0206,2025-10-18,05:23:00,Pasay,Roxas Blvd,Taxi,Collision,,RAIN,Dry,Mechanical Failure,65.0,Male,0.0,3500.0,14.54891029007134,120.99435291791555
MMTI-2025-0207,2025-07-16,04:11:00,Quezon City,España Blvd,Taxi,Hit and Run,Major,Storm,Wet,,64.0,male,2.0,11500.0,14.614307192523492,120.92388018593496
MMTI-2025-0208,2025-12-11,01:11:00,Caloocan,España Blvd,Motorcycle,Hit and Run,Minor,Cloudy,Slippery,Reckless Driving,38.0,Male,4.0,60000.0,14.50159383471149,120.9401342306906
MMTI-2025-0209,2025-10-16,09:47:00, Pasig,Quezon Ave,Truck,Side-swipe,,Cloudy,Wet,Mechanical Failure,27.0,Male,3.0,5000.0,14.54659954837195,120.96928473954789
MMTI-2025-0210,2025-12-22,00:21:00,Manila,Taft Ave,Taxi,Side-swipe,Minor,Rain,,Mechanical Failure,44.0,FEMALE,0.0,20000.0,14.64233049494002,120.91860532767163
MMTI-2025-0211,2025-04-29,16:26:00,Las Piñas,Aurora Blvd,UV Express,Collision,,Clear,,Drunk Driving,58.0,FEMALE,0.0,77500.0,14.613564145657842,120.986996575687
MMTI-2025-0212,2025-03-08,07:18:00,Mandaluyong,Ortigas Ave,Taxi,Hit and Run,Fatal,Storm,,Reckless Driving,32.0,Male,1.0,19000.0,14.655987396493773,121.01694160716083
MMTI-2025-0213,2025-03-21,03:10:00,Valenzuela,Aurora Blvd,Bus,Hit and Run,Minor, clear,Slippery,Mechanical Failure,46.0,male,3.0,35500.0,14.670496437132229,120.91808417760971
MMTI-2025-0214,2025-12-18,09:52:00, Pasig,EDSA,Car,Side-swipe,Major,Clear,Wet,Traffic Violation,43.0,Male,,40000.0,14.552033358544245,121.09813532408158
MMTI-2025-0215,2025-01-16,12:54:00,Valenzuela,España Blvd,UV Express,Pedestrian,Major,Clear,,Distracted Driving,69.0,Female,0.0,3500.0,14.512333836898762,121.0561919986942
MMTI-2025-0216,2025-04-24,04:12:00,Navotas,Ortigas Ave,UV Express,Collision,, clear,Slippery,Distracted Driving,19.0,Male,1.0,84500.0,14.588686264767198,120.9257583097994
MMTI-2025-0217,2025-06-19,03:02:00,Valenzuela,EDSA,Car,Pedestrian,,RAIN,,,19.0,FEMALE,,56500.0,14.534561442366158,120.94294322119401
MMTI-2025-0218,2025-04-06,08:17:00,Valenzuela,Commonwealth Ave,Motorcycle,Pedestrian,, clear,Wet,Reckless Driving,49.0,FEMALE,4.0,63000.0,14.512195813786569,120.9559551974878
MMTI-2025-0219,2025-03-12,13:12:00,manila,Quezon Ave,UV Express,Pedestrian,Minor,Cloudy,Slippery,,52.0,FEMALE,2.0,74000.0,14.600478651108748,120.97767625491386
MMTI-2025-0220,2025-04-03,00:20:00, Pasig,Quezon Ave,Motorcycle,Side-swipe,Minor,Cloudy,,Traffic Violation,67.0,Female,1.0,14500.0,14.549571410800315,120.94823055903096
MMTI-2025-0221,2025-10-01,23:03:00,Caloocan,Katipunan Ave,Taxi,Hit and Run,Fatal,Rain,Wet,Mechanical Failure,55.0,male,,91000.0,14.571756626537413,121.01831249896915
MMTI-2025-0222,2025-12-27,22:22:00,Makati ,Katipunan Ave,Car,Pedestrian,Major,Cloudy,,Reckless Driving,29.0,FEMALE,0.0,13500.0,14.511233595360254,121.02033255728902
MMTI-2025-0223,2025-01-11,16:30:00,Manila,Ortigas Ave,Jeepney,Rear-end,Major,Storm,Wet,Traffic Violation,21.0,Male,1.0,77000.0,14.640939268346465,120.92833053287025
MMTI-2025-0224,2025-02-26,16:55:00,Las Piñas,C5,Bus,Hit and Run,,Clear,Slippery,Reckless Driving,38.0,Female,1.0,95500.0,14.689738706405265,121.05836850499998
MMTI-2025-0225,2025-09-07,20:20:00,Pasay,España Blvd,UV Express,Pedestrian,Fatal,Rain,,Drunk Driving,42.0,male,,90000.0,14.558903452943785,120.9355416576994
MMTI-2025-0226,2025-01-01,22:36:00,Navotas,Katipunan Ave,Motorcycle,Rear-end,,Storm,,Mechanical Failure,58.0,Male,3.0,20000.0,14.566233685233211,120.91556132769287
MMTI-2025-0227,2025-06-27,10:10:00,Makati,Ortigas Ave,Truck,Collision,Fatal,Rain,Wet,Distracted Driving,40.0,male,0.0,94000.0,14.500256231498938,120.97718741959069
MMTI-2025-0228,2025-08-03,05:56:00,Malabon,Aurora Blvd,Truck,Side-swipe,,Cloudy,Dry,,68.0,Female,1.0,59500.0,14.514741877912275,121.06915249680492
MMTI-2025-0229,2025-05-31,00:20:00,Mandaluyong,C5,Motorcycle,Side-swipe,Major,Cloudy,Wet,Distracted Driving,53.0,Male,2.0,78000.0,14.69705522002823,121.07864523452929
MMTI-2025-0230,2025-12-27,00:27:00,Pasay,Katipunan Ave,Truck,Rear-end,Minor,Clear,Slippery,Mechanical Failure,30.0,FEMALE,,72500.0,14.644407620915135,121.04599480113406
MMTI-2025-0231,2025-05-16,21:18:00,San Juan,Quezon Ave,Motorcycle,Collision,, clear,,,27.0,Male,2.0,2000.0,14.585521191489143,120.95890988979325
MMTI-2025-0232,2025-12-05,20:38:00,Pateros,Quezon Ave,Motorcycle,Collision,Major,Rain,Slippery,Distracted Driving,48.0,Male,2.0,52500.0,14.594188890589917,121.0789754966811
MMTI-2025-0233,2025-05-16,02:41:00,QUEZON CITY,Taft Ave,Car,Side-swipe,,Storm,Wet,,20.0,male,3.0,61500.0,14.552680161932471,121.0674157504269
MMTI-2025-0234,2025-10-16,01:09:00,Taguig,C5,UV Express,Side-swipe,,Cloudy,,Mechanical Failure,53.0,Male,3.0,68500.0,14.58372641498689,121.00710288239578
MMTI-2025-0235,2025-09-01,18:56:00,Caloocan,Aurora Blvd,Bus,Collision,,RAIN,Dry,Drunk Driving,25.0,FEMALE,1.0,23000.0,14.694432975667551,121.06169214426387
MMTI-2025-0236,2025-03-06,01:27:00,Makati,Taft Ave,Car,Rear-end,,Storm,Slippery,Distracted Driving,23.0,FEMALE,4.0,52500.0,14.61041083831508,121.07132483612925
MMTI-2025-0237,2025-09-24,14:58:00,Manila,Katipunan Ave,Jeepney,Pedestrian,,Clear,,Drunk Driving,27.0,Male,0.0,74000.0,14.65590893939285,121.05714912606194
MMTI-2025-0238,2025-10-02,11:56:00,Malabon,Roxas Blvd,Truck,Hit and Run,, clear,,Overspeeding,29.0,male,3.0,20000.0,14.62364889772036,121.03616257264267
MMTI-2025-0239,2025-07-25,01:25:00,Marikina,Quezon Ave,Motorcycle,Hit and Run,Fatal,Storm,Dry,Traffic Violation,,male,2.0,37500.0,14.668569313722282,121.07164695664672
MMTI-2025-0240,2025-12-17,03:55:00,Caloocan,Commonwealth Ave,Bus,Hit and Run,Fatal,Storm,,Distracted Driving,30.0,FEMALE,1.0,54000.0,14.648188959784001,121.05189865904526
MMTI-2025-0241,2025-07-11,01:32:00,Pasay,C5,Bus,Pedestrian,,Rain,,Overspeeding,29.0,Female,1.0,9000.0,14.549898052264856,120.99128973342562
MMTI-2025-0242,2025-07-04,22:12:00,Mandaluyong,Ortigas Ave,Taxi,Hit and Run,,Cloudy,Dry,Overspeeding,33.0,male,3.0,78000.0,14.589220686521505,121.09210407565607
MMTI-2025-0243,2025-08-31,18:35:00,Las Piñas,Ortigas Ave,Car,Side-swipe,Minor,Storm,Dry,,21.0,Female,4.0,29000.0,14.671422237487661,121.02947597835231
MMTI-2025-0244,2025-12-13,06:17:00,Malabon,España Blvd,Motorcycle,Collision,,Rain,Wet,Overspeeding,32.0,male,4.0,41000.0,14.64254809762094,121.04187363928965
MMTI-2025-0245,2025-05-21,13:57:00,Navotas,Ortigas Ave,Truck,Side-swipe,Major,Cloudy,Slippery,,55.0,Male,0.0,67000.0,14.699885875973635,121.09329709089292
MMTI-2025-0246,2025-07-11,17:41:00, Pasig,Katipunan Ave,Bus,Side-swipe,Minor,Cloudy,Dry,Traffic Violation,35.0,male,2.0,35000.0,14.63122392104729,121.09043755962308
MMTI-2025-0247,2025-11-30,09:12:00,Pasig,España Blvd,Taxi,Rear-end,Minor, clear,,Traffic Violation,61.0,Female,,5000.0,14.631080114092489,121.09949381991566
MMTI-2025-0248,2025-05-13,13:25:00,Navotas,EDSA,Jeepney,Pedestrian,Major,Storm,Wet,,60.0,male,4.0,40000.0,14.669083848848919,121.06812773891929
MMTI-2025-0249,2025-10-13,05:18:00,Taguig,Aurora Blvd,Car,Side-swipe,,Rain,Slippery,Distracted Driving,32.0,male,1.0,97000.0,14.674286446432896,120.98409451363696
MMTI-2025-0250,2025-06-19,11:16:00,Makati ,Roxas Blvd,Truck,Collision,,Clear,,Distracted Driving,48.0,Female,4.0,17000.0,14.673499550939646,120.97633384396113
MMTI-2025-0251,2025-06-02,13:03:00,Pasig,Commonwealth Ave,Car,Side-swipe,, clear,,Drunk Driving,38.0,Female,0.0,64000.0,14.566525889383305,121.09732807453994
MMTI-2025-0252,2025-06-10,20:03:00,Manila,Aurora Blvd,Bus,Rear-end,Major, clear,Wet,,68.0,Male,1.0,80500.0,14.586742282857728,120.98588194460183
MMTI-2025-0253,2025-08-08,15:24:00,Manila,EDSA,Jeepney,Rear-end,Fatal,Clear,Slippery,Mechanical Failure,19.0,Male,,95500.0,14.549764624575177,121.03870494943409
MMTI-2025-0254,2025-06-26,09:08:00,Taguig,Taft Ave,Jeepney,Pedestrian,Fatal,Rain,Dry,Overspeeding,37.0,male,3.0,95000.0,14.604057682449177,121.00482352873361
MMTI-2025-0255,2025-08-11,21:08:00,Marikina,Aurora Blvd,Bus,Rear-end,Major,Cloudy,Dry,Mechanical Failure,32.0,Female,1.0,95500.0,14.504382654413122,121.00092671091704
MMTI-2025-0256,2025-03-05,11:45:00,Quezon City,Taft Ave,UV Express,Side-swipe,, clear,Dry,Overspeeding,60.0,Male,,4500.0,14.509647011294588,120.92315796526786
MMTI-2025-0257,2025-08-16,12:07:00,QUEZON CITY,Roxas Blvd,Truck,Rear-end,Major,RAIN,Dry,Reckless Driving,44.0,Male,,68500.0,14.553995429907438,121.02112686738481
MMTI-2025-0258,2025-03-12,13:53:00,Taguig,España Blvd,UV Express,Pedestrian,Minor,Storm,Dry,Distracted Driving,49.0,Female,4.0,27500.0,14.655591783319405,121.06629976410143
MMTI-2025-0259,2025-04-14,11:45:00,Malabon,Roxas Blvd,Car,Collision,,Cloudy,Wet,,39.0,Female,0.0,3500.0,14.63432662649304,121.08137600885397
MMTI-2025-0260,2025-10-21,21:31:00,Pasig,C5,Taxi,Pedestrian,Minor,RAIN,Dry,Reckless Driving,59.0,Female,3.0,39500.0,14.552825004554208,120.9100160391626
MMTI-2025-0261,2025-03-31,01:54:00,San Juan,Ortigas Ave,Taxi,Side-swipe,,RAIN,Dry,Distracted Driving,66.0,Male,0.0,19500.0,14.63267100549817,120.93410245527129
MMTI-2025-0262,2025-07-03,14:39:00,Mandaluyong,C5,Bus,Side-swipe,Major,Clear,,,47.0,male,3.0,90000.0,14.670134315607317,121.0599798193898
MMTI-2025-0263,2025-11-29,05:07:00,Pasig,EDSA,Taxi,Rear-end,Minor,Cloudy,,,69.0,FEMALE,1.0,80000.0,14.575950155823177,120.97171978296542
MMTI-2025-0264,2025-01-15,21:56:00,Pasig,Aurora Blvd,Truck,Collision,,Cloudy,Dry,Distracted Driving,34.0,male,0.0,92000.0,14.673666454371704,121.00496358240773
MMTI-2025-0265,2025-10-23,23:36:00,Caloocan,Ortigas Ave,Jeepney,Pedestrian,,Clear,,Mechanical Failure,48.0,male,,88500.0,14.628280890561456,120.92973089045142
MMTI-2025-0266,2025-10-13,19:03:00,Manila,Commonwealth Ave,Jeepney,Hit and Run,,Rain,Dry,,38.0,Female,2.0,37500.0,14.51007014290531,120.94454130463376
MMTI-2025-0267,2025-11-26,12:25:00,Caloocan,C5,Truck,Hit and Run,,Cloudy,Dry,,46.0,male,0.0,65500.0,14.649047792931457,120.90355382576979
MMTI-2025-0268,2025-07-26,13:02:00,QUEZON CITY,España Blvd,Motorcycle,Collision,, clear,Slippery,Mechanical Failure,59.0,FEMALE,2.0,48500.0,14.665062198123746,121.06331773731547
MMTI-2025-0269,2025-08-21,10:35:00, Pasig,Katipunan Ave,Truck,Side-swipe,,Clear,Dry,Mechanical Failure,18.0,male,2.0,83000.0,14.692886736690868,120.95839671276167
MMTI-2025-0270,2025-09-25,11:44:00,Taguig,EDSA,Car,Hit and Run,Major,RAIN,,Distracted Driving,34.0,Female,1.0,17000.0,14.686043251830629,120.97857929798305
MMTI-2025-0271,2025-08-23,06:45:00,Marikina,C5,Taxi,Hit and Run,Minor,RAIN,,Distracted Driving,67.0,FEMALE,3.0,86000.0,14.617863233322188,121.00083951523101
MMTI-2025-0272,2025-09-13,00:33:00,Quezon City,España Blvd,Truck,Pedestrian,, clear,Wet,Drunk Driving,64.0,Female,0.0,51500.0,14.631504362226346,121.02123215479061
MMTI-2025-0273,2025-06-14,16:56:00,Navotas,Taft Ave,Jeepney,Rear-end,Fatal,Cloudy,Slippery,Reckless Driving,46.0,Female,1.0,54500.0,14.620504889935276,121.07728737108175
MMTI-2025-0274,2025-09-20,09:53:00,QUEZON CITY,Ortigas Ave,UV Express,Pedestrian,Major,Rain,Wet,Reckless Driving,61.0,male,,18500.0,14.696267099246974,121.0300172775614
MMTI-2025-0275,2025-04-02,16:34:00,Marikina,C5,Taxi,Side-swipe,,Cloudy,,,61.0,male,3.0,3500.0,14.604545997241841,120.9050544282509
MMTI-2025-0276,2025-03-16,01:42:00,Quezon City,Quezon Ave,Bus,Rear-end,Fatal,RAIN,Slippery,Drunk Driving,21.0,male,1.0,98000.0,14.608234417486647,120.97173648746912
MMTI-2025-0277,2025-08-20,03:39:00,QUEZON CITY,Quezon Ave,UV Express,Pedestrian,,Rain,,Reckless Driving,62.0,Male,3.0,51500.0,14.583313247496935,121.05762230601285
MMTI-2025-0278,2025-12-17,10:35:00,Quezon City,EDSA,UV Express,Side-swipe,Major, clear,,Mechanical Failure,58.0,male,4.0,71500.0,14.64769000649957,120.93929381635212
MMTI-2025-0279,2025-04-10,09:28:00,Pasay,C5,Car,Rear-end,,Clear,,Overspeeding,45.0,male,4.0,35500.0,14.526013306023074,121.0167972115368
MMTI-2025-0280,2025-05-11,00:21:00,Valenzuela,Commonwealth Ave,Motorcycle,Rear-end,Fatal, clear,Dry,Reckless Driving,49.0,male,0.0,92500.0,14.563571801074438,120.94399240308552
MMTI-2025-0281,2025-04-05,16:04:00,manila,Commonwealth Ave,Truck,Pedestrian,,Cloudy,Dry,Traffic Violation,32.0,Female,,44000.0,14.566213307322261,120.95871487143404
MMTI-2025-0282,2025-11-13,16:30:00,QUEZON CITY,EDSA,Motorcycle,Side-swipe,,Rain,,Mechanical Failure,20.0,male,3.0,16500.0,14.57717518695681,121.00804746258852
MMTI-2025-0283,2025-05-25,00:58:00,manila,Ortigas Ave,Jeepney,Pedestrian,,Cloudy,Dry,Reckless Driving,59.0,Female,2.0,67500.0,14.5164690896097,120.91919128621727
MMTI-2025-0284,2025-10-03,17:00:00,Makati,Quezon Ave,UV Express,Rear-end,,Clear,Wet,,59.0,Male,,89500.0,14.530750915443528,120.99184504705201
MMTI-2025-0285,2025-06-19,01:05:00,Makati,EDSA,Car,Side-swipe,,Clear,,Mechanical Failure,34.0,FEMALE,3.0,59500.0,14.626043452925158,120.98660500692786
MMTI-2025-0286,2025-01-09,12:43:00,Taguig,España Blvd,Motorcycle,Pedestrian,Minor,RAIN,,Overspeeding,62.0,Male,2.0,66000.0,14.521227108373994,121.05737837953252
MMTI-2025-0287,2025-06-04,19:05:00,San Juan,Aurora Blvd,Truck,Hit and Run,Minor,Cloudy,Wet,Mechanical Failure,26.0,FEMALE,4.0,39500.0,14.692026853016086,120.9288151074917
MMTI-2025-0288,2025-12-13,23:41:00,Las Piñas,EDSA,Jeepney,Pedestrian,Major,Clear,Dry,Overspeeding,54.0,FEMALE,4.0,72000.0,14.689395877845774,120.9609382304699
MMTI-2025-0289,2025-06-26,06:26:00,manila,Commonwealth Ave,Car,Rear-end,Major, clear,Slippery,Mechanical Failure,25.0,Female,,74500.0,14.670450225553495,121.0702775444851
MMTI-2025-0290,2025-10-09,14:41:00,QUEZON CITY,C5,Bus,Collision,Fatal,Clear,Wet,,39.0,male,1.0,87500.0,14.631094596139391,120.9200090114551
MMTI-2025-0291,2025-11-14,02:57:00,Parañaque,Ortigas Ave,Truck,Hit and Run,Fatal, clear,Slippery,Drunk Driving,54.0,male,2.0,56500.0,14.533727902181196,120.96264295614687
MMTI-2025-0292,2025-04-24,22:47:00,Malabon,Roxas Blvd,Taxi,Side-swipe,Major,RAIN,Slippery,,47.0,FEMALE,2.0,41000.0,14.597394276487337,120.92176652725901
MMTI-2025-0293,2025-11-27,19:05:00,Mandaluyong,Commonwealth Ave,Jeepney,Rear-end,Fatal,RAIN,Dry,Distracted Driving,19.0,Male,4.0,76000.0,14.581026893510224,121.01800726236814
MMTI-2025-0294,2025-01-19,17:16:00,QUEZON CITY,España Blvd,Truck,Rear-end,Fatal,Cloudy,Wet,Reckless Driving,26.0,FEMALE,4.0,67000.0,14.518110804851034,120.97277311161484
MMTI-2025-0295,2025-01-06,21:15:00, Pasig,Commonwealth Ave,Taxi,Pedestrian,Major,Cloudy,Wet,Drunk Driving,54.0,Female,,95500.0,14.596700683145485,120.97175910776917
MMTI-2025-0296,2025-04-23,15:14:00,Makati,Roxas Blvd,Bus,Rear-end,Minor,RAIN,Wet,Traffic Violation,42.0,FEMALE,3.0,7500.0,14.50798093971698,121.02970494974267
MMTI-2025-0297,2025-02-22,22:33:00,Mandaluyong,Roxas Blvd,Jeepney,Pedestrian,,Rain,,,41.0,Male,4.0,34000.0,14.57526575620871,121.08144848528937
MMTI-2025-0298,2025-09-22,12:22:00,Las Piñas,Aurora Blvd,Taxi,Hit and Run,,Clear,,Drunk Driving,46.0,Female,1.0,11500.0,14.602908254628595,120.95616190166999
MMTI-2025-0299,2025-03-18,05:10:00,Las Piñas,Katipunan Ave,UV Express,Collision,Major,Cloudy,Slippery,Distracted Driving,48.0,FEMALE,3.0,28500.0,14.618158179761837,121.02945184682811
MMTI-2025-0300,2025-07-30,00:15:00,Quezon City,Commonwealth Ave,Jeepney,Pedestrian,Major,Rain,,Overspeeding,54.0,Female,0.0,23000.0,14.551651929203341,120.93600750791526
MMTI-2025-0301,2025-07-27,19:36:00,Manila,Roxas Blvd,Motorcycle,Rear-end,, clear,,,28.0,Female,3.0,78500.0,14.528542427412594,121.01652922752568
MMTI-2025-0302,2025-04-04,19:42:00,manila,Roxas Blvd,Car,Side-swipe,, clear,,Distracted Driving,32.0,FEMALE,3.0,18500.0,14.521714022780303,120.94046970981763
MMTI-2025-0303,2025-09-16,21:26:00,Pasig,Katipunan Ave,Motorcycle,Rear-end,, clear,,Overspeeding,68.0,Male,0.0,63500.0,14.631878522232665,121.08039695114415
MMTI-2025-0304,2025-10-04,00:57:00,Malabon,España Blvd,Truck,Side-swipe,Minor,RAIN,,,32.0,FEMALE,3.0,46500.0,14.617809617228241,121.04827880845646
MMTI-2025-0305,2025-12-23,18:06:00,Malabon,Commonwealth Ave,Bus,Hit and Run,Major,Clear,Slippery,,34.0,Female,0.0,92500.0,14.648729136272404,120.90142281588612
MMTI-2025-0306,2025-09-25,03:33:00,Manila,Taft Ave,UV Express,Rear-end,Fatal,Cloudy,Slippery,Distracted Driving,27.0,FEMALE,,76500.0,14.550726545246397,121.0709953852536
MMTI-2025-0307,2025-08-05,18:23:00, Pasig,Roxas Blvd,UV Express,Hit and Run,Major,Cloudy,,,29.0,male,4.0,73000.0,14.596752031525638,121.097701652805
MMTI-2025-0308,2025-10-23,11:49:00,Navotas,Commonwealth Ave,Taxi,Collision,Major,Cloudy,Wet,Distracted Driving,31.0,FEMALE,2.0,72000.0,14.622805073405887,121.0369128893417
MMTI-2025-0309,2025-01-27,05:24:00,Manila,C5,Taxi,Rear-end,, clear,,Distracted Driving,22.0,male,1.0,49000.0,14.51600794733916,120.90755106765702
MMTI-2025-0310,2025-07-16,12:39:00,manila,Roxas Blvd,UV Express,Pedestrian,Minor,Rain,,,18.0,Female,,68000.0,14.557201302341738,120.90672187027926
MMTI-2025-0311,2025-11-03,16:33:00,Caloocan,Katipunan Ave,Car,Collision,Fatal,Rain,Dry,Drunk Driving,23.0,male,3.0,47000.0,14.63393240927926,120.98109019337011
MMTI-2025-0312,2025-04-13,16:00:00,Makati,C5,Jeepney,Side-swipe,, clear,Slippery,Traffic Violation,,male,1.0,79500.0,14.692611427895017,120.99095180173177
MMTI-2025-0313,2025-07-26,18:00:00,Mandaluyong,Commonwealth Ave,Truck,Pedestrian,Minor, clear,Dry,Reckless Driving,39.0,Male,4.0,34500.0,14.675222609248614,121.06262946992128
MMTI-2025-0314,2025-10-22,08:44:00,Valenzuela,Taft Ave,Jeepney,Hit and Run,Major,Storm,,,55.0,Male,3.0,16500.0,14.55156395296388,120.97653464918385
MMTI-2025-0315,2025-04-23,21:44:00,Caloocan,Ortigas Ave,Truck,Side-swipe,, clear,Dry,Reckless Driving,33.0,male,0.0,53000.0,14.634739583356362,121.06421493789851
MMTI-2025-0316,2025-02-08,17:59:00,Pasay,Aurora Blvd,Bus,Side-swipe,Major, clear,Slippery,Drunk Driving,65.0,Female,3.0,96000.0,14.539933307818862,121.04708581304857
MMTI-2025-0317,2025-05-16,06:14:00,Parañaque,Quezon Ave,Taxi,Pedestrian,Fatal,Rain,Dry,Distracted Driving,23.0,FEMALE,4.0,2500.0,14.652848842527105,121.00829479092062
MMTI-2025-0318,2025-01-22,15:23:00, Pasig,Ortigas Ave,Truck,Pedestrian,Fatal,Cloudy,Wet,Reckless Driving,43.0,Female,4.0,18000.0,14.510829634257757,121.059853983556
MMTI-2025-0319,2025-09-02,17:02:00,manila,Ortigas Ave,Truck,Rear-end,,Clear,,,38.0,Male,0.0,88000.0,14.54215047714029,121.0162016437959
MMTI-2025-0320,2025-06-16,11:39:00,Mandaluyong,Commonwealth Ave,Jeepney,Side-swipe,Major,Storm,,Traffic Violation,41.0,Female,3.0,56000.0,14.54210649642213,121.04014252536327
MMTI-2025-0321,2025-07-10,11:54:00,Navotas,Roxas Blvd,Truck,Rear-end,,Rain,,Mechanical Failure,,Male,,36500.0,14.660817516201444,121.01106800948415
MMTI-2025-0322,2025-07-15,06:09:00,Pasig,Aurora Blvd,Taxi,Collision,Major,Cloudy,,Drunk Driving,58.0,male,3.0,40000.0,14.55019480669817,121.07170039648986
MMTI-2025-0323,2025-01-25,12:06:00,Pasay,EDSA,Car,Side-swipe,,RAIN,Dry,,65.0,male,2.0,48000.0,14.572061316013858,121.0114982976494
MMTI-2025-0324,2025-05-12,11:01:00,Malabon,C5,Bus,Pedestrian,Major, clear,,Drunk Driving,67.0,male,2.0,43500.0,14.63463856802947,120.99749874886088
MMTI-2025-0325,2025-08-17,02:24:00, Pasig,Roxas Blvd,Truck,Rear-end,Major,RAIN,Slippery,,58.0,FEMALE,0.0,12000.0,14.532399897789396,120.94564358787758
MMTI-2025-0326,2025-06-12,20:18:00,Mandaluyong,Katipunan Ave,UV Express,Hit and Run,Fatal,Cloudy,Slippery,,44.0,Female,1.0,4500.0,14.5250079821464,120.9469254384369
MMTI-2025-0327,2025-05-09,23:44:00,Makati,Quezon Ave,Car,Hit and Run,Minor,Clear,Dry,,53.0,Male,0.0,-5000.0,14.579402504152034,121.05299927442672
MMTI-2025-0328,2025-02-12,03:16:00, Pasig,Commonwealth Ave,Motorcycle,Hit and Run,Fatal,Rain,Wet,Reckless Driving,46.0,Female,1.0,69000.0,14.667703555778575,120.905714258604
MMTI-2025-0329,2025-12-06,11:55:00,Marikina,Aurora Blvd,Truck,Pedestrian,Fatal, clear,,Drunk Driving,62.0,Female,4.0,78000.0,14.591308684097301,121.04978232031443
MMTI-2025-0330,2025-10-16,13:33:00,QUEZON CITY,Roxas Blvd,Bus,Hit and Run,,Rain,Dry,,37.0,male,3.0,35000.0,14.531143507813772,120.90211116373553
MMTI-2025-0331,2025-09-25,04:22:00,San Juan,Aurora Blvd,Jeepney,Collision,,Cloudy,Slippery,Overspeeding,67.0,FEMALE,2.0,78000.0,14.546243078703831,120.90144359700116
MMTI-2025-0332,2025-07-11,06:26:00,QUEZON CITY,Taft Ave,Truck,Rear-end,Major,RAIN,,,32.0,male,0.0,56000.0,14.625064602851214,121.00332201237163
MMTI-2025-0333,2025-11-10,22:43:00,Mandaluyong,Roxas Blvd,UV Express,Pedestrian,Fatal,Cloudy,Wet,Distracted Driving,29.0,Female,2.0,16000.0,14.62737854190967,121.02354588278051
MMTI-2025-0334,2025-05-20,22:39:00,Pateros,Quezon Ave,Bus,Collision,Major,Clear,,Overspeeding,29.0,Male,2.0,36000.0,14.525007840566628,120.98768332708941
MMTI-2025-0335,2025-01-05,07:05:00,Pasig,EDSA,Truck,Rear-end,Fatal,Cloudy,Slippery,,41.0,FEMALE,,6000.0,14.566049729407165,121.06870925985362
MMTI-2025-0336,2025-03-16,01:17:00,Navotas,C5,Jeepney,Hit and Run,Major,Rain,Slippery,,18.0,Male,,33500.0,14.576959579842129,121.09499444282497
MMTI-2025-0337,2025-05-07,23:02:00,Parañaque,Aurora Blvd,UV Express,Collision,,RAIN,Wet,,42.0,male,2.0,22000.0,14.62583285082614,120.90843718311895
MMTI-2025-0338,2025-10-09,16:07:00,Mandaluyong,Aurora Blvd,UV Express,Side-swipe,Major,Storm,Dry,Mechanical Failure,25.0,Female,,57500.0,14.56490269752602,120.93347207128166
MMTI-2025-0339,2025-05-22,18:07:00,Navotas,Quezon Ave,Motorcycle,Collision,,RAIN,,Drunk Driving,41.0,Male,1.0,22000.0,14.599983841317,121.03718892875112
MMTI-2025-0340,2025-06-23,20:03:00,Quezon City,Ortigas Ave,UV Express,Rear-end,,Clear,Wet,,32.0,male,4.0,84500.0,14.651339504640278,121.06110507531733
MMTI-2025-0341,2025-08-13,23:12:00,Manila,Taft Ave,Bus,Rear-end,Fatal,Clear,,,53.0,male,4.0,91000.0,14.598018399163747,121.01334034679329
MMTI-2025-0342,2025-10-06,11:20:00,Valenzuela,Roxas Blvd,Taxi,Pedestrian,,Rain,Dry,Drunk Driving,46.0,male,2.0,71000.0,14.573422541400907,120.90014396574486
MMTI-2025-0343,2025-11-23,16:24:00,Pasay,EDSA,Jeepney,Side-swipe,,Rain,Slippery,Distracted Driving,60.0,FEMALE,1.0,69000.0,14.636644836511536,121.05314681910198
MMTI-2025-0344,2025-03-20,19:18:00,Marikina,Taft Ave,UV Express,Side-swipe,Minor,Clear,,Distracted Driving,20.0,Female,1.0,6000.0,14.540415805737757,120.99707405744735
MMTI-2025-0345,2025-02-20,01:36:00,Navotas,Aurora Blvd,Jeepney,Pedestrian,,Storm,Dry,Traffic Violation,32.0,Male,0.0,28500.0,14.63114987237961,121.08568074388768
MMTI-2025-0346,2025-02-10,14:51:00,Quezon City,Ortigas Ave,Jeepney,Hit and Run,Fatal,RAIN,Dry,Reckless Driving,51.0,Male,,11000.0,14.66689129964099,120.91558707497211
MMTI-2025-0347,2025-04-21,16:06:00,Taguig,Quezon Ave,Jeepney,Hit and Run,Major,Rain,,Mechanical Failure,54.0,Female,4.0,97500.0,14.611628321431851,121.04922167525518
MMTI-2025-0348,2025-11-23,18:22:00,Valenzuela,Taft Ave,Motorcycle,Rear-end,Major, clear,,Traffic Violation,60.0,Female,4.0,78500.0,14.588602433999657,120.97046481505407
MMTI-2025-0349,2025-06-11,17:20:00,Las Piñas,Taft Ave,Taxi,Hit and Run,Fatal, clear,Wet,Mechanical Failure,42.0,male,2.0,59500.0,14.58949995779965,120.97941811233788
MMTI-2025-0350,2025-01-18,09:38:00,Manila,España Blvd,Car,Side-swipe,Minor,Storm,Wet,Mechanical Failure,38.0,Male,,37000.0,14.683822416594122,121.00225429766823
MMTI-2025-0351,2025-10-20,18:09:00,Taguig,EDSA,Truck,Side-swipe,Major,Rain,Slippery,Traffic Violation,55.0,Female,1.0,34500.0,14.662214847356532,120.91838102425709
MMTI-2025-0352,2025-07-24,18:58:00,Parañaque,C5,UV Express,Side-swipe,,Rain,,Distracted Driving,56.0,male,0.0,95500.0,14.661668234432167,120.9763092220999
MMTI-2025-0353,2025-01-29,10:22:00,Malabon,Taft Ave,Taxi,Collision,Major,RAIN,,Overspeeding,58.0,FEMALE,0.0,41000.0,14.604876670302723,120.96386330804219
MMTI-2025-0354,2025-10-17,04:20:00,manila,Quezon Ave,Car,Collision,,Cloudy,,Distracted Driving,32.0,FEMALE,2.0,52000.0,14.52960248013167,120.96723363560818
MMTI-2025-0355,2025-09-01,18:47:00,Quezon City,España Blvd,Truck,Side-swipe,Minor,Cloudy,,,67.0,Female,1.0,63500.0,14.611859235462708,120.99757221996087
MMTI-2025-0356,2025-11-30,18:12:00,QUEZON CITY,Katipunan Ave,UV Express,Pedestrian,Major,Rain,Dry,Reckless Driving,67.0,FEMALE,2.0,89500.0,14.684827616179017,120.91791892962536
MMTI-2025-0357,2025-12-10,13:27:00,Las Piñas,Ortigas Ave,Car,Side-swipe,Fatal, clear,Dry,Reckless Driving,28.0,male,4.0,58500.0,14.624636431255666,120.98809268481267
MMTI-2025-0358,2025-04-30,06:43:00,Las Piñas,Commonwealth Ave,Taxi,Collision,Minor,RAIN,Dry,Mechanical Failure,57.0,Female,2.0,3500.0,14.56865427448421,121.06085615472686
MMTI-2025-0359,2025-06-06,14:30:00,Manila,Ortigas Ave,Car,Pedestrian,Major,Rain,,Reckless Driving,53.0,FEMALE,4.0,95000.0,14.69846042564712,121.03901422872954
MMTI-2025-0360,2025-12-09,00:24:00,Makati ,España Blvd,Motorcycle,Side-swipe,Major,Clear,Slippery,Mechanical Failure,68.0,male,0.0,61500.0,14.630951574363078,120.9016668350497
MMTI-2025-0361,2025-07-18,21:17:00,Las Piñas,C5,Motorcycle,Side-swipe,,Rain,,Distracted Driving,38.0,FEMALE,4.0,70000.0,14.51760413376453,120.93977504000165
MMTI-2025-0362,2025-08-23,17:59:00,Manila,EDSA,Car,Pedestrian,Fatal,Storm,,,65.0,Female,0.0,46000.0,14.63686227105843,120.97107562664931
MMTI-2025-0363,2025-06-04,07:32:00,Mandaluyong,EDSA,UV Express,Side-swipe,,Clear,,Reckless Driving,32.0,Female,2.0,52000.0,14.631386351789923,120.91755900342747
MMTI-2025-0364,2025-07-15,16:43:00, Pasig,Quezon Ave,Truck,Rear-end,,Rain,,Reckless Driving,56.0,male,3.0,71000.0,14.526354426453645,121.03049452921536
MMTI-2025-0365,2025-10-25,17:43:00,Parañaque,Commonwealth Ave,Bus,Pedestrian,Major,Cloudy,Wet,Drunk Driving,38.0,Male,4.0,70000.0,14.689720312832952,120.92367745814344
MMTI-2025-0366,2025-06-12,04:46:00,Manila,Ortigas Ave,Truck,Hit and Run,Fatal,Cloudy,Slippery,Drunk Driving,67.0,Female,0.0,18500.0,14.536949299314914,121.0524894967466
MMTI-2025-0367,2025-11-10,19:17:00, Pasig,Katipunan Ave,Jeepney,Rear-end,,Rain,Wet,Overspeeding,40.0,Male,,63000.0,14.526817325506098,121.06922764719235
MMTI-2025-0368,2025-08-29,22:41:00,Las Piñas,Commonwealth Ave,Taxi,Hit and Run,,Cloudy,Wet,Drunk Driving,30.0,Female,0.0,54000.0,14.652907770825648,120.90300285209035
MMTI-2025-0369,2025-05-19,13:14:00,Parañaque,Quezon Ave,Motorcycle,Rear-end,, clear,,Traffic Violation,47.0,Female,3.0,53500.0,14.655242943826059,121.02158599158426
MMTI-2025-0370,2025-07-14,23:20:00,Navotas,Katipunan Ave,UV Express,Pedestrian,, clear,,Overspeeding,51.0,Male,3.0,60000.0,14.66540202033187,120.90848318320182
MMTI-2025-0371,2025-05-06,16:34:00,Navotas,EDSA,Jeepney,Hit and Run,,RAIN,Dry,Mechanical Failure,36.0,FEMALE,3.0,40500.0,14.654735402506025,120.95718291768632
MMTI-2025-0372,2025-03-27,13:18:00, Pasig,EDSA,UV Express,Pedestrian,Major,Cloudy,,Distracted Driving,64.0,Male,1.0,76500.0,14.687568491539848,121.03922282836797
MMTI-2025-0373,2025-03-11,12:26:00,Marikina,Aurora Blvd,Motorcycle,Rear-end,, clear,Wet,,23.0,male,2.0,90500.0,14.629715286056939,121.04229394912197
MMTI-2025-0374,2025-03-25,22:46:00,Taguig,C5,Motorcycle,Hit and Run,Fatal,Clear,,,64.0,Female,3.0,72000.0,14.576121401852228,121.05365206475689
MMTI-2025-0375,2025-06-21,18:55:00,Pasig,Commonwealth Ave,Taxi,Rear-end,Major,RAIN,Dry,,37.0,male,,,14.692193222710875,120.95775610748896
MMTI-2025-0376,2025-04-03,03:57:00,Pasig,Quezon Ave,Motorcycle,Pedestrian,Fatal,Clear,,,49.0,Male,4.0,65000.0,14.547575670803896,121.01777246543686
MMTI-2025-0377,2025-09-01,14:26:00,Valenzuela,C5,Jeepney,Pedestrian,Minor,Rain,,Reckless Driving,57.0,Female,0.0,25500.0,14.529651233635938,121.03065537564311
MMTI-2025-0378,2025-01-19,04:54:00,Quezon City,Katipunan Ave,Taxi,Pedestrian,Fatal,Storm,Dry,Overspeeding,24.0,FEMALE,1.0,22500.0,14.634418099052281,121.02221795120974
MMTI-2025-0379,2025-12-21,22:38:00,Makati ,España Blvd,Car,Hit and Run,,Storm,Dry,Distracted Driving,67.0,male,2.0,49000.0,14.67950595524749,121.0640529484565
MMTI-2025-0380,2025-08-07,17:04:00,San Juan,Aurora Blvd,Car,Collision,Fatal,Storm,,,51.0,Female,,28500.0,14.622410748985684,120.92186044688727
MMTI-2025-0381,2025-11-19,16:05:00,Pateros,Katipunan Ave,Taxi,Side-swipe,, clear,Slippery,Reckless Driving,51.0,male,1.0,80500.0,14.612526867533322,121.0039411600369
MMTI-2025-0382,2025-11-20,15:31:00,Pasay,Katipunan Ave,Car,Side-swipe,Major,Clear,Dry,Overspeeding,47.0,Male,,28500.0,14.659912870251102,121.09979740145003
MMTI-2025-0383,2025-07-31,01:21:00,Las Piñas,España Blvd,Taxi,Rear-end,Minor,RAIN,Wet,Reckless Driving,34.0,Male,2.0,40000.0,14.601337925419202,120.96478476787662
MMTI-2025-0384,2025-01-04,03:43:00,Marikina,Ortigas Ave,Truck,Pedestrian,,Clear,Wet,Mechanical Failure,39.0,male,,63000.0,14.683232610634715,121.0594508767658
MMTI-2025-0385,2025-11-27,04:30:00,Pasig,Aurora Blvd,Taxi,Pedestrian,Fatal,Cloudy,,Overspeeding,51.0,male,4.0,94500.0,14.635639524929974,121.01103544166071
MMTI-2025-0386,2025-01-10,06:36:00,Marikina,Ortigas Ave,Motorcycle,Rear-end,Fatal,Clear,Slippery,,58.0,Female,4.0,79500.0,14.577913254778652,121.019038373406
MMTI-2025-0387,2025-06-07,22:54:00,Marikina,EDSA,Bus,Hit and Run,Minor,Cloudy,Wet,Traffic Violation,46.0,male,1.0,69000.0,14.560463659726102,120.92244625445339
MMTI-2025-0388,2025-01-20,06:58:00,Makati,Aurora Blvd,Jeepney,Collision,, clear,Wet,Mechanical Failure,39.0,FEMALE,,69000.0,14.562071741782923,120.96546759030714
MMTI-2025-0389,2025-02-20,16:43:00,Pasig,Quezon Ave,UV Express,Collision,,Cloudy,,Distracted Driving,18.0,male,0.0,89500.0,14.669624804845881,121.0743750186072
MMTI-2025-0390,2025-06-20,14:56:00,Quezon City,C5,Jeepney,Side-swipe,Minor, clear,Slippery,Mechanical Failure,38.0,Female,1.0,38500.0,14.555329907733613,120.9638299581003
MMTI-2025-0391,2025-08-14,21:07:00,Mandaluyong,Commonwealth Ave,Car,Side-swipe,Minor,Clear,,Distracted Driving,31.0,male,4.0,42500.0,14.554210420163805,121.08865556374842
MMTI-2025-0392,2025-05-26,18:15:00,Pasay,C5,Bus,Pedestrian,Fatal, clear,,Overspeeding,26.0,Male,3.0,88000.0,14.510091202118884,120.97671992786796
MMTI-2025-0393,2025-02-14,13:25:00,Pasay,Katipunan Ave,Jeepney,Hit and Run,,Storm,Slippery,Traffic Violation,,Female,,99000.0,14.634174053086786,121.00669698577903
MMTI-2025-0394,2025-08-27,18:08:00,Makati,Aurora Blvd,Motorcycle,Hit and Run,Fatal,RAIN,,,32.0,Female,1.0,80500.0,14.551610553134772,120.97268986909401
MMTI-2025-0395,2025-04-04,22:58:00,Marikina,Ortigas Ave,Truck,Hit and Run,Minor,Clear,,Distracted Driving,40.0,FEMALE,3.0,23500.0,14.55645147378436,120.9697230884499
MMTI-2025-0396,2025-10-22,04:32:00,Taguig,Taft Ave,Taxi,Collision,Fatal, clear,Dry,Reckless Driving,52.0,FEMALE,3.0,77500.0,14.582688381133341,121.02417496777132
MMTI-2025-0397,2025-10-08,05:30:00,Navotas,C5,Bus,Rear-end,,Cloudy,,Traffic Violation,52.0,Female,1.0,86500.0,14.633921039220533,121.0478734089894
MMTI-2025-0398,2025-12-31,18:53:00,Pateros,C5,Jeepney,Pedestrian,,Storm,,Distracted Driving,,FEMALE,1.0,41000.0,14.691176689275792,120.9139215269659
MMTI-2025-0399,2025-02-25,21:52:00, Pasig,Taft Ave,Bus,Hit and Run,Minor,Clear,Wet,Drunk Driving,55.0,Male,1.0,86500.0,14.5298432863548,121.00625116421507
MMTI-2025-0400,2025-07-19,19:36:00,Valenzuela,Quezon Ave,Car,Side-swipe,Fatal, clear,Slippery,,63.0,male,0.0,76500.0,14.501623850481943,121.09728432969813
MMTI-2025-0401,2025-07-26,04:54:00,San Juan,EDSA,Bus,Pedestrian,Minor,Clear,,Traffic Violation,25.0,male,0.0,32000.0,14.586343100223276,121.01803277491669
MMTI-2025-0402,2025-11-17,10:45:00,Navotas,Taft Ave,Truck,Hit and Run,,Rain,Wet,,26.0,Female,4.0,51000.0,14.668665534145358,120.97205757772917
MMTI-2025-0403,2025-08-02,04:18:00,Pasig,Commonwealth Ave,Motorcycle,Collision,Minor,Rain,,,26.0,Male,1.0,84000.0,14.661188322925351,121.07203055241112
MMTI-2025-0404,2025-12-23,19:59:00,Malabon,Katipunan Ave,Car,Hit and Run,,Cloudy,,,42.0,male,1.0,25500.0,14.584954371459146,120.90148599829963
MMTI-2025-0405,2025-09-13,23:15:00,manila,Roxas Blvd,Truck,Pedestrian,,Storm,Dry,Overspeeding,54.0,FEMALE,,49000.0,14.522632873922987,120.99630658173821
MMTI-2025-0406,2025-12-20,02:09:00,manila,Roxas Blvd,Truck,Pedestrian,Minor, clear,,Distracted Driving,33.0,FEMALE,,96500.0,14.632747387827056,121.0337434278102
MMTI-2025-0407,2025-12-17,20:34:00,Makati ,Roxas Blvd,Jeepney,Collision,Fatal, clear,Dry,,47.0,FEMALE,4.0,95500.0,14.566302797825658,120.97058290833321
MMTI-2025-0408,2025-05-31,09:10:00,Quezon City,Katipunan Ave,UV Express,Side-swipe,,Storm,Dry,,55.0,Female,4.0,8500.0,14.631263977274843,120.95835064174071
MMTI-2025-0409,2025-11-16,00:18:00,Pateros,C5,Car,Pedestrian,Minor,Storm,Slippery,Drunk Driving,57.0,male,2.0,34500.0,14.502840602012618,120.92230988085839
MMTI-2025-0410,2025-03-31,18:47:00,Pasig,Aurora Blvd,Bus,Rear-end,Fatal,RAIN,Wet,,29.0,Male,2.0,12500.0,14.693469126738712,121.019108818373
MMTI-2025-0411,2025-03-20,15:48:00,Malabon,Taft Ave,Car,Hit and Run,Major,Rain,,Traffic Violation,21.0,male,0.0,8500.0,14.533520079350494,120.97974896054899
MMTI-2025-0412,2025-06-04,15:47:00,QUEZON CITY,Quezon Ave,Truck,Hit and Run,,Storm,Wet,,18.0,male,3.0,50500.0,14.635698681050075,121.09235254456141
MMTI-2025-0413,2025-12-16,01:06:00,QUEZON CITY,Ortigas Ave,Taxi,Hit and Run,,RAIN,Slippery,Traffic Violation,35.0,male,0.0,34500.0,14.630868656313682,120.97823075273799
MMTI-2025-0414,2025-12-12,23:15:00,Makati ,Quezon Ave,Jeepney,Side-swipe,Major,Storm,,Overspeeding,61.0,Male,0.0,3500.0,14.582249753322749,121.00505285278545
MMTI-2025-0415,2025-12-17,14:22:00,Caloocan,Roxas Blvd,Bus,Rear-end,Minor,Clear,,Distracted Driving,21.0,Female,4.0,83500.0,14.52435802624833,121.0915590675473
MMTI-2025-0416,2025-02-14,19:08:00,Navotas,Katipunan Ave,Taxi,Rear-end,Minor,RAIN,Wet,Reckless Driving,36.0,FEMALE,,11500.0,14.627756101568705,121.08453907816894
MMTI-2025-0417,2025-05-22,13:44:00,Marikina,Roxas Blvd,Car,Collision,Fatal,Clear,,,39.0,Male,2.0,35500.0,14.535585897327326,120.91387969626743
MMTI-2025-0418,2025-04-13,19:25:00,Pasay,Aurora Blvd,Motorcycle,Rear-end,,Cloudy,Wet,Distracted Driving,46.0,male,0.0,6000.0,14.514583900675792,121.01426891196898
MMTI-2025-0419,2025-05-09,14:01:00,Pateros,Commonwealth Ave,UV Express,Collision,Minor,RAIN,,Reckless Driving,27.0,male,3.0,75500.0,14.500740750901972,121.04152113041269
MMTI-2025-0420,2025-09-09,15:27:00,Navotas,C5,Jeepney,Rear-end,Minor,Cloudy,,Distracted Driving,54.0,male,2.0,89000.0,14.56056561529728,120.91103893463652
MMTI-2025-0421,2025-11-28,02:23:00,QUEZON CITY,Ortigas Ave,Motorcycle,Hit and Run,Fatal,RAIN,Wet,Drunk Driving,53.0,Male,3.0,86500.0,14.538200632183061,121.03917645572142
MMTI-2025-0422,2025-02-24,20:44:00,Las Piñas,Aurora Blvd,Motorcycle,Hit and Run,Major,Rain,Dry,Mechanical Failure,19.0,Female,3.0,51500.0,14.51259852616897,121.00811040944369
MMTI-2025-0423,2025-06-07,15:34:00,Valenzuela,EDSA,Motorcycle,Side-swipe,Minor,Storm,Dry,,25.0,Female,,87000.0,14.604623927859024,121.08801795792294
MMTI-2025-0424,2025-10-02,04:47:00,Makati ,Quezon Ave,Motorcycle,Collision,Major,Cloudy,Dry,,57.0,Male,1.0,91500.0,14.629757283822503,120.9028730409924
MMTI-2025-0425,2025-11-20,01:57:00,San Juan,C5,Truck,Pedestrian,Major, clear,Dry,Distracted Driving,25.0,FEMALE,4.0,80500.0,14.544114504848585,121.06089070618546
MMTI-2025-0426,2025-08-07,10:51:00,Navotas,Ortigas Ave,Motorcycle,Pedestrian,,Rain,Slippery,Mechanical Failure,66.0,Male,4.0,24000.0,14.567100745533738,120.92414909791037
MMTI-2025-0427,2025-03-14,13:10:00,Las Piñas,España Blvd,Car,Hit and Run,Major, clear,Dry,Drunk Driving,24.0,FEMALE,1.0,4000.0,14.67592538816775,120.91614452154391
MMTI-2025-0428,2025-01-04,05:59:00,Makati,Katipunan Ave,Bus,Hit and Run,,RAIN,Wet,Mechanical Failure,27.0,male,4.0,59500.0,14.58240626490005,121.08761792208932
MMTI-2025-0429,2025-11-09,22:02:00, Pasig,Commonwealth Ave,UV Express,Hit and Run,,Clear,Slippery,Traffic Violation,44.0,Male,4.0,32000.0,14.538380572374923,121.09732070495218
MMTI-2025-0430,2025-02-18,19:23:00,QUEZON CITY,España Blvd,Car,Hit and Run,Major,Storm,Dry,Mechanical Failure,25.0,Female,,62500.0,14.599502967560774,120.93195191870652
MMTI-2025-0431,2025-01-23,01:41:00,Las Piñas,Roxas Blvd,Car,Hit and Run,Fatal,Storm,,,20.0,Male,,8500.0,14.684972269143701,120.93517752164311
MMTI-2025-0432,2025-01-15,15:32:00,Taguig,C5,Car,Hit and Run,, clear,Slippery,,30.0,male,1.0,16000.0,14.565226444941434,120.9196128267603
MMTI-2025-0433,2025-07-31,06:24:00,Caloocan,C5,Truck,Pedestrian,,Clear,,Drunk Driving,31.0,FEMALE,1.0,51500.0,14.574697016382821,120.99154803860162
MMTI-2025-0434,2025-04-10,20:22:00,Mandaluyong,Quezon Ave,Bus,Rear-end,Minor,RAIN,,Overspeeding,35.0,Female,0.0,61500.0,14.5917157849941,120.93424026334337
MMTI-2025-0435,2025-06-25,07:56:00,San Juan,Katipunan Ave,Car,Pedestrian,Major, clear,,Mechanical Failure,23.0,FEMALE,4.0,64500.0,14.672439810627198,120.94328852086005
MMTI-2025-0436,2025-08-31,14:17:00,Manila,Taft Ave,UV Express,Rear-end,Major,Storm,,Mechanical Failure,55.0,Female,4.0,2500.0,14.583554370671784,120.90884483909616
MMTI-2025-0437,2025-08-29,23:49:00,manila,EDSA,Truck,Pedestrian,,Cloudy,Dry,,49.0,Female,0.0,73000.0,14.650615738350783,121.03863196780054
MMTI-2025-0438,2025-07-28,06:08:00,Las Piñas,Roxas Blvd,Car,Collision,Minor,Cloudy,Slippery,Drunk Driving,63.0,FEMALE,4.0,97500.0,14.616732022202632,121.09528415568894
MMTI-2025-0439,2025-08-26,04:55:00,Navotas,Commonwealth Ave,Taxi,Side-swipe,,RAIN,Dry,Distracted Driving,42.0,male,4.0,6000.0,14.559317996242497,121.05057760219245
MMTI-2025-0440,2025-12-24,19:34:00,Makati ,Quezon Ave,Taxi,Collision,,Storm,Dry,Traffic Violation,21.0,Male,3.0,48500.0,14.593070575027367,120.90817486698266
MMTI-2025-0441,2025-07-07,05:41:00,QUEZON CITY,C5,Jeepney,Rear-end,Major,Storm,Wet,Distracted Driving,59.0,FEMALE,,98000.0,14.61602387707104,121.09182074621744
MMTI-2025-0442,2025-04-18,23:48:00,Caloocan,Ortigas Ave,Bus,Side-swipe,,RAIN,,Reckless Driving,21.0,Male,2.0,46000.0,14.590482129881124,121.00029001910491
MMTI-2025-0443,2025-03-04,15:45:00,QUEZON CITY,España Blvd,Bus,Hit and Run,,Storm,Dry,Mechanical Failure,47.0,Male,0.0,52000.0,14.679589171974081,120.95767453753689
MMTI-2025-0444,2025-02-09,03:10:00,Mandaluyong,C5,UV Express,Rear-end,,Rain,Wet,Overspeeding,36.0,FEMALE,,71000.0,14.686344294446748,120.99478098354743
MMTI-2025-0445,2025-08-04,14:47:00,Manila,Roxas Blvd,Car,Collision,Minor,Rain,,Traffic Violation,44.0,male,,84500.0,14.657364872584203,120.99722967832291
MMTI-2025-0446,2025-12-07,22:33:00,QUEZON CITY,Aurora Blvd,Truck,Side-swipe,,Rain,Slippery,Drunk Driving,68.0,male,1.0,63500.0,14.574380463318116,120.95762925858759
MMTI-2025-0447,2025-01-25,04:22:00,San Juan,Aurora Blvd,Car,Pedestrian,Major,RAIN,,Reckless Driving,29.0,Female,,90500.0,14.680942229429418,121.05889145605786
MMTI-2025-0448,2025-03-24,07:07:00,Quezon City,Ortigas Ave,Jeepney,Rear-end,,Storm,Slippery,Drunk Driving,31.0,Male,,42500.0,14.695604512607824,120.92958884294767
MMTI-2025-0449,2025-08-18,17:10:00,QUEZON CITY,Roxas Blvd,Motorcycle,Collision,,Cloudy,Wet,,38.0,Female,0.0,96500.0,14.609229117595556,121.00148180623543
MMTI-2025-0450,2025-11-28,22:18:00,Pateros,Roxas Blvd,Taxi,Pedestrian,Major, clear,,Traffic Violation,62.0,Male,,63000.0,14.68003489381087,120.92788465869131
MMTI-2025-0451,2025-10-10,03:19:00,Manila,Taft Ave,Jeepney,Rear-end,,Storm,Dry,Traffic Violation,21.0,Female,4.0,69000.0,14.544428771408324,121.08713301534519
MMTI-2025-0452,2025-05-23,06:01:00,Makati,España Blvd,Taxi,Hit and Run,Minor, clear,,Mechanical Failure,49.0,male,4.0,79000.0,14.602311168526713,120.9112095235414
MMTI-2025-0453,2025-12-08,11:25:00,Pasig,Taft Ave,Bus,Hit and Run,Fatal,Clear,Slippery,Traffic Violation,40.0,male,3.0,73500.0,14.517519726180575,121.0455706713912
MMTI-2025-0454,2025-08-16,23:26:00,Valenzuela,Roxas Blvd,Car,Hit and Run,,Rain,,Distracted Driving,27.0,Female,2.0,62500.0,14.6976764855795,121.005060209314
MMTI-2025-0455,2025-06-21,02:59:00,Makati ,Taft Ave,Motorcycle,Collision,,RAIN,Slippery,,29.0,FEMALE,,74500.0,14.651048749558438,120.92738540798315
MMTI-2025-0456,2025-04-06,12:18:00,QUEZON CITY,Aurora Blvd,Motorcycle,Side-swipe,,Storm,,,32.0,Male,0.0,21500.0,14.552535404712215,121.09120531922662
MMTI-2025-0457,2025-11-22,15:07:00,San Juan,Taft Ave,Car,Hit and Run,Major,Clear,Dry,Reckless Driving,49.0,Male,4.0,97000.0,14.57235190209905,120.99609718109008
MMTI-2025-0458,2025-08-12,08:40:00,Pateros,C5,Bus,Pedestrian,,Clear,Slippery,Drunk Driving,55.0,Male,1.0,42500.0,14.592208793578024,121.03865660896227
MMTI-2025-0459,2025-07-02,05:03:00,Mandaluyong,Ortigas Ave,Truck,Side-swipe,Minor,Storm,Slippery,Distracted Driving,50.0,Female,,25000.0,14.652937875828904,121.01975249760245
MMTI-2025-0460,2025-03-27,17:20:00,Marikina,Roxas Blvd,Bus,Side-swipe,Minor, clear,,Traffic Violation,,Female,0.0,19500.0,14.60363414925548,120.9746028390211
MMTI-2025-0461,2025-09-06,13:21:00,Pasay,C5,Car,Rear-end,,Rain,Wet,Distracted Driving,44.0,FEMALE,0.0,16500.0,14.663768948810148,121.08468195053545
MMTI-2025-0462,2025-09-03,11:19:00,Las Piñas,Commonwealth Ave,Taxi,Hit and Run,, clear,Slippery,Drunk Driving,63.0,male,0.0,97000.0,14.66291482168227,120.94447156955111
MMTI-2025-0463,2025-12-22,04:44:00,Caloocan,Roxas Blvd,Car,Rear-end,Major,Clear,,Distracted Driving,22.0,Male,3.0,98500.0,14.586249494615968,120.93927019850585
MMTI-2025-0464,2025-01-17,21:32:00,Makati ,EDSA,Truck,Collision,Fatal,Clear,Dry,Reckless Driving,60.0,Male,0.0,17500.0,14.68401961416273,120.94108023731054
MMTI-2025-0465,2025-04-13,05:42:00,Las Piñas,EDSA,Motorcycle,Rear-end,Fatal, clear,Slippery,Traffic Violation,28.0,Female,4.0,74500.0,14.513667407779552,121.0639173009666
MMTI-2025-0466,2025-01-08,16:13:00,Parañaque,Roxas Blvd,Car,Pedestrian,Minor,RAIN,Dry,Mechanical Failure,50.0,FEMALE,2.0,91000.0,14.617876114227066,120.98793316583861
MMTI-2025-0467,2025-02-24,05:53:00,Las Piñas,Taft Ave,Truck,Rear-end,,Rain,,Distracted Driving,66.0,male,0.0,61500.0,14.522063232242655,120.9271824739811
MMTI-2025-0468,2025-07-04,22:18:00,QUEZON CITY,EDSA,Motorcycle,Side-swipe,,Clear,,Reckless Driving,47.0,male,,58500.0,14.545174685945982,120.98145644410043
MMTI-2025-0469,2025-08-08,06:54:00,Makati,Aurora Blvd,UV Express,Side-swipe,Major,Clear,,Distracted Driving,43.0,FEMALE,4.0,86000.0,14.63530373287947,120.9238435687771
MMTI-2025-0470,2025-07-22,12:44:00,Makati ,C5,UV Express,Rear-end,Minor,Storm,Wet,Traffic Violation,30.0,FEMALE,0.0,31500.0,14.667621826268292,121.04504010006653
MMTI-2025-0471,2025-05-23,22:49:00,Makati ,Katipunan Ave,Bus,Hit and Run,Fatal,Cloudy,,,49.0,male,1.0,,14.590926948350722,120.92443801201983
MMTI-2025-0472,2025-09-08,15:14:00,Pasig,EDSA,Motorcycle,Collision,Minor,Cloudy,Dry,Drunk Driving,42.0,male,1.0,40500.0,14.624393352304745,120.91926672571924
MMTI-2025-0473,2025-02-09,21:48:00,manila,Aurora Blvd,Taxi,Hit and Run,Major,Storm,,,50.0,male,4.0,45500.0,14.661896319478261,121.00810579739007
MMTI-2025-0474,2025-01-10,01:27:00,Taguig,Taft Ave,Truck,Side-swipe,,Cloudy,,Overspeeding,20.0,Female,4.0,86000.0,14.672072140543733,120.9606089143227
MMTI-2025-0475,2025-12-28,05:31:00,Malabon,Commonwealth Ave,Bus,Hit and Run,,Clear,,,60.0,FEMALE,3.0,73500.0,14.670870293909775,121.00133700975141
MMTI-2025-0476,2025-07-20,08:31:00,Makati ,Taft Ave,Jeepney,Side-swipe,Fatal,Storm,Dry,Overspeeding,55.0,Male,1.0,48500.0,14.569775357558658,121.04841142681833
MMTI-2025-0477,2025-01-14,20:21:00,Navotas,C5,Truck,Side-swipe,Fatal,Cloudy,Slippery,Overspeeding,60.0,Female,1.0,32000.0,14.629616564977317,121.0185063333585
MMTI-2025-0478,2025-12-19,02:55:00,San Juan,C5,Bus,Rear-end,Minor, clear,Slippery,Overspeeding,47.0,FEMALE,4.0,67500.0,14.68028196904238,120.95332377705039
MMTI-2025-0479,2025-12-23,15:37:00,Manila,Ortigas Ave,Truck,Pedestrian,,Storm,,Distracted Driving,69.0,FEMALE,0.0,90000.0,14.635022259065373,120.9671934924971
MMTI-2025-0480,2025-09-15,21:21:00,Pasay,Katipunan Ave,Bus,Side-swipe,,Rain,,Distracted Driving,52.0,Female,2.0,35500.0,14.509506272222579,121.0992455386721
MMTI-2025-0481,2025-07-25,07:39:00,Makati,Katipunan Ave,Motorcycle,Pedestrian,Fatal,Storm,Dry,,45.0,Female,2.0,11500.0,14.63030736271104,120.96036940292215
MMTI-2025-0482,2025-06-03,13:42:00,QUEZON CITY,Ortigas Ave,Car,Hit and Run,,Storm,,,60.0,Female,0.0,82000.0,14.640666329139805,121.07254196135185
MMTI-2025-0483,2025-10-23,15:13:00,Valenzuela,Roxas Blvd,UV Express,Pedestrian,,Cloudy,,Overspeeding,51.0,Female,2.0,61000.0,14.529548737764916,120.93009453080063
MMTI-2025-0484,2025-12-17,09:54:00,Malabon,Taft Ave,Bus,Collision,Major,Cloudy,Slippery,Reckless Driving,59.0,Female,2.0,89500.0,14.620246453935101,120.98117318784965
MMTI-2025-0485,2025-02-28,04:12:00,Manila,Quezon Ave,Taxi,Side-swipe,,Cloudy,,,45.0,Male,1.0,22000.0,14.554542392695591,120.90582837351918
MMTI-2025-0486,2025-05-23,21:35:00,Pasay,EDSA,UV Express,Hit and Run,Minor,Clear,Dry,Traffic Violation,56.0,male,0.0,54000.0,14.679354648833623,121.03433441468691
MMTI-2025-0487,2025-02-16,12:53:00,Pasig,Quezon Ave,Motorcycle,Pedestrian,,Clear,,Reckless Driving,49.0,Male,1.0,78500.0,14.524455366690741,121.06133744912358
MMTI-2025-0488,2025-06-18,18:47:00,Navotas,Quezon Ave,Truck,Rear-end,Major,Clear,Wet,Mechanical Failure,35.0,FEMALE,3.0,34500.0,14.672579986735405,120.9111850805437
MMTI-2025-0489,2025-10-01,11:44:00,Taguig,Ortigas Ave,Jeepney,Hit and Run,,RAIN,Wet,Reckless Driving,68.0,Female,2.0,62500.0,14.643134245824426,121.0642730732384
MMTI-2025-0490,2025-01-11,20:57:00, Pasig,EDSA,Taxi,Collision,Major,Storm,,,37.0,male,,17500.0,14.606982138554681,120.94727637895592
MMTI-2025-0491,2025-08-15,12:00:00,Navotas,Roxas Blvd,Bus,Collision,Major,Storm,Wet,Drunk Driving,46.0,male,,54000.0,14.657863479903163,120.954807305137
MMTI-2025-0492,2025-02-11,15:30:00,Malabon,Ortigas Ave,UV Express,Hit and Run,Minor,Rain,Slippery,Distracted Driving,40.0,FEMALE,4.0,95000.0,14.66268560968001,121.04755710412081
MMTI-2025-0493,2025-08-21,22:01:00,Quezon City,Commonwealth Ave,UV Express,Hit and Run,Major,Clear,,Mechanical Failure,58.0,male,2.0,75500.0,14.516446410284681,120.93156448788882
MMTI-2025-0494,2025-09-22,22:49:00,Pasig,Katipunan Ave,UV Express,Hit and Run,Fatal,Cloudy,,Drunk Driving,34.0,Female,,77500.0,14.665353721868367,121.05990573358804
MMTI-2025-0495,2025-04-12,02:26:00,Las Piñas,Commonwealth Ave,Truck,Hit and Run,,Rain,Dry,Overspeeding,53.0,Female,0.0,61000.0,14.53965324053434,121.04025223084068
MMTI-2025-0496,2025-03-28,01:25:00, Pasig,Taft Ave,Jeepney,Side-swipe,Major,Clear,Slippery,Drunk Driving,54.0,Male,0.0,93500.0,14.60516754006618,121.05467186409234
MMTI-2025-0497,2025-08-21,21:31:00,Taguig,Quezon Ave,UV Express,Rear-end,Major,Storm,Slippery,,42.0,Female,3.0,28000.0,14.620016557299445,121.09904148999466
MMTI-2025-0498,2025-05-25,23:43:00,Parañaque,Taft Ave,Car,Hit and Run,Major,Clear,Slippery,Reckless Driving,33.0,FEMALE,1.0,49000.0,14.616580615467232,121.02944711366023
MMTI-2025-0499,2025-02-13,00:30:00,Pasig,Ortigas Ave,UV Express,Hit and Run,Major,RAIN,,,65.0,male,0.0,14000.0,14.611399994878102,120.91042252232562
MMTI-2025-0500,2025-05-01,15:58:00,Las Piñas,Katipunan Ave,UV Express,Pedestrian,Minor,Clear,Slippery,,37.0,FEMALE,,49000.0,14.526447650742616,121.07844518953497
MMTI-2025-0501,2025-01-22,18:11:00,Mandaluyong,Commonwealth Ave,Jeepney,Hit and Run,Fatal,Cloudy,Wet,Distracted Driving,38.0,FEMALE,1.0,35000.0,14.523368411232934,120.90883243229764
MMTI-2025-0502,2025-03-07,15:55:00,Mandaluyong,Ortigas Ave,Truck,Side-swipe,Fatal, clear,Slippery,Traffic Violation,45.0,Female,2.0,96000.0,14.69891301317703,121.05273508273073
MMTI-2025-0503,2025-03-19,17:54:00,Valenzuela,EDSA,Car,Rear-end,Minor,Rain,Wet,Overspeeding,48.0,male,1.0,92000.0,14.593426567966386,120.92320480942011
MMTI-2025-0504,2025-09-11,01:28:00,Las Piñas,España Blvd,Truck,Hit and Run,,Clear,Wet,Distracted Driving,40.0,Male,1.0,38000.0,14.53613099282228,120.93365900032214
MMTI-2025-0505,2025-09-18,08:36:00,Makati ,Quezon Ave,Jeepney,Collision,, clear,Wet,,22.0,Female,3.0,88500.0,14.518861044775498,120.96573155526215
MMTI-2025-0506,2025-05-26,21:43:00,Taguig,Taft Ave,Bus,Pedestrian,Minor,Storm,Wet,Overspeeding,23.0,FEMALE,,86000.0,14.595971018752538,121.02567134790898
MMTI-2025-0507,2025-05-18,19:42:00,Manila,Ortigas Ave,Motorcycle,Pedestrian,,Storm,,Drunk Driving,31.0,Male,,38000.0,14.564634169337372,120.91110700479716
MMTI-2025-0508,2025-02-06,17:38:00,Navotas,C5,Truck,Side-swipe,Major,Rain,,Distracted Driving,19.0,Female,1.0,51500.0,14.655898509029145,120.9569871777999
MMTI-2025-0509,2025-12-01,04:07:00,San Juan,Aurora Blvd,Taxi,Hit and Run,Fatal,RAIN,,Drunk Driving,40.0,Male,2.0,67500.0,14.539974252119098,120.98908848298403
MMTI-2025-0510,2025-07-18,15:17:00,Makati ,Katipunan Ave,Truck,Collision,,Storm,,Drunk Driving,45.0,FEMALE,0.0,7000.0,14.602668291839578,121.09465435812403
MMTI-2025-0511,2025-12-13,07:41:00,Pasig,Aurora Blvd,Jeepney,Pedestrian,Minor,Storm,,,23.0,FEMALE,2.0,21000.0,14.696837246608421,121.03686278745965
MMTI-2025-0512,2025-06-03,07:33:00,Malabon,Roxas Blvd,Jeepney,Collision,,Clear,Dry,Distracted Driving,50.0,FEMALE,3.0,14000.0,14.592931298406207,121.04406199987007
MMTI-2025-0513,2025-05-10,11:16:00,Makati ,C5,Taxi,Pedestrian,Minor,Clear,,Drunk Driving,68.0,Female,3.0,7500.0,14.516658113026994,121.0753510694271
MMTI-2025-0514,2025-06-02,10:37:00,Valenzuela,Aurora Blvd,Jeepney,Side-swipe,Fatal,Rain,Wet,Drunk Driving,23.0,male,,15500.0,14.586759784123862,120.90358304382242
MMTI-2025-0515,2025-07-22,03:00:00,Pasay,Aurora Blvd,Truck,Hit and Run,,RAIN,,Reckless Driving,57.0,male,,88000.0,14.692628322080214,121.03502045779675
MMTI-2025-0516,2025-06-04,02:08:00,Pasig,EDSA,Car,Collision,Minor,RAIN,Wet,Overspeeding,31.0,FEMALE,,20500.0,14.629947965207368,120.9871576947601
MMTI-2025-0517,2025-11-17,17:12:00,Makati,Roxas Blvd,Taxi,Hit and Run,Major,Cloudy,,Overspeeding,25.0,Female,1.0,96500.0,14.640519621141651,121.09277337414778
MMTI-2025-0518,2025-08-30,00:55:00,Valenzuela,Katipunan Ave,Car,Rear-end,Fatal, clear,,Overspeeding,39.0,Male,0.0,82500.0,14.669525906016071,120.98635759052559
MMTI-2025-0519,2025-08-01,15:47:00,Makati ,Katipunan Ave,UV Express,Pedestrian,Fatal,Clear,,,49.0,FEMALE,1.0,93000.0,14.51214093644665,120.9038039318055
MMTI-2025-0520,2025-10-23,10:35:00,Makati,Roxas Blvd,UV Express,Hit and Run,,Clear,,Traffic Violation,46.0,FEMALE,0.0,22500.0,14.557602156290724,120.93844025950021
MMTI-2025-0521,2025-06-26,14:14:00,manila,Quezon Ave,Jeepney,Side-swipe,,RAIN,,Drunk Driving,36.0,FEMALE,3.0,88000.0,14.63050003757266,120.9720511135399
MMTI-2025-0522,2025-08-30,05:39:00,Parañaque,Roxas Blvd,UV Express,Collision,,Rain,Wet,Mechanical Failure,28.0,FEMALE,0.0,55000.0,14.688610939672243,120.99874501571604
MMTI-2025-0523,2025-05-01,06:35:00,Quezon City,EDSA,Bus,Side-swipe,Fatal,RAIN,Wet,Drunk Driving,,Male,0.0,45000.0,14.586124092510296,121.02351258430882
MMTI-2025-0524,2025-03-03,17:14:00,Pateros,Roxas Blvd,Bus,Side-swipe,Minor, clear,Slippery,Drunk Driving,62.0,Male,,8000.0,14.68532641969065,120.98756534129231
MMTI-2025-0525,2025-08-23,03:06:00, Pasig,Katipunan Ave,Taxi,Collision,,Clear,,Distracted Driving,28.0,Male,1.0,48000.0,14.53140650947146,120.95842459754373
MMTI-2025-0526,2025-08-15,16:31:00,Taguig,Commonwealth Ave,UV Express,Side-swipe,Fatal,Rain,Dry,Mechanical Failure,46.0,FEMALE,0.0,33000.0,14.666962673975744,120.99473266652424
MMTI-2025-0527,2025-05-27,16:10:00,Makati,Roxas Blvd,Bus,Hit and Run,Fatal,RAIN,Wet,Drunk Driving,66.0,FEMALE,1.0,19500.0,14.660353735728298,120.98268188374941
MMTI-2025-0528,2025-07-29,14:54:00,manila,Ortigas Ave,Motorcycle,Hit and Run,Major,Clear,,Distracted Driving,23.0,male,2.0,53000.0,14.696388984877427,120.93286493634295
MMTI-2025-0529,2025-02-01,12:48:00,Quezon City,Commonwealth Ave,Jeepney,Collision,,Storm,,,61.0,male,,97000.0,14.562739047272848,120.96883147211061
MMTI-2025-0530,2025-05-24,16:39:00,Pasig,Taft Ave,Truck,Rear-end,, clear,,,62.0,male,,53500.0,14.655080066915296,121.07619493648639
MMTI-2025-0531,2025-02-13,01:34:00,Marikina,Taft Ave,UV Express,Rear-end,, clear,Slippery,Mechanical Failure,23.0,male,4.0,45500.0,14.651409264856108,120.93200546804582
MMTI-2025-0532,2025-01-15,17:37:00,Mandaluyong,Quezon Ave,Taxi,Side-swipe,, clear,Dry,Overspeeding,41.0,male,,66500.0,14.570894669180829,120.90954657458747
MMTI-2025-0533,2025-11-30,03:28:00,San Juan,Katipunan Ave,UV Express,Collision,,Storm,Wet,Mechanical Failure,40.0,male,2.0,87000.0,14.65695785256487,121.04297089364047
MMTI-2025-0534,2025-12-11,04:45:00,Navotas,España Blvd,UV Express,Rear-end,Minor,Storm,,Mechanical Failure,,male,3.0,14500.0,14.529310650693834,120.98513842646545
MMTI-2025-0535,2025-07-30,02:05:00,Quezon City,Taft Ave,Car,Hit and Run,Major,Cloudy,Dry,Traffic Violation,61.0,FEMALE,4.0,73500.0,14.60378899988357,120.97895649503472
MMTI-2025-0536,2025-05-16,18:31:00,Malabon,Aurora Blvd,UV Express,Hit and Run,,Rain,Wet,Drunk Driving,49.0,FEMALE,1.0,92000.0,14.602637097035753,121.00582822131821
MMTI-2025-0537,2025-12-22,06:29:00,Pateros,EDSA,UV Express,Rear-end,,Storm,Dry,,25.0,Male,2.0,75000.0,14.557918115020218,121.00455549978213
MMTI-2025-0538,2025-03-02,11:19:00,Las Piñas,Roxas Blvd,Bus,Hit and Run,Minor,Rain,Wet,,21.0,male,2.0,29500.0,14.536615426568874,121.0479320652616
MMTI-2025-0539,2025-01-02,03:35:00,Las Piñas,C5,Taxi,Collision,,Cloudy,,Reckless Driving,54.0,FEMALE,2.0,50000.0,14.595045509687752,121.04400669907582
MMTI-2025-0540,2025-11-07,04:48:00,Pasig,España Blvd,UV Express,Hit and Run,,RAIN,,Drunk Driving,64.0,male,0.0,81500.0,14.632900462483748,120.98192566541915
MMTI-2025-0541,2025-04-30,12:21:00,QUEZON CITY,EDSA,UV Express,Hit and Run,Fatal,RAIN,Dry,Drunk Driving,63.0,Male,4.0,82500.0,14.65923175628721,121.04147976980933
MMTI-2025-0542,2025-10-15,20:07:00,QUEZON CITY,C5,Car,Pedestrian,, clear,Dry,Mechanical Failure,66.0,FEMALE,4.0,4000.0,14.524056635287783,121.08723636199812
MMTI-2025-0543,2025-04-03,00:17:00,Parañaque,Quezon Ave,Taxi,Pedestrian,,Clear,,Traffic Violation,43.0,Male,3.0,4500.0,14.567991311009255,120.93610160114608
MMTI-2025-0544,2025-01-13,16:20:00,Navotas,Roxas Blvd,Motorcycle,Collision,Minor, clear,Wet,Reckless Driving,27.0,Female,2.0,,14.517925712696057,120.96135884367253
MMTI-2025-0545,2025-07-28,21:10:00,Quezon City,Katipunan Ave,Bus,Rear-end,Minor,RAIN,Dry,Reckless Driving,42.0,Male,2.0,20000.0,14.582564562399702,120.96484355815937
MMTI-2025-0546,2025-07-12,03:03:00,Parañaque,Quezon Ave,Taxi,Pedestrian,,Rain,,,25.0,male,0.0,42500.0,14.592964706649067,120.98141529271821
MMTI-2025-0547,2025-09-05,00:26:00,Caloocan,EDSA,Bus,Pedestrian,,RAIN,Dry,Mechanical Failure,66.0,Female,2.0,74500.0,14.581349184283587,120.91678167111617
MMTI-2025-0548,2025-11-22,16:13:00,Pasig,Ortigas Ave,Jeepney,Rear-end,Major, clear,,,20.0,Male,3.0,81000.0,14.557849890966802,121.0944163608065
MMTI-2025-0549,2025-01-01,01:59:00,Pateros,Roxas Blvd,Jeepney,Side-swipe,,Storm,Wet,Reckless Driving,20.0,Female,,70000.0,14.612616315588259,120.96012766970652
MMTI-2025-0550,2025-07-22,22:07:00,Pasig,España Blvd,Bus,Hit and Run,Major, clear,,Traffic Violation,61.0,male,,35000.0,14.695928069580635,121.04155081876029
MMTI-2025-0551,2025-05-20,07:42:00,Marikina,Ortigas Ave,Car,Hit and Run,,Storm,Dry,Drunk Driving,59.0,Male,4.0,62500.0,14.500855849536427,120.9019157225977
MMTI-2025-0552,2025-03-30,13:35:00,Pateros,Taft Ave,Jeepney,Collision,Minor, clear,Dry,,61.0,Male,2.0,50000.0,14.66549336701827,120.97159314809257
MMTI-2025-0553,2025-04-01,22:00:00,Taguig,Aurora Blvd,Bus,Rear-end,,Clear,Wet,Overspeeding,66.0,male,,92500.0,14.571564203786123,120.91799330385966
MMTI-2025-0554,2025-11-11,20:19:00,Caloocan,Quezon Ave,Truck,Side-swipe,Minor,Storm,,Mechanical Failure,18.0,Female,,52500.0,14.522189305528874,120.95546951080725
MMTI-2025-0555,2025-09-14,15:10:00,QUEZON CITY,Quezon Ave,UV Express,Pedestrian,, clear,Wet,Distracted Driving,55.0,Female,,10000.0,14.525486182063258,121.08671268011615
MMTI-2025-0556,2025-04-27,16:46:00,Mandaluyong,Quezon Ave,Taxi,Collision,, clear,Slippery,,18.0,FEMALE,,88000.0,14.688614844754383,120.91037255950847
MMTI-2025-0557,2025-06-15,13:54:00,Malabon,Roxas Blvd,Motorcycle,Pedestrian,,Cloudy,Slippery,Overspeeding,64.0,Female,0.0,37500.0,14.68367829832444,121.00648205645213
MMTI-2025-0558,2025-06-11,00:25:00,Parañaque,Ortigas Ave,Motorcycle,Pedestrian,Minor,RAIN,Wet,,22.0,Female,1.0,23000.0,14.565844926701196,120.91256882492601
MMTI-2025-0559,2025-11-17,03:01:00,Pateros,Taft Ave,Taxi,Collision,,RAIN,Slippery,Reckless Driving,33.0,Male,3.0,32500.0,14.691760531575683,121.06650350250965
MMTI-2025-0560,2025-06-20,16:50:00,Caloocan,C5,Taxi,Pedestrian,,Cloudy,Dry,,55.0,Male,0.0,9500.0,14.683342875589943,120.97547902660561
MMTI-2025-0561,2025-12-22,02:50:00,Pasig,EDSA,Taxi,Hit and Run,Minor,Storm,,,22.0,Male,,9000.0,14.611851610321109,120.95898335404684
MMTI-2025-0562,2025-07-15,12:06:00, Pasig,Taft Ave,Car,Pedestrian,,Clear,,,47.0,FEMALE,4.0,81000.0,14.520255585520887,121.03018428524969
MMTI-2025-0563,2025-12-12,00:29:00,manila,Ortigas Ave,Jeepney,Rear-end,Minor,Clear,Dry,Distracted Driving,55.0,Female,4.0,18000.0,14.62747274713054,120.9512572204402
MMTI-2025-0564,2025-08-04,15:46:00, Pasig,Aurora Blvd,Car,Rear-end,Major,Clear,Dry,Drunk Driving,37.0,FEMALE,4.0,85000.0,14.650874727007364,120.96223764804553
MMTI-2025-0565,2025-10-05,04:09:00,Pateros,Roxas Blvd,Jeepney,Side-swipe,Fatal,Storm,Dry,Drunk Driving,21.0,Female,4.0,73500.0,14.671740441105674,120.98441222808334
MMTI-2025-0566,2025-04-11,06:40:00,Parañaque,C5,Bus,Rear-end,,RAIN,,Traffic Violation,55.0,male,4.0,40000.0,14.583739057672947,120.93245599732526
MMTI-2025-0567,2025-08-21,01:31:00,Caloocan,EDSA,UV Express,Rear-end,Major,Cloudy,,Mechanical Failure,33.0,FEMALE,,,14.690517645798106,120.96630302191865
MMTI-2025-0568,2025-07-12,06:25:00,Pasay,EDSA,Bus,Collision,Minor,Storm,Dry,Distracted Driving,27.0,male,3.0,26500.0,14.626266915478835,121.08254175300232
MMTI-2025-0569,2025-07-04,01:01:00,Parañaque,Quezon Ave,Bus,Rear-end,Major,Storm,Wet,Traffic Violation,53.0,Female,1.0,27000.0,14.50429840561163,121.06857628414302
MMTI-2025-0570,2025-02-21,00:53:00,Pasig,Taft Ave,UV Express,Collision,Fatal,Rain,Slippery,,33.0,male,2.0,86500.0,14.5342719613629,121.00538534816668
MMTI-2025-0571,2025-11-16,13:56:00,Makati,C5,Car,Rear-end,Major,Rain,,,62.0,male,2.0,78500.0,14.58590803291944,121.02722858972035
MMTI-2025-0572,2025-01-24,19:37:00,Parañaque,España Blvd,Bus,Rear-end,Fatal,Rain,Dry,Reckless Driving,26.0,FEMALE,1.0,95000.0,14.51628154037098,120.99413345872014
MMTI-2025-0573,2025-12-06,19:04:00,Pasay,España Blvd,Truck,Pedestrian,Fatal,Cloudy,,,29.0,male,,49500.0,14.605095134220287,120.99665941106626
MMTI-2025-0574,2025-09-11,15:17:00,Makati ,Taft Ave,UV Express,Pedestrian,Minor,Rain,Wet,Mechanical Failure,46.0,Female,3.0,29500.0,14.561199807263945,121.07774178590937
MMTI-2025-0575,2025-10-20,05:59:00,Las Piñas,Roxas Blvd,Jeepney,Collision,Major,Clear,Slippery,,51.0,male,1.0,76500.0,14.508228584327181,121.00245241764357
MMTI-2025-0576,2025-06-22,13:28:00,Valenzuela,Taft Ave,Truck,Side-swipe,,Storm,Slippery,,19.0,Female,3.0,31500.0,14.553124975629679,120.91517768853768
MMTI-2025-0577,2025-02-12,09:53:00,manila,España Blvd,Jeepney,Collision,Fatal,Rain,Dry,Distracted Driving,22.0,male,0.0,71500.0,14.540061319371697,120.93932926457391
MMTI-2025-0578,2025-06-18,08:19:00,Mandaluyong,Quezon Ave,UV Express,Pedestrian,Major,RAIN,,Reckless Driving,18.0,male,2.0,46000.0,14.65662565081841,120.98076222828898
MMTI-2025-0579,2025-07-27,18:48:00,Manila,Aurora Blvd,UV Express,Pedestrian,Major,Cloudy,Wet,Mechanical Failure,64.0,Female,3.0,31500.0,14.603165070097154,121.05719492964838
MMTI-2025-0580,2025-08-28,23:52:00,Valenzuela,Ortigas Ave,Taxi,Collision,Fatal,Rain,,,31.0,FEMALE,3.0,73000.0,14.50602081473872,120.92779004510867
MMTI-2025-0581,2025-03-07,09:47:00,Manila,Aurora Blvd,Taxi,Side-swipe,Fatal,Rain,,,61.0,FEMALE,,70500.0,14.559927441665648,121.017391017114
MMTI-2025-0582,2025-10-18,01:59:00,Pasig,Commonwealth Ave,Bus,Pedestrian,, clear,,,42.0,Female,3.0,10000.0,14.606898116151145,120.93766773562845
MMTI-2025-0583,2025-02-25,10:36:00,Valenzuela,Roxas Blvd,Motorcycle,Rear-end,Minor,RAIN,,Drunk Driving,20.0,FEMALE,0.0,25500.0,14.539799746974545,121.0822690620467
MMTI-2025-0584,2025-07-17,09:13:00,Caloocan,Roxas Blvd,UV Express,Pedestrian,Minor,Cloudy,Dry,Traffic Violation,51.0,Male,1.0,43500.0,14.671941469475348,120.98217224686013
MMTI-2025-0585,2025-03-22,03:08:00,QUEZON CITY,Taft Ave,Truck,Collision,,Rain,Wet,Mechanical Failure,37.0,FEMALE,,87000.0,14.5949560048562,121.02074188973769
MMTI-2025-0586,2025-06-08,18:12:00,manila,Aurora Blvd,Bus,Rear-end,Minor,Rain,,Distracted Driving,,FEMALE,4.0,33500.0,14.605171300960915,121.08206050778811
MMTI-2025-0587,2025-09-09,14:29:00,Makati ,EDSA,UV Express,Collision,Fatal,RAIN,,Traffic Violation,62.0,male,3.0,80000.0,14.664685921087838,121.06996877815594
MMTI-2025-0588,2025-08-01,07:11:00, Pasig,Taft Ave,Truck,Hit and Run,Major,RAIN,,Distracted Driving,43.0,Male,1.0,22000.0,14.554755255404944,121.02561664065382
MMTI-2025-0589,2025-05-30,21:58:00,Makati,Quezon Ave,Truck,Hit and Run,,Clear,Slippery,Distracted Driving,66.0,Male,4.0,,14.655902128407378,120.98201921351394
MMTI-2025-0590,2025-03-26,08:13:00,manila,EDSA,Truck,Collision,Minor,RAIN,,,39.0,FEMALE,1.0,52500.0,14.507554931954648,120.95012114661141
MMTI-2025-0591,2025-12-30,04:20:00,Valenzuela,Aurora Blvd,Truck,Collision,Minor, clear,Wet,,26.0,FEMALE,2.0,22500.0,14.534117819128179,120.90361322553008
MMTI-2025-0592,2025-02-21,05:18:00,Taguig,España Blvd,UV Express,Hit and Run,Major,Clear,Dry,Reckless Driving,27.0,FEMALE,2.0,24500.0,14.543334486655015,120.90688896908267
MMTI-2025-0593,2025-12-12,17:13:00,Valenzuela,EDSA,Taxi,Pedestrian,Minor,Cloudy,Slippery,,21.0,Male,0.0,-5000.0,14.575479106258026,120.94034761030797
MMTI-2025-0594,2025-05-08,11:58:00,Caloocan,Quezon Ave,Motorcycle,Collision,,Clear,Dry,Traffic Violation,,Female,,87500.0,14.512634297043931,121.09174905103787
MMTI-2025-0595,2025-02-19,21:10:00,Pasay,EDSA,Truck,Pedestrian,Minor,Storm,Slippery,Mechanical Failure,57.0,Female,4.0,52500.0,14.68778464559895,120.92416079227986
MMTI-2025-0596,2025-04-20,03:22:00,Marikina,Commonwealth Ave,Motorcycle,Hit and Run,Fatal,Clear,,Mechanical Failure,47.0,Female,0.0,86000.0,14.663016978321162,121.02998899910438
MMTI-2025-0597,2025-07-08,01:04:00,Parañaque,Taft Ave,Bus,Pedestrian,,Clear,,Drunk Driving,34.0,Male,4.0,43500.0,14.69628317897152,121.03926307318892
MMTI-2025-0598,2025-12-14,22:08:00,Marikina,Commonwealth Ave,UV Express,Side-swipe,,Clear,Slippery,Overspeeding,56.0,FEMALE,3.0,67000.0,14.628118390950283,120.94648509547625
MMTI-2025-0599,2025-10-28,22:00:00,Caloocan,EDSA,Jeepney,Collision,Fatal,Rain,,Mechanical Failure,57.0,Male,0.0,19500.0,14.574904725698719,120.95932294607462
MMTI-2025-0600,2025-03-19,12:13:00,Quezon City,Quezon Ave,UV Express,Pedestrian,,RAIN,Slippery,Drunk Driving,35.0,male,,99000.0,14.507921495319714,121.05835595425602
MMTI-2025-0601,2025-08-01,20:52:00,San Juan,EDSA,Car,Side-swipe,Fatal,Rain,Wet,Overspeeding,60.0,Female,,91000.0,14.643900443944997,121.02161263953553
MMTI-2025-0602,2025-07-15,16:20:00,Pasay,Aurora Blvd,UV Express,Collision,Minor,Cloudy,Dry,Mechanical Failure,21.0,Female,1.0,18000.0,14.5183518784846,121.01852613024242
MMTI-2025-0603,2025-04-15,07:32:00,Makati,Taft Ave,UV Express,Hit and Run,Fatal,Rain,Wet,Mechanical Failure,45.0,Female,4.0,33500.0,14.560620141454567,121.01528436608355
MMTI-2025-0604,2025-11-22,06:17:00,Pateros,C5,Bus,Hit and Run,,Rain,,,45.0,FEMALE,1.0,63500.0,14.503962215426458,120.9762838623336
MMTI-2025-0605,2025-02-12,09:38:00,QUEZON CITY,Commonwealth Ave,Jeepney,Rear-end,Fatal,Cloudy,,Reckless Driving,47.0,male,3.0,73500.0,14.621205071331328,120.91438792993611
MMTI-2025-0606,2025-03-11,22:30:00,Parañaque,Commonwealth Ave,Car,Collision,Minor, clear,Slippery,,43.0,FEMALE,3.0,97000.0,14.574628979539927,120.99791022286983
MMTI-2025-0607,2025-11-25,18:04:00,Malabon,EDSA,Motorcycle,Hit and Run,,Rain,Wet,,34.0,male,4.0,92500.0,14.597724368624359,121.0376978790286
MMTI-2025-0608,2025-12-23,01:41:00,Navotas,Taft Ave,UV Express,Rear-end,Major,Cloudy,Dry,Traffic Violation,58.0,Male,,87000.0,14.629066707414216,120.95226613969422
MMTI-2025-0609,2025-08-22,21:09:00,Mandaluyong,Quezon Ave,Jeepney,Pedestrian,Major,Clear,Dry,Distracted Driving,59.0,FEMALE,3.0,92000.0,14.617232085725883,121.08019912999922
MMTI-2025-0610,2025-09-23,06:56:00,Malabon,Commonwealth Ave,Taxi,Hit and Run,Fatal,RAIN,Slippery,,55.0,male,,54500.0,14.650492450410724,121.08486411828943
MMTI-2025-0611,2025-02-15,03:40:00,Makati ,Ortigas Ave,Taxi,Rear-end,Fatal,RAIN,Wet,,62.0,male,0.0,23500.0,14.663277875619714,120.90031571551691
MMTI-2025-0612,2025-02-05,22:26:00,manila,Taft Ave,UV Express,Side-swipe,,Rain,Wet,Traffic Violation,29.0,Female,1.0,64000.0,14.536396866295656,121.08969666229224
MMTI-2025-0613,2025-08-19,18:52:00,Parañaque,Commonwealth Ave,Car,Collision,Major,Rain,Slippery,,46.0,Male,,23000.0,14.515961960394868,120.91714141276141
MMTI-2025-0614,2025-03-05,08:04:00,Marikina,EDSA,Jeepney,Rear-end,,Cloudy,Dry,Overspeeding,21.0,male,0.0,87000.0,14.616489089711319,121.09752376681844
MMTI-2025-0615,2025-02-19,06:33:00,Manila,Taft Ave,Jeepney,Pedestrian,Fatal,Cloudy,,Traffic Violation,56.0,FEMALE,2.0,49000.0,14.636371999815333,120.96861549019731
MMTI-2025-0616,2025-06-11,07:23:00,Navotas,Taft Ave,Jeepney,Collision,Fatal,Storm,Dry,Overspeeding,47.0,FEMALE,,19500.0,14.505136085453493,120.92457890789063
MMTI-2025-0617,2025-09-29,08:44:00,Caloocan,Ortigas Ave,Truck,Pedestrian,, clear,,Mechanical Failure,18.0,male,0.0,83000.0,14.57204112242674,120.90915085668803
MMTI-2025-0618,2025-06-16,21:28:00,Caloocan,Katipunan Ave,Truck,Hit and Run,,Clear,Slippery,,48.0,Male,,51000.0,14.558772594641407,120.93901539103977
MMTI-2025-0619,2025-03-15,16:56:00,Makati ,España Blvd,Motorcycle,Rear-end,,Clear,Slippery,,28.0,FEMALE,0.0,63500.0,14.632528422088427,120.9481803227117
MMTI-2025-0620,2025-04-19,05:48:00,Makati,C5,Truck,Collision,Major,Storm,,Reckless Driving,32.0,male,,62500.0,14.690300775911675,121.03412025440201
MMTI-2025-0621,2025-12-07,04:59:00,QUEZON CITY,Aurora Blvd,Motorcycle,Side-swipe,Major, clear,,Distracted Driving,59.0,male,3.0,93500.0,14.648593563938144,121.04500561711438
MMTI-2025-0622,2025-12-01,20:50:00,QUEZON CITY,Taft Ave,Taxi,Rear-end,Major,Storm,Dry,Reckless Driving,23.0,Male,0.0,45500.0,14.648116243768037,121.08744213013077
MMTI-2025-0623,2025-03-01,18:23:00,Pasig,Ortigas Ave,Truck,Pedestrian,Minor,Storm,Dry,Mechanical Failure,42.0,FEMALE,2.0,-5000.0,14.573004768487094,121.03586043407608
MMTI-2025-0624,2025-03-06,16:42:00, Pasig,Katipunan Ave,Car,Collision,,Clear,,,38.0,Female,2.0,30000.0,14.59996653300521,120.9911569061092
MMTI-2025-0625,2025-11-04,09:09:00,Quezon City,Katipunan Ave,Bus,Side-swipe,,RAIN,Dry,Reckless Driving,63.0,FEMALE,,29500.0,14.599005105035745,121.04082809532657
MMTI-2025-0626,2025-07-12,01:51:00,Marikina,Commonwealth Ave,Taxi,Rear-end,Major,RAIN,Dry,Drunk Driving,49.0,FEMALE,2.0,86000.0,14.682475274575529,120.93183864502768
MMTI-2025-0627,2025-01-12,17:25:00,Marikina,Taft Ave,UV Express,Hit and Run,Fatal,Cloudy,,Distracted Driving,51.0,male,2.0,91000.0,14.684612757258254,121.04022173413077
MMTI-2025-0628,2025-10-08,12:06:00,Pasig,Ortigas Ave,Taxi,Pedestrian,Minor,RAIN,Slippery,,59.0,Female,4.0,19500.0,14.588376748108798,120.99648834361298
MMTI-2025-0629,2025-03-16,06:13:00,Parañaque,EDSA,Bus,Pedestrian,Minor,RAIN,Wet,,45.0,Female,0.0,14000.0,14.571116770765421,120.99477515098398
MMTI-2025-0630,2025-01-27,03:32:00,Marikina,Katipunan Ave,Truck,Rear-end,,Rain,Dry,Distracted Driving,33.0,FEMALE,3.0,40500.0,14.637596821183198,121.09091107274963
MMTI-2025-0631,2025-12-01,23:24:00,Makati,Aurora Blvd,Taxi,Hit and Run,Fatal,RAIN,,Traffic Violation,18.0,Male,0.0,12500.0,14.52441031260672,121.02828186552047
MMTI-2025-0632,2025-09-18,07:01:00,Makati ,Katipunan Ave,Jeepney,Hit and Run,Fatal,RAIN,Dry,Drunk Driving,42.0,FEMALE,,91500.0,14.586731295732205,121.01428461987561
MMTI-2025-0633,2025-02-20,10:04:00,QUEZON CITY,Commonwealth Ave,Truck,Collision,, clear,,,22.0,Male,1.0,86000.0,14.679520459647962,120.93613283464612
MMTI-2025-0634,2025-11-03,22:11:00,Manila,España Blvd,Truck,Side-swipe,Minor,Clear,Wet,Mechanical Failure,59.0,Female,0.0,73500.0,14.551352096872703,121.05061374609919
MMTI-2025-0635,2025-02-13,03:32:00,San Juan,Ortigas Ave,Jeepney,Rear-end,,RAIN,Dry,Mechanical Failure,37.0,Male,4.0,39500.0,14.631831515631232,120.98898405751565
MMTI-2025-0636,2025-10-23,15:44:00,Marikina,España Blvd,Bus,Pedestrian,, clear,Wet,Distracted Driving,60.0,Male,1.0,6500.0,14.537614730211597,120.95994184591784
MMTI-2025-0637,2025-04-21,04:38:00,QUEZON CITY,Quezon Ave,Jeepney,Side-swipe,Fatal,Rain,,,22.0,male,2.0,50500.0,14.629953788077325,120.93266387492427
MMTI-2025-0638,2025-08-22,02:16:00,Malabon,Commonwealth Ave,Jeepney,Rear-end,Minor,RAIN,Slippery,Mechanical Failure,63.0,male,4.0,86000.0,14.629554222256703,121.00228548885129
MMTI-2025-0639,2025-03-25,13:52:00,Pasig,Ortigas Ave,Taxi,Hit and Run,,Clear,,Mechanical Failure,22.0,male,0.0,70000.0,14.52199802649614,121.00967375696716
MMTI-2025-0640,2025-02-03,10:40:00,Makati,Ortigas Ave,Bus,Side-swipe,Major,Rain,Slippery,Overspeeding,24.0,FEMALE,1.0,50000.0,14.690356572128836,121.05654672373181
MMTI-2025-0641,2025-03-05,05:33:00,San Juan,Katipunan Ave,Taxi,Hit and Run,Minor, clear,Slippery,Reckless Driving,53.0,male,4.0,14500.0,14.679314048659746,120.93414948332011
MMTI-2025-0642,2025-07-19,05:22:00,QUEZON CITY,España Blvd,Jeepney,Hit and Run,, clear,Wet,Reckless Driving,18.0,Female,,18000.0,14.528534028498532,121.01351215501938
MMTI-2025-0643,2025-05-17,01:58:00,Las Piñas,Quezon Ave,UV Express,Pedestrian,,RAIN,,Drunk Driving,46.0,male,3.0,66000.0,14.557363932245705,121.09052326444949
MMTI-2025-0644,2025-09-24,22:56:00,Caloocan,Roxas Blvd,UV Express,Collision,Fatal,Cloudy,Slippery,Distracted Driving,58.0,Male,0.0,95000.0,14.548007348097663,120.91872672165202
MMTI-2025-0645,2025-10-22,01:05:00,San Juan,España Blvd,Truck,Collision,,RAIN,,Drunk Driving,48.0,FEMALE,4.0,89500.0,14.699590885157546,121.07761610676708
MMTI-2025-0646,2025-12-24,03:25:00,Manila,Katipunan Ave,Car,Collision,,RAIN,,Traffic Violation,33.0,Male,4.0,59000.0,14.69292947675069,121.03490443368284
MMTI-2025-0647,2025-09-26,07:11:00,Makati,Ortigas Ave,Taxi,Rear-end,,Storm,Dry,,49.0,FEMALE,1.0,49500.0,14.693945680727413,120.96759171920128
MMTI-2025-0648,2025-12-14,07:53:00,QUEZON CITY,C5,Bus,Side-swipe,,Storm,Slippery,Mechanical Failure,18.0,FEMALE,1.0,41000.0,14.685821801324355,121.09182698822465
MMTI-2025-0649,2025-09-21,01:59:00,Valenzuela,Katipunan Ave,Taxi,Hit and Run,Minor,Storm,Dry,,39.0,male,2.0,15500.0,14.501030882224025,121.07803925532465
MMTI-2025-0650,2025-04-06,12:22:00,Manila,C5,Truck,Hit and Run,Major,Clear,,Drunk Driving,44.0,Male,3.0,2500.0,14.531126080109846,121.03132668919882
MMTI-2025-0651,2025-04-26,15:25:00,Las Piñas,Roxas Blvd,Bus,Hit and Run,Major, clear,Slippery,Distracted Driving,46.0,FEMALE,1.0,19500.0,14.570747555415467,120.98679203093918
MMTI-2025-0652,2025-07-03,22:12:00,Taguig,Quezon Ave,Bus,Collision,Major,Cloudy,,Traffic Violation,20.0,Female,,27000.0,14.689675167917155,121.09193977067656
MMTI-2025-0653,2025-05-17,03:26:00,Pateros,España Blvd,Truck,Rear-end,Fatal,Cloudy,,,26.0,Male,0.0,4500.0,14.525224715703043,120.96882411018015
MMTI-2025-0654,2025-01-07,21:15:00,Quezon City,Ortigas Ave,Truck,Pedestrian,Minor,Cloudy,,Reckless Driving,36.0,FEMALE,0.0,99000.0,14.58579038716517,121.02352263205125
MMTI-2025-0655,2025-09-19,05:15:00,Mandaluyong,C5,Taxi,Side-swipe,Major,RAIN,,Mechanical Failure,48.0,Male,,95000.0,14.600466788725704,120.93623764990072
MMTI-2025-0656,2025-10-30,20:40:00,Pasig,Quezon Ave,Motorcycle,Rear-end,,Clear,Slippery,Mechanical Failure,27.0,FEMALE,0.0,80500.0,14.539928698675238,121.07287002213442
MMTI-2025-0657,2025-07-14,13:33:00,San Juan,Quezon Ave,Car,Side-swipe,,Cloudy,Dry,,59.0,Male,2.0,16000.0,14.553849217837417,120.95611118814797
MMTI-2025-0658,2025-06-29,22:26:00,Caloocan,Ortigas Ave,Motorcycle,Rear-end,Minor,Clear,Dry,Traffic Violation,31.0,male,3.0,37500.0,14.681696394989672,120.92015233998137
MMTI-2025-0659,2025-04-05,08:31:00,Las Piñas,Ortigas Ave,Bus,Collision,Minor,RAIN,Dry,Drunk Driving,39.0,male,,48000.0,14.648586403993976,121.01778221507202
MMTI-2025-0660,2025-11-06,11:15:00,Mandaluyong,Quezon Ave,Jeepney,Hit and Run,Minor,Clear,Wet,Distracted Driving,20.0,Female,1.0,92000.0,14.589153960236162,120.91972748201323
MMTI-2025-0661,2025-10-07,19:21:00,San Juan,Aurora Blvd,Taxi,Rear-end,,RAIN,Wet,Overspeeding,26.0,Female,3.0,72000.0,14.642320625860282,121.07831733059447
MMTI-2025-0662,2025-10-14,11:57:00,Las Piñas,Aurora Blvd,UV Express,Collision,,Clear,,,51.0,Male,1.0,78500.0,14.55482972815142,121.09349738825699
MMTI-2025-0663,2025-05-29,01:36:00,Quezon City,Quezon Ave,UV Express,Hit and Run,,RAIN,,Distracted Driving,28.0,FEMALE,4.0,51000.0,14.612499718039292,120.97804938018449
MMTI-2025-0664,2025-11-07,08:13:00,Pasay,EDSA,Car,Pedestrian,Major, clear,Dry,,50.0,male,2.0,30000.0,14.55927273736634,120.95370293043875
MMTI-2025-0665,2025-03-02,05:14:00,Quezon City,España Blvd,Car,Side-swipe,Minor,RAIN,Wet,Reckless Driving,26.0,male,0.0,84000.0,14.696004732324194,121.09790725383671
MMTI-2025-0666,2025-04-18,17:07:00,Manila,Ortigas Ave,UV Express,Pedestrian,Fatal,Storm,Dry,Reckless Driving,64.0,Female,3.0,80000.0,14.558979067690126,121.09705225684831
MMTI-2025-0667,2025-11-17,00:52:00,Las Piñas,Quezon Ave,UV Express,Side-swipe,Major,Storm,Dry,Distracted Driving,64.0,FEMALE,,34500.0,14.674005157688603,121.02686110824995
MMTI-2025-0668,2025-10-10,06:52:00,Valenzuela,Quezon Ave,Bus,Side-swipe,Major, clear,,Drunk Driving,46.0,Female,,94500.0,14.586780712557793,120.92966683790411
MMTI-2025-0669,2025-09-03,02:31:00,Pasay,Aurora Blvd,Car,Rear-end,Major, clear,,Drunk Driving,59.0,male,0.0,41500.0,14.532583729751785,120.93554685386643
MMTI-2025-0670,2025-07-21,21:38:00,Parañaque,C5,Car,Collision,,Rain,,,24.0,Female,,98000.0,14.661598545330447,121.02065870329697
MMTI-2025-0671,2025-07-13,12:01:00,Taguig,EDSA,Taxi,Collision,Major,Rain,Dry,Reckless Driving,27.0,Male,0.0,15500.0,14.608474033677775,121.0636510719931
MMTI-2025-0672,2025-12-29,02:12:00,Pasig,Aurora Blvd,Taxi,Pedestrian,,Rain,Slippery,Traffic Violation,48.0,Female,1.0,9000.0,14.608705287712874,120.95349132810159
MMTI-2025-0673,2025-10-06,03:01:00,Quezon City,C5,Jeepney,Side-swipe,Minor, clear,,Drunk Driving,18.0,Female,0.0,31000.0,14.585427086629544,120.92947530203061
MMTI-2025-0674,2025-12-02,09:14:00,Navotas,C5,Truck,Rear-end,Minor,Rain,Dry,Reckless Driving,40.0,Male,4.0,44500.0,14.523670194090148,121.08466392148242
MMTI-2025-0675,2025-02-13,01:38:00,Pasig,Commonwealth Ave,Truck,Pedestrian,Fatal, clear,Wet,,27.0,male,4.0,38500.0,14.569677136652771,120.92078451256617
MMTI-2025-0676,2025-09-13,21:23:00,Mandaluyong,C5,Taxi,Collision,Major,RAIN,Wet,Traffic Violation,27.0,FEMALE,3.0,94000.0,14.659370147862354,121.0952678493834
MMTI-2025-0677,2025-02-04,03:36:00,Malabon,Roxas Blvd,Car,Collision,Fatal,Rain,Wet,,40.0,male,3.0,56000.0,14.59625771000001,121.09456977309875
MMTI-2025-0678,2025-11-05,20:21:00,Pasig,Quezon Ave,Truck,Hit and Run,,Cloudy,,,52.0,Female,3.0,12500.0,14.616192787460864,120.98436815221153
MMTI-2025-0679,2025-10-23,22:51:00,Caloocan,C5,Car,Side-swipe,Minor,Rain,Dry,Traffic Violation,53.0,FEMALE,1.0,16000.0,14.511915477978233,120.96986950689683
MMTI-2025-0680,2025-03-13,09:29:00,Pasig,España Blvd,Truck,Rear-end,Major,Rain,Dry,Drunk Driving,25.0,Female,3.0,95500.0,14.505269376480761,121.09298263851511
MMTI-2025-0681,2025-07-10,01:44:00,Taguig,Katipunan Ave,Motorcycle,Hit and Run,,Rain,Dry,Drunk Driving,41.0,Female,0.0,33000.0,14.515413059312817,121.01383663092713
MMTI-2025-0682,2025-08-02,04:48:00,Pasay,Aurora Blvd,UV Express,Rear-end,,RAIN,Slippery,,44.0,male,3.0,84500.0,14.639049404879227,120.95735381411205
MMTI-2025-0683,2025-03-21,01:56:00,Quezon City,Katipunan Ave,Taxi,Rear-end,,Rain,Dry,,45.0,FEMALE,4.0,93000.0,14.665903646138391,121.08383004601608
MMTI-2025-0684,2025-09-14,09:45:00,Caloocan,Taft Ave,Car,Side-swipe,Minor, clear,,Drunk Driving,65.0,Female,3.0,81000.0,14.51119936439232,120.97845819172814
MMTI-2025-0685,2025-10-14,19:53:00,Makati,Aurora Blvd,Truck,Side-swipe,,Cloudy,Wet,Overspeeding,69.0,male,,56000.0,14.53894611786294,120.92168017641366
MMTI-2025-0686,2025-02-09,11:38:00,Marikina,EDSA,Car,Side-swipe,Major, clear,Dry,Distracted Driving,31.0,Male,2.0,26000.0,14.610338275435158,121.02767779220522
MMTI-2025-0687,2025-01-17,07:17:00,Makati,Katipunan Ave,Jeepney,Collision,,Cloudy,Dry,Overspeeding,38.0,Male,2.0,3000.0,14.696108325357212,121.05033588600517
MMTI-2025-0688,2025-07-23,16:12:00,Marikina,Taft Ave,UV Express,Side-swipe,Major,RAIN,Dry,Traffic Violation,44.0,Male,4.0,21000.0,14.50473706213709,121.05921385941225
MMTI-2025-0689,2025-09-02,18:55:00,Quezon City,Roxas Blvd,Car,Rear-end,,Clear,Dry,Mechanical Failure,31.0,Female,,22500.0,14.69868332589219,121.00032398330615
MMTI-2025-0690,2025-11-08,20:33:00,Marikina,Aurora Blvd,Taxi,Rear-end,Fatal,Storm,Slippery,,20.0,FEMALE,1.0,28500.0,14.699401899591665,121.02137540888042
MMTI-2025-0691,2025-03-20,18:40:00,Pateros,C5,Taxi,Collision,Major,Storm,,Distracted Driving,49.0,Male,3.0,42000.0,14.533943527838671,120.95912163579683
MMTI-2025-0692,2025-02-04,08:36:00,Las Piñas,Ortigas Ave,Motorcycle,Collision,Major,RAIN,,Reckless Driving,48.0,male,3.0,85000.0,14.684832154423665,121.08796589393015
MMTI-2025-0693,2025-10-19,15:02:00,Las Piñas,Roxas Blvd,Truck,Hit and Run,,RAIN,Wet,,41.0,male,2.0,12500.0,14.636440179367654,121.00118848599507
MMTI-2025-0694,2025-05-15,21:02:00, Pasig,EDSA,UV Express,Rear-end,,Clear,Wet,Distracted Driving,36.0,FEMALE,1.0,74500.0,14.579856084069355,120.91459573540547
MMTI-2025-0695,2025-07-18,14:42:00,Makati,Ortigas Ave,Truck,Hit and Run,,Cloudy,Dry,Distracted Driving,29.0,Male,3.0,,14.586622879206345,120.98030409414876
MMTI-2025-0696,2025-02-03,10:21:00, Pasig,Aurora Blvd,Car,Hit and Run,Minor,Storm,,Overspeeding,52.0,Female,3.0,20500.0,14.628043276389644,120.96403732384475
MMTI-2025-0697,2025-01-17,19:49:00,Navotas,EDSA,Taxi,Side-swipe,,Cloudy,Wet,Overspeeding,31.0,Male,,56000.0,14.553969622033941,121.02713745858685
MMTI-2025-0698,2025-02-12,04:04:00,Mandaluyong,Taft Ave,Motorcycle,Side-swipe,,Cloudy,,Mechanical Failure,60.0,male,1.0,8500.0,14.518488252006406,121.08032834742745
MMTI-2025-0699,2025-06-25,09:10:00,Parañaque,Ortigas Ave,Truck,Hit and Run,, clear,Wet,,40.0,FEMALE,0.0,73500.0,14.65661447479394,121.01942572772289
MMTI-2025-0700,2025-02-09,23:42:00,Makati ,Katipunan Ave,Car,Side-swipe,Fatal,Clear,Wet,,27.0,FEMALE,2.0,16500.0,14.658403363779152,121.0347890621519
MMTI-2025-0701,2025-05-15,16:46:00,Manila,Aurora Blvd,Taxi,Rear-end,,RAIN,,Distracted Driving,20.0,Female,,26000.0,14.584035221780011,121.0092172455406
MMTI-2025-0702,2025-03-27,19:24:00,Parañaque,Ortigas Ave,Car,Rear-end,,Clear,Slippery,Traffic Violation,19.0,male,2.0,66000.0,14.663810303610203,120.92494907036323
MMTI-2025-0703,2025-09-13,20:29:00,Malabon,Taft Ave,Bus,Side-swipe,,Cloudy,,Traffic Violation,25.0,Female,3.0,56500.0,14.574624297286414,121.01055071442559
MMTI-2025-0704,2025-03-25,17:27:00,Navotas,Roxas Blvd,Taxi,Hit and Run,Fatal,RAIN,,Distracted Driving,23.0,Male,0.0,85000.0,14.503285298669725,121.0864993503858
MMTI-2025-0705,2025-02-23,15:47:00, Pasig,España Blvd,Motorcycle,Hit and Run,, clear,Dry,Reckless Driving,44.0,Female,1.0,60000.0,14.610317582459867,120.92290022104318
MMTI-2025-0706,2025-08-29,03:22:00,Valenzuela,Taft Ave,Taxi,Hit and Run,Minor,Storm,Wet,Reckless Driving,35.0,male,2.0,55000.0,14.634660162391596,120.90083151146798
MMTI-2025-0707,2025-08-01,01:00:00,Manila,Commonwealth Ave,Taxi,Side-swipe,,RAIN,,Traffic Violation,39.0,Female,4.0,57000.0,14.548366222613662,121.0946980646124
MMTI-2025-0708,2025-04-09,19:41:00,Navotas,EDSA,Taxi,Pedestrian,,Rain,,Drunk Driving,43.0,male,4.0,22000.0,14.58748031740035,120.91991558478777
MMTI-2025-0709,2025-03-06,16:07:00,Makati ,Taft Ave,Taxi,Side-swipe,,Rain,Slippery,Mechanical Failure,23.0,Male,0.0,57500.0,14.502307624561928,121.05400644629194
MMTI-2025-0710,2025-03-20,00:39:00,QUEZON CITY,C5,Jeepney,Hit and Run,Minor,RAIN,Wet,,58.0,male,1.0,32500.0,14.630504543927177,120.94435104473968
MMTI-2025-0711,2025-04-10,17:53:00,Caloocan,Taft Ave,Taxi,Side-swipe,Minor,Storm,Dry,Drunk Driving,58.0,Male,,76000.0,14.673387809251874,120.9221863038229
MMTI-2025-0712,2025-11-02,03:06:00,Pasig,Roxas Blvd,Bus,Rear-end,Minor,Clear,,Traffic Violation,31.0,FEMALE,0.0,64500.0,14.659088291260536,120.98274902563331
MMTI-2025-0713,2025-09-07,20:04:00,Parañaque,Taft Ave,Truck,Side-swipe,,Rain,Wet,Reckless Driving,18.0,Female,,74500.0,14.626242680261514,121.07096178536334
MMTI-2025-0714,2025-03-02,10:22:00,Pateros,Katipunan Ave,Jeepney,Pedestrian,Minor,Rain,,Reckless Driving,25.0,Female,4.0,5500.0,14.60719083551025,121.0035989843484
MMTI-2025-0715,2025-03-20,06:55:00,Las Piñas,C5,Car,Collision,Fatal,Rain,Wet,Distracted Driving,64.0,Female,2.0,37000.0,14.596314974426088,121.09064587219353
MMTI-2025-0716,2025-06-28,22:35:00,San Juan,Aurora Blvd,UV Express,Hit and Run,, clear,,Mechanical Failure,34.0,Female,1.0,89500.0,14.669207155536585,121.04347922694845
MMTI-2025-0717,2025-07-21,03:37:00,Makati ,Roxas Blvd,Car,Rear-end,,Cloudy,,,56.0,male,2.0,81500.0,14.521511822353744,120.97660916958648
MMTI-2025-0718,2025-04-13,18:22:00,Las Piñas,C5,Truck,Rear-end,Minor, clear,Slippery,,36.0,male,3.0,5500.0,14.522929990559673,121.061808093373
MMTI-2025-0719,2025-08-08,05:22:00,Caloocan,C5,Car,Side-swipe,Fatal,Rain,Slippery,Distracted Driving,18.0,male,,3000.0,14.643360524369582,120.94275448540655
MMTI-2025-0720,2025-10-18,10:57:00,Caloocan,España Blvd,Motorcycle,Hit and Run,Fatal, clear,Wet,Mechanical Failure,24.0,male,,79500.0,14.689254212205649,121.0614852992593
MMTI-2025-0721,2025-12-10,02:36:00,Malabon,Taft Ave,Bus,Side-swipe,Major,Rain,Dry,,49.0,Male,2.0,55500.0,14.523851804620165,120.99055702115766
MMTI-2025-0722,2025-11-04,10:37:00,Navotas,Quezon Ave,Jeepney,Collision,Fatal,Clear,,Overspeeding,47.0,male,1.0,53500.0,14.507401639067872,121.00669340181058
MMTI-2025-0723,2025-09-28,01:21:00,Manila,C5,Truck,Collision,,RAIN,Slippery,Reckless Driving,38.0,male,3.0,12000.0,14.61129004027637,120.96263493224058
MMTI-2025-0724,2025-11-10,01:25:00,San Juan,Aurora Blvd,Truck,Collision,Fatal, clear,Dry,Overspeeding,32.0,Male,0.0,19500.0,14.521027138819605,120.96457180807202
MMTI-2025-0725,2025-12-19,23:27:00,Caloocan,Commonwealth Ave,Motorcycle,Rear-end,Fatal, clear,Dry,Overspeeding,34.0,Male,0.0,8000.0,14.689428972161249,120.91500843504627
MMTI-2025-0726,2025-06-18,22:39:00,Navotas,Roxas Blvd,UV Express,Rear-end,Major, clear,,Distracted Driving,26.0,male,1.0,98000.0,14.61682606024712,121.07003073985254
MMTI-2025-0727,2025-07-31,20:28:00,Taguig,España Blvd,Jeepney,Rear-end,,Cloudy,,Reckless Driving,38.0,FEMALE,1.0,13500.0,14.552762406716052,120.95924683766273
MMTI-2025-0728,2025-02-12,11:35:00,Caloocan,Quezon Ave,UV Express,Collision,Minor,Cloudy,Dry,Mechanical Failure,18.0,Female,3.0,51000.0,14.537583485972354,120.92090694359013
MMTI-2025-0729,2025-04-17,18:48:00,manila,España Blvd,Taxi,Side-swipe,Fatal,RAIN,,Drunk Driving,50.0,Male,1.0,30000.0,14.683339448815053,120.97711514975886
MMTI-2025-0730,2025-08-20,19:32:00,Parañaque,Taft Ave,Car,Collision,Fatal,Cloudy,Wet,Reckless Driving,54.0,Male,1.0,61000.0,14.675239247243365,121.04900519864292
MMTI-2025-0731,2025-05-04,00:57:00,Valenzuela,Commonwealth Ave,Bus,Collision,,RAIN,,,40.0,male,0.0,72000.0,14.516813353232186,120.98629472734342
MMTI-2025-0732,2025-03-19,12:32:00,Malabon,España Blvd,Bus,Collision,,Storm,Slippery,Distracted Driving,21.0,FEMALE,,56000.0,14.538786325296769,120.93788992673561
MMTI-2025-0733,2025-04-01,19:17:00,manila,Katipunan Ave,Truck,Pedestrian,,Clear,Dry,Mechanical Failure,25.0,Female,0.0,8500.0,14.679011692159904,121.01504610071507
MMTI-2025-0734,2025-05-03,02:34:00,Taguig,Roxas Blvd,Car,Pedestrian,,Cloudy,,Distracted Driving,32.0,male,3.0,28000.0,14.534205823817443,120.94071509591883
MMTI-2025-0735,2025-11-23,09:45:00, Pasig,Roxas Blvd,UV Express,Collision,Minor,Rain,,,65.0,male,,32500.0,14.53404651480185,121.03628849695542
MMTI-2025-0736,2025-03-27,05:21:00,Valenzuela,Commonwealth Ave,Motorcycle,Hit and Run,,Storm,Dry,Drunk Driving,34.0,Male,1.0,88500.0,14.6520521504478,120.90194677501025
MMTI-2025-0737,2025-06-30,15:37:00,Manila,Aurora Blvd,Taxi,Rear-end,,Clear,Dry,Overspeeding,54.0,male,1.0,69000.0,14.600629294167913,121.05099849573759
MMTI-2025-0738,2025-02-18,03:19:00,Marikina,Aurora Blvd,Truck,Side-swipe,,Storm,,Reckless Driving,41.0,FEMALE,0.0,47000.0,14.560226806566353,120.96674777402188
MMTI-2025-0739,2025-09-23,21:54:00, Pasig,Aurora Blvd,Motorcycle,Side-swipe,,RAIN,Dry,Drunk Driving,44.0,Female,,20000.0,14.571438881006587,120.90618093497213
MMTI-2025-0740,2025-10-23,23:44:00,Malabon,Ortigas Ave,Car,Collision,Major,Cloudy,Dry,Reckless Driving,58.0,FEMALE,4.0,24000.0,14.553061866626631,121.03581327251918
MMTI-2025-0741,2025-06-19,12:37:00,Malabon,Roxas Blvd,Bus,Rear-end,Minor, clear,,Traffic Violation,57.0,Male,3.0,60000.0,14.613332486105193,121.05850511311344
MMTI-2025-0742,2025-06-27,09:07:00,Manila,Aurora Blvd,UV Express,Rear-end,,RAIN,Wet,Reckless Driving,57.0,Female,2.0,64000.0,14.55765199074837,121.05995701297333
MMTI-2025-0743,2025-01-08,14:02:00,Parañaque,Roxas Blvd,Taxi,Pedestrian,Minor,Clear,,Reckless Driving,18.0,FEMALE,2.0,86500.0,14.666822010279658,120.909980409222
MMTI-2025-0744,2025-03-12,11:56:00,San Juan,España Blvd,UV Express,Pedestrian,Major,Clear,Slippery,Drunk Driving,64.0,Female,3.0,76500.0,14.683651967466947,120.9581604051871
MMTI-2025-0745,2025-01-17,15:59:00,Las Piñas,Quezon Ave,Taxi,Hit and Run,,Cloudy,Dry,Reckless Driving,37.0,male,1.0,74000.0,14.587163254140203,121.0751864810623
MMTI-2025-0746,2025-10-24,04:43:00,Parañaque,Roxas Blvd,Car,Hit and Run,,Rain,Slippery,Reckless Driving,23.0,male,4.0,82000.0,14.59223087660347,120.93667443450684
MMTI-2025-0747,2025-08-12,03:08:00,manila,Aurora Blvd,UV Express,Side-swipe,,RAIN,Slippery,,40.0,FEMALE,3.0,55500.0,14.692289384320764,120.99225679640126
MMTI-2025-0748,2025-10-14,00:49:00,Malabon,C5,Taxi,Rear-end,,Storm,Wet,Traffic Violation,26.0,male,0.0,98500.0,14.669021468449621,120.92518716812573
MMTI-2025-0749,2025-12-10,00:29:00,manila,Aurora Blvd,Taxi,Collision,Minor,Clear,Slippery,Distracted Driving,39.0,Male,2.0,74000.0,14.596293580071022,120.96626151928949
MMTI-2025-0750,2025-02-01,03:47:00,Makati ,España Blvd,UV Express,Collision,Major, clear,Wet,,26.0,Female,,83500.0,14.670451139144266,120.9601784417454
MMTI-2025-0751,2025-06-09,23:59:00,Manila,Aurora Blvd,Jeepney,Rear-end,Minor,Clear,Dry,Drunk Driving,56.0,Male,4.0,14000.0,14.549441217190465,120.92072140496037
MMTI-2025-0752,2025-01-13,16:28:00,Navotas,EDSA,Motorcycle,Side-swipe,,Cloudy,Wet,Mechanical Failure,52.0,male,4.0,89000.0,14.587825970142058,121.03163186403687
MMTI-2025-0753,2025-03-05,13:09:00,Manila,Commonwealth Ave,Car,Rear-end,Major, clear,,Mechanical Failure,48.0,FEMALE,2.0,39000.0,14.633507105857163,121.0918182828855
MMTI-2025-0754,2025-09-10,11:42:00,Mandaluyong,Taft Ave,Truck,Collision,,Cloudy,,Drunk Driving,19.0,male,3.0,17000.0,14.612841816826805,120.90220392879924
MMTI-2025-0755,2025-06-05,01:41:00, Pasig,Aurora Blvd,Motorcycle,Side-swipe,Major,Cloudy,,Reckless Driving,18.0,Female,2.0,66000.0,14.671167914362284,121.00064112426458
MMTI-2025-0756,2025-06-28,22:33:00,Navotas,España Blvd,Motorcycle,Rear-end,Major,Storm,,Traffic Violation,47.0,Female,2.0,99500.0,14.631688788984611,121.0846953874736
MMTI-2025-0757,2025-02-04,20:30:00,Navotas,Aurora Blvd,Jeepney,Rear-end,,RAIN,,Reckless Driving,26.0,male,4.0,76000.0,14.56961904404237,121.02349500481768
MMTI-2025-0758,2025-07-26,02:02:00,Manila,Commonwealth Ave,Car,Collision,Minor,Cloudy,,Traffic Violation,66.0,Female,,32000.0,14.521086361854962,121.07615108217895
MMTI-2025-0759,2025-07-16,13:59:00,Makati,EDSA,Jeepney,Side-swipe,Minor,Clear,Dry,,66.0,male,4.0,82500.0,14.668135871037036,121.08471016909789
MMTI-2025-0760,2025-06-14,03:44:00,Valenzuela,Taft Ave,Car,Pedestrian,,Rain,Wet,Reckless Driving,49.0,FEMALE,,38500.0,14.545099307896484,121.04843078130796
MMTI-2025-0761,2025-08-11,16:51:00,Parañaque,C5,Jeepney,Collision,Minor,Rain,Dry,Drunk Driving,18.0,male,3.0,74500.0,14.609316168523566,120.91439302316415
MMTI-2025-0762,2025-04-05,21:46:00,manila,Aurora Blvd,Car,Rear-end,,Cloudy,,Traffic Violation,40.0,Female,0.0,58000.0,14.585502349772261,120.97522364538011
MMTI-2025-0763,2025-02-06,18:05:00,Pasig,España Blvd,Bus,Collision,Minor,Cloudy,Wet,Overspeeding,56.0,male,0.0,30500.0,14.664265561015334,120.95797929603201
MMTI-2025-0764,2025-05-09,12:45:00,Las Piñas,C5,Taxi,Rear-end,Fatal,Clear,,Mechanical Failure,51.0,male,3.0,81000.0,14.511329639771494,121.03950358166071
MMTI-2025-0765,2025-02-26,18:30:00,Mandaluyong,EDSA,Motorcycle,Side-swipe,,Storm,Wet,Traffic Violation,66.0,Male,1.0,28000.0,14.609417469526473,121.04677453388216
MMTI-2025-0766,2025-12-06,01:15:00,Pateros,C5,Taxi,Pedestrian,,RAIN,Dry,Traffic Violation,22.0,FEMALE,4.0,96500.0,14.622486530139094,120.91611869765448
MMTI-2025-0767,2025-10-10,15:08:00,Mandaluyong,EDSA,Motorcycle,Collision,, clear,Wet,Traffic Violation,45.0,FEMALE,2.0,31000.0,14.504288652436802,120.91107130948656
MMTI-2025-0768,2025-04-11,17:38:00,Navotas,EDSA,Jeepney,Hit and Run,Minor,Cloudy,,Drunk Driving,45.0,FEMALE,4.0,19500.0,14.523116639909079,120.92359851136379
MMTI-2025-0769,2025-11-12,11:22:00,Parañaque,Ortigas Ave,Truck,Collision,Major,Rain,Dry,Overspeeding,32.0,FEMALE,,98000.0,14.677667067658506,121.05863616844448
MMTI-2025-0770,2025-10-18,01:51:00,Manila,Quezon Ave,Taxi,Collision,Minor,Clear,Wet,,29.0,male,0.0,42000.0,14.569933492842937,121.0310417903817
MMTI-2025-0771,2025-05-06,09:08:00, Pasig,Taft Ave,Truck,Collision,Minor,Clear,Slippery,Mechanical Failure,49.0,male,1.0,58500.0,14.64262677178192,121.08828539753993
MMTI-2025-0772,2025-10-10,09:55:00,Caloocan,España Blvd,Bus,Side-swipe,, clear,Dry,Overspeeding,40.0,FEMALE,,81500.0,14.597241539179956,120.91568921536738
MMTI-2025-0773,2025-03-12,16:14:00,San Juan,España Blvd,Car,Collision,Fatal,RAIN,Wet,Overspeeding,33.0,FEMALE,,99500.0,14.590752597083219,120.92284772697283
MMTI-2025-0774,2025-09-13,01:17:00,Mandaluyong,Katipunan Ave,Truck,Side-swipe,Minor,Clear,Slippery,,49.0,Male,3.0,51000.0,14.588803947038077,120.9448896902885
MMTI-2025-0775,2025-07-14,05:42:00,Malabon,España Blvd,Motorcycle,Side-swipe,Minor, clear,Slippery,Overspeeding,56.0,male,2.0,98000.0,14.618191725338317,121.05145044330858
MMTI-2025-0776,2025-06-24,23:53:00, Pasig,Taft Ave,Taxi,Hit and Run,Minor,Clear,,,64.0,male,4.0,61000.0,14.584767004210654,121.0438440390949
MMTI-2025-0777,2025-09-23,08:10:00,Navotas,Aurora Blvd,UV Express,Rear-end,Major,Clear,Slippery,Reckless Driving,23.0,Female,4.0,39500.0,14.567506470637147,120.97892024075777
MMTI-2025-0778,2025-11-12,08:23:00,Mandaluyong,Roxas Blvd,Taxi,Pedestrian,Minor,Clear,Slippery,Traffic Violation,34.0,Female,3.0,61000.0,14.50345333731161,120.90177414039738
MMTI-2025-0779,2025-01-19,11:30:00,QUEZON CITY,Quezon Ave,Truck,Collision,,Clear,Slippery,Traffic Violation,22.0,FEMALE,1.0,35000.0,14.653195365945601,120.95522886851361
MMTI-2025-0780,2025-09-11,04:14:00,Pasay,Commonwealth Ave,Taxi,Pedestrian,Minor,Rain,Dry,Overspeeding,29.0,FEMALE,4.0,42500.0,14.508391117384146,121.04347153936023
MMTI-2025-0781,2025-02-01,22:16:00,Mandaluyong,EDSA,UV Express,Side-swipe,,RAIN,Dry,Mechanical Failure,40.0,Male,0.0,66500.0,14.58876253681359,121.00220710348704
MMTI-2025-0782,2025-05-02,06:20:00,Makati ,Ortigas Ave,Taxi,Hit and Run,Minor,RAIN,,Reckless Driving,27.0,Male,2.0,79500.0,14.657632892370652,120.96699715700016
MMTI-2025-0783,2025-07-28,20:23:00,Pateros,Roxas Blvd,Jeepney,Collision,Major,Storm,Dry,Reckless Driving,27.0,Male,0.0,79500.0,14.542295929503492,120.96262115316212
MMTI-2025-0784,2025-09-18,18:45:00,Las Piñas,Quezon Ave,Truck,Pedestrian,Minor,RAIN,Wet,,66.0,Male,0.0,30500.0,14.61308047697469,121.09956259366042
MMTI-2025-0785,2025-11-19,17:46:00,Malabon,España Blvd,UV Express,Collision,,Clear,,,60.0,FEMALE,2.0,36000.0,14.53900471901299,121.01504874720136
MMTI-2025-0786,2025-05-05,10:15:00,Las Piñas,Quezon Ave,Truck,Side-swipe,Minor,RAIN,Wet,,64.0,FEMALE,2.0,12000.0,14.570396921873774,121.00112868856854
MMTI-2025-0787,2025-07-05,20:30:00, Pasig,Quezon Ave,Truck,Hit and Run,Major, clear,Wet,Mechanical Failure,67.0,FEMALE,,76500.0,14.633180530575126,121.02110913285655
MMTI-2025-0788,2025-05-27,10:20:00,Taguig,C5,Truck,Hit and Run,,Rain,,,58.0,Female,1.0,60000.0,14.503102450321274,120.92415776911173
MMTI-2025-0789,2025-05-15,17:45:00,Pateros,C5,Car,Collision,,Clear,Wet,Distracted Driving,26.0,FEMALE,3.0,47000.0,14.525490597489949,121.03938573979876
MMTI-2025-0790,2025-05-04,22:18:00,Taguig,Ortigas Ave,Taxi,Side-swipe,, clear,,Distracted Driving,64.0,Male,0.0,96500.0,14.684144741825696,121.08998381115332
MMTI-2025-0791,2025-07-29,20:28:00,Malabon,Roxas Blvd,Taxi,Hit and Run,Major,RAIN,Wet,Distracted Driving,27.0,Male,4.0,77500.0,14.573974781742553,121.02988095202078
MMTI-2025-0792,2025-07-14,10:28:00,Pasay,España Blvd,UV Express,Pedestrian,Fatal,Clear,Wet,Reckless Driving,49.0,male,0.0,74000.0,14.603535528327974,121.00503872868394
MMTI-2025-0793,2025-09-18,13:18:00,Marikina,Taft Ave,Bus,Rear-end,Major,Clear,Wet,,51.0,male,4.0,80500.0,14.56287347838203,120.96946912301301
MMTI-2025-0794,2025-03-26,03:18:00,Mandaluyong,Aurora Blvd,Truck,Rear-end,Major,Storm,Slippery,Distracted Driving,32.0,male,1.0,14000.0,14.541368622410541,121.06775799916491
MMTI-2025-0795,2025-03-28,00:38:00,Quezon City,España Blvd,Jeepney,Rear-end,Minor,Cloudy,Dry,Traffic Violation,31.0,male,4.0,56500.0,14.64641788370136,121.00417877901522
MMTI-2025-0796,2025-08-21,09:58:00,Taguig,C5,Truck,Hit and Run,,Storm,Dry,Drunk Driving,35.0,Male,2.0,12000.0,14.648855507065832,120.94448835511113
MMTI-2025-0797,2025-02-08,10:10:00,manila,Ortigas Ave,Bus,Hit and Run,,RAIN,Dry,Traffic Violation,20.0,FEMALE,0.0,92000.0,14.658839479865575,120.963505439744
MMTI-2025-0798,2025-10-13,21:53:00,Quezon City,EDSA,Car,Rear-end,,Cloudy,Wet,Mechanical Failure,34.0,FEMALE,1.0,64000.0,14.662773770372725,121.0467121370088
MMTI-2025-0799,2025-05-25,04:12:00,Makati,España Blvd,Taxi,Rear-end,Minor,Cloudy,Dry,,53.0,Female,,24500.0,14.50776254597032,121.03759633192878
MMTI-2025-0800,2025-11-11,12:40:00,Makati ,Quezon Ave,UV Express,Side-swipe,, clear,Wet,Reckless Driving,32.0,male,,64000.0,14.598044395143905,121.02600549964937
MMTI-2025-0801,2025-11-03,11:34:00,Pateros,Roxas Blvd,Motorcycle,Rear-end,Minor,Storm,,,38.0,Female,,56000.0,14.523163835966876,120.99294718646455
MMTI-2025-0802,2025-06-13,21:07:00,Las Piñas,Taft Ave,UV Express,Rear-end,,Cloudy,,,61.0,Female,0.0,39000.0,14.55358477310462,120.94302123470577
MMTI-2025-0803,2025-07-29,01:35:00,Marikina,Roxas Blvd,UV Express,Side-swipe,,Cloudy,,,43.0,male,0.0,36000.0,14.597101078522483,120.9437896390853
MMTI-2025-0804,2025-11-22,01:19:00,Valenzuela,Taft Ave,Car,Pedestrian,Major, clear,Wet,Distracted Driving,57.0,male,1.0,79000.0,14.607953462034345,121.09005571264362
MMTI-2025-0805,2025-01-11,12:05:00,Marikina,Ortigas Ave,Taxi,Pedestrian,Minor,RAIN,Dry,Mechanical Failure,41.0,Female,1.0,70500.0,14.579105257778947,121.04356410090527
MMTI-2025-0806,2025-05-29,05:58:00,Las Piñas,Ortigas Ave,Truck,Rear-end,,RAIN,Wet,Overspeeding,20.0,Male,4.0,15000.0,14.600299864110257,121.05826869232193
MMTI-2025-0807,2025-01-22,05:18:00,San Juan,EDSA,Car,Rear-end,Minor,Storm,Dry,,59.0,FEMALE,1.0,96500.0,14.675324328646061,121.07239673895377
MMTI-2025-0808,2025-02-09,02:32:00,Malabon,EDSA,Motorcycle,Pedestrian,,Rain,Dry,,30.0,male,2.0,56000.0,14.60247112623376,120.90468639031374
MMTI-2025-0809,2025-05-21,14:12:00,Taguig,Roxas Blvd,UV Express,Pedestrian,,Cloudy,Slippery,,23.0,Female,3.0,73500.0,14.555711580043061,120.95688459710429
MMTI-2025-0810,2025-12-26,17:32:00,Caloocan,Taft Ave,Motorcycle,Hit and Run,,Storm,,Distracted Driving,46.0,Female,4.0,5000.0,14.57946972365857,120.94642310954197
MMTI-2025-0811,2025-07-09,15:36:00,Taguig,Roxas Blvd,Bus,Rear-end,Minor,Clear,,Drunk Driving,31.0,FEMALE,4.0,33500.0,14.51677775553067,120.98063901456668
MMTI-2025-0812,2025-08-31,16:46:00,Makati ,Quezon Ave,Motorcycle,Hit and Run,Fatal,Cloudy,Slippery,Traffic Violation,27.0,Male,2.0,90000.0,14.613062472043529,120.98130685667907
MMTI-2025-0813,2025-01-03,08:44:00,Parañaque,España Blvd,Taxi,Hit and Run,,Cloudy,Slippery,Mechanical Failure,38.0,FEMALE,,63500.0,14.60288622312964,121.07173058202817
MMTI-2025-0814,2025-02-11,03:27:00,Makati,Taft Ave,Car,Collision,Major, clear,Dry,Drunk Driving,30.0,FEMALE,0.0,6500.0,14.677100566661629,120.99903690542389
MMTI-2025-0815,2025-11-17,16:31:00,Pasig,España Blvd,Truck,Hit and Run,Minor,Storm,Dry,,36.0,male,4.0,43000.0,14.623020097448745,120.97432636255594
MMTI-2025-0816,2025-11-29,05:09:00,San Juan,España Blvd,UV Express,Rear-end,,RAIN,Slippery,Reckless Driving,48.0,FEMALE,1.0,44000.0,14.68541591874773,121.04402605145602
MMTI-2025-0817,2025-03-11,05:33:00,Pateros,EDSA,Bus,Hit and Run,Major,Rain,,Distracted Driving,18.0,male,,26000.0,14.539853527686066,120.91876956900617
MMTI-2025-0818,2025-08-23,10:06:00,Quezon City,Katipunan Ave,Truck,Pedestrian,Major,Clear,Slippery,Mechanical Failure,40.0,Male,1.0,37000.0,14.556837515265874,121.08230214397325
MMTI-2025-0819,2025-08-07,18:46:00,San Juan,Ortigas Ave,Jeepney,Hit and Run,Fatal, clear,,Mechanical Failure,22.0,Female,0.0,95500.0,14.543288293898083,120.9356650520309
MMTI-2025-0820,2025-10-16,03:08:00,manila,Katipunan Ave,UV Express,Hit and Run,Fatal, clear,,Reckless Driving,69.0,FEMALE,1.0,23500.0,14.500534157132156,120.94636620728537
MMTI-2025-0821,2025-04-21,02:59:00, Pasig,Commonwealth Ave,Car,Rear-end,,Clear,Slippery,Distracted Driving,21.0,Female,4.0,58000.0,14.58508114764816,120.99433781553371
MMTI-2025-0822,2025-06-04,16:48:00,Taguig,Quezon Ave,Jeepney,Hit and Run,,Cloudy,,Traffic Violation,37.0,male,4.0,12000.0,14.676657121785553,121.0684382441847
MMTI-2025-0823,2025-03-27,20:53:00,Mandaluyong,Commonwealth Ave,Taxi,Hit and Run,,Cloudy,,Reckless Driving,61.0,Male,4.0,57500.0,14.630418424827129,120.93560248170093
MMTI-2025-0824,2025-07-07,14:49:00,Las Piñas,Taft Ave,Car,Pedestrian,,Rain,,Traffic Violation,29.0,Male,1.0,58500.0,14.572198275515442,120.93897772134187
MMTI-2025-0825,2025-10-28,09:21:00,Taguig,Ortigas Ave,Bus,Pedestrian,Minor, clear,Slippery,Overspeeding,59.0,male,,63000.0,14.579658800428982,121.09914756967947
MMTI-2025-0826,2025-12-27,08:17:00,Quezon City,Katipunan Ave,Taxi,Collision,, clear,,,29.0,FEMALE,,84500.0,14.650117269971352,121.06148613706812
MMTI-2025-0827,2025-01-20,11:01:00, Pasig,Commonwealth Ave,UV Express,Rear-end,Major,Clear,,Distracted Driving,21.0,FEMALE,,92500.0,14.512465094498152,120.91949509212061
MMTI-2025-0828,2025-10-06,08:54:00,Parañaque,Katipunan Ave,UV Express,Collision,Fatal,RAIN,Slippery,Drunk Driving,55.0,male,4.0,3500.0,14.688109032309793,120.98063461693582
MMTI-2025-0829,2025-12-08,21:03:00,Makati,Quezon Ave,Taxi,Pedestrian,Major,RAIN,Slippery,Distracted Driving,29.0,FEMALE,0.0,37000.0,14.621705805061286,121.03774334118586
MMTI-2025-0830,2025-07-29,05:40:00,Manila,Roxas Blvd,Bus,Pedestrian,Fatal,Clear,Slippery,,54.0,Male,4.0,61000.0,14.517632390731963,121.08360221846486
MMTI-2025-0831,2025-04-04,23:05:00,Pasay,Ortigas Ave,Jeepney,Collision,Major,Clear,Wet,Traffic Violation,47.0,Male,,33500.0,14.561556464191241,121.03617811894763
MMTI-2025-0832,2025-04-08,23:48:00,Pasig,Roxas Blvd,Motorcycle,Hit and Run,Fatal,Rain,Slippery,Drunk Driving,54.0,male,3.0,30500.0,14.667055052799352,120.95455988479193
MMTI-2025-0833,2025-04-13,05:18:00,Mandaluyong,Aurora Blvd,Bus,Collision,,Storm,,Traffic Violation,40.0,FEMALE,,89500.0,14.666346088305822,120.90734621874938
MMTI-2025-0834,2025-10-27,12:09:00,QUEZON CITY,Katipunan Ave,Car,Hit and Run,Fatal,RAIN,Slippery,Mechanical Failure,39.0,male,0.0,67500.0,14.654681799129728,120.95164276990035
MMTI-2025-0835,2025-08-28,08:02:00,Taguig,España Blvd,UV Express,Rear-end,,Rain,,Traffic Violation,41.0,FEMALE,,77000.0,14.680254979482068,120.96447440937354
MMTI-2025-0836,2025-02-23,20:22:00,Manila,Commonwealth Ave,Truck,Hit and Run,Fatal,Storm,Dry,Drunk Driving,40.0,male,1.0,61500.0,14.609355621317269,121.05040903541708
MMTI-2025-0837,2025-08-13,19:29:00,Makati ,Katipunan Ave,UV Express,Hit and Run,,Cloudy,Wet,Reckless Driving,64.0,male,4.0,45000.0,14.596511518476241,120.98023062095072
MMTI-2025-0838,2025-01-21,07:48:00,manila,C5,Truck,Hit and Run,Fatal, clear,,Overspeeding,28.0,Female,2.0,78000.0,14.693047122206735,121.08856926638498
MMTI-2025-0839,2025-04-12,18:48:00,Pasig,Commonwealth Ave,UV Express,Side-swipe,Minor,Clear,Slippery,Drunk Driving,69.0,male,3.0,52500.0,14.533068416208904,120.90016864189299
MMTI-2025-0840,2025-03-17,06:56:00,Pasay,Roxas Blvd,Bus,Collision,Major,Rain,Wet,,23.0,Female,1.0,89500.0,14.611069646247728,121.05512170400361
MMTI-2025-0841,2025-01-03,15:10:00,Las Piñas,C5,Truck,Pedestrian,,RAIN,Wet,,60.0,FEMALE,3.0,92000.0,14.548548401539112,121.08338994696115
MMTI-2025-0842,2025-07-18,04:20:00,Pasig,Taft Ave,Taxi,Side-swipe,Fatal,RAIN,,,52.0,Male,2.0,64500.0,14.63397533556883,121.09404513327246
MMTI-2025-0843,2025-01-14,07:56:00, Pasig,Commonwealth Ave,Taxi,Rear-end,Fatal,Storm,Slippery,Overspeeding,57.0,FEMALE,0.0,84500.0,14.546014695075273,120.99998993752595
MMTI-2025-0844,2025-01-23,06:19:00,Malabon,C5,Bus,Hit and Run,Major,Cloudy,Wet,Reckless Driving,37.0,FEMALE,,63500.0,14.506965332122176,121.0917025490925
MMTI-2025-0845,2025-08-04,05:10:00,Navotas,España Blvd,Taxi,Collision,,Clear,Slippery,Distracted Driving,59.0,FEMALE,0.0,22500.0,14.563805155647904,121.01493644193854
MMTI-2025-0846,2025-07-16,21:29:00,Manila,Aurora Blvd,UV Express,Hit and Run,,Clear,Slippery,,34.0,Male,4.0,59500.0,14.600412317175904,121.0562007061743
MMTI-2025-0847,2025-12-31,10:54:00,QUEZON CITY,Ortigas Ave,Motorcycle,Rear-end,, clear,,Distracted Driving,27.0,Male,2.0,92500.0,14.618030603614207,120.9395226098819
MMTI-2025-0848,2025-11-11,23:55:00,Valenzuela,Taft Ave,Motorcycle,Hit and Run,Fatal,Clear,Dry,,47.0,male,0.0,78500.0,14.637277527703786,120.9504653609182
MMTI-2025-0849,2025-06-22,21:18:00,Manila,España Blvd,Bus,Rear-end,Fatal,Storm,,Overspeeding,46.0,male,2.0,83000.0,14.507123015218644,120.92233665638751
MMTI-2025-0850,2025-01-19,17:47:00,Navotas,Quezon Ave,Car,Collision,,Clear,Wet,Drunk Driving,58.0,FEMALE,3.0,37000.0,14.569077256279964,120.99160617543608
MMTI-2025-0851,2025-11-13,07:58:00,manila,Katipunan Ave,Truck,Collision,Minor,Storm,Slippery,Overspeeding,27.0,Male,3.0,67500.0,14.69605329740852,120.91575297316578
MMTI-2025-0852,2025-11-23,23:19:00,Malabon,Taft Ave,Motorcycle,Rear-end,Fatal,RAIN,Dry,,25.0,Female,4.0,35000.0,14.69898368165374,121.02311629431553
MMTI-2025-0853,2025-10-04,07:44:00,Quezon City,Ortigas Ave,Jeepney,Hit and Run,Major,Cloudy,Slippery,Drunk Driving,35.0,Male,4.0,53000.0,14.681949281962604,121.03564164978998
MMTI-2025-0854,2025-05-20,00:26:00,Parañaque,EDSA,Taxi,Hit and Run,Major,Storm,Slippery,,56.0,male,0.0,30000.0,14.544964954283943,121.04180170196982
MMTI-2025-0855,2025-04-24,02:39:00,San Juan,Katipunan Ave,Taxi,Hit and Run,,Cloudy,,Traffic Violation,52.0,FEMALE,3.0,73000.0,14.502513444934712,120.96811919557996
MMTI-2025-0856,2025-06-27,14:09:00,Valenzuela,Aurora Blvd,Car,Pedestrian,Major,RAIN,,Reckless Driving,43.0,Male,,75000.0,14.69354472172053,121.02627681268237
MMTI-2025-0857,2025-10-15,11:05:00,Parañaque,España Blvd,Bus,Side-swipe,Fatal,Storm,,,19.0,Female,4.0,76500.0,14.533346861040988,120.97032527560725
MMTI-2025-0858,2025-08-09,13:48:00,Manila,Roxas Blvd,Jeepney,Hit and Run,Major,Cloudy,,Drunk Driving,42.0,Male,0.0,52500.0,14.543661076145328,121.09842618124281
MMTI-2025-0859,2025-10-20,09:11:00,Pasay,Taft Ave,Jeepney,Hit and Run,Fatal,Rain,,Reckless Driving,38.0,male,,15500.0,14.63284691555017,121.03736877584494
MMTI-2025-0860,2025-11-21,20:20:00,manila,España Blvd,Jeepney,Hit and Run,Major,Cloudy,,,36.0,FEMALE,1.0,24500.0,14.580010872018946,120.90066747595768
MMTI-2025-0861,2025-06-21,14:41:00,Pasay,C5,Truck,Pedestrian,,Cloudy,,Mechanical Failure,58.0,Male,4.0,30500.0,14.527714408352534,121.02398405895138
MMTI-2025-0862,2025-02-11,19:36:00,Malabon,EDSA,Bus,Pedestrian,Major,Rain,,,61.0,Male,2.0,4500.0,14.648593074979399,121.07670249609632
MMTI-2025-0863,2025-12-01,12:35:00,manila,Quezon Ave,Taxi,Rear-end,,Storm,Wet,Drunk Driving,48.0,Female,2.0,18500.0,14.558596383131762,121.07888913159205
MMTI-2025-0864,2025-04-16,18:29:00,Valenzuela,Quezon Ave,UV Express,Pedestrian,,Rain,Wet,,50.0,Male,4.0,44000.0,14.674417091787094,121.08177572512518
MMTI-2025-0865,2025-05-06,14:46:00,Makati,EDSA,UV Express,Collision,, clear,,,22.0,FEMALE,2.0,93500.0,14.607468289317163,121.04315897044033
MMTI-2025-0866,2025-11-07,20:34:00,Manila,Aurora Blvd,Truck,Collision,Fatal,Cloudy,Dry,Traffic Violation,43.0,FEMALE,3.0,17500.0,14.520724602261161,121.06941407660022
MMTI-2025-0867,2025-10-24,03:46:00,Pasay,Ortigas Ave,Truck,Side-swipe,Major,Rain,,Mechanical Failure,34.0,Male,2.0,84000.0,14.638743211439355,120.99164840415001
MMTI-2025-0868,2025-12-30,15:48:00,Caloocan,Roxas Blvd,Bus,Side-swipe,,Storm,,Reckless Driving,54.0,male,4.0,6500.0,14.65226454755667,120.92960479486254
MMTI-2025-0869,2025-05-28,00:14:00,Las Piñas,Katipunan Ave,Bus,Side-swipe,Fatal,RAIN,Wet,Reckless Driving,48.0,FEMALE,,39500.0,14.530888257538875,121.06103973045212
MMTI-2025-0870,2025-03-07,04:38:00,San Juan,Taft Ave,Bus,Rear-end,Minor,Rain,,Reckless Driving,27.0,Male,2.0,48500.0,14.644227873546766,121.04909144769644
MMTI-2025-0871,2025-09-22,12:30:00, Pasig,Commonwealth Ave,Bus,Rear-end,, clear,Slippery,Traffic Violation,42.0,FEMALE,,23500.0,14.674156452007944,120.99641049679427
MMTI-2025-0872,2025-09-05,12:00:00,Makati,Ortigas Ave,Car,Side-swipe,Major,Rain,Wet,Reckless Driving,56.0,Male,,27000.0,14.57130029275833,120.9918643423459
MMTI-2025-0873,2025-11-23,00:53:00,manila,Quezon Ave,UV Express,Rear-end,Fatal,RAIN,Dry,,58.0,Male,2.0,66500.0,14.513439545439889,121.01065689617643
MMTI-2025-0874,2025-10-01,23:34:00,Makati,EDSA,Truck,Pedestrian,,Rain,Wet,Reckless Driving,69.0,Female,,85000.0,14.671504521735143,120.94566798610931
MMTI-2025-0875,2025-08-22,05:02:00, Pasig,Roxas Blvd,Jeepney,Side-swipe,Minor,RAIN,Wet,Distracted Driving,26.0,male,0.0,28500.0,14.545517249768883,121.01713547820104
MMTI-2025-0876,2025-10-25,15:29:00,Taguig,España Blvd,Taxi,Collision,Fatal,RAIN,Dry,Mechanical Failure,48.0,Male,3.0,12500.0,14.595207161005431,120.91997518173214
MMTI-2025-0877,2025-10-29,06:38:00,Pateros,Roxas Blvd,Jeepney,Collision,,Cloudy,Dry,,67.0,Female,4.0,83000.0,14.622882656388795,120.9912508875016
MMTI-2025-0878,2025-01-01,08:48:00,Malabon,Katipunan Ave,Bus,Hit and Run,Major,Storm,,,50.0,male,,40000.0,14.5528399808217,121.00643800534162
MMTI-2025-0879,2025-06-24,08:43:00,QUEZON CITY,España Blvd,Bus,Hit and Run,Minor,Rain,,Overspeeding,38.0,FEMALE,3.0,22500.0,14.53575903336042,121.05208756242993
MMTI-2025-0880,2025-12-11,09:06:00,Valenzuela,Ortigas Ave,UV Express,Pedestrian,Major,Rain,Dry,Mechanical Failure,31.0,male,4.0,41000.0,14.564003172168762,121.00607990394813
MMTI-2025-0881,2025-02-22,21:19:00, Pasig,Quezon Ave,Jeepney,Rear-end,Fatal,Rain,Wet,,68.0,Female,1.0,80000.0,14.632518148656388,120.96513625227915
MMTI-2025-0882,2025-09-22,15:41:00, Pasig,Taft Ave,Taxi,Side-swipe,Major,Storm,,Reckless Driving,41.0,Female,2.0,44500.0,14.645341927340528,121.06584625802222
MMTI-2025-0883,2025-06-11,14:19:00,Malabon,Katipunan Ave,Truck,Hit and Run,Minor,Cloudy,Dry,,40.0,Female,3.0,,14.55484146329683,121.06370661363653
MMTI-2025-0884,2025-04-14,06:42:00,Mandaluyong,Roxas Blvd,Taxi,Side-swipe,Minor,Storm,,,38.0,Female,1.0,81000.0,14.600588684439813,121.07128068845566
MMTI-2025-0885,2025-02-24,02:15:00,Pasay,Ortigas Ave,UV Express,Hit and Run,,Cloudy,Dry,,62.0,FEMALE,1.0,37500.0,14.697385839531876,121.01722287293526
MMTI-2025-0886,2025-01-31,03:03:00,Marikina,Roxas Blvd,Jeepney,Side-swipe,,Storm,Dry,,26.0,Male,2.0,95500.0,14.582755475974546,120.93035451751047
MMTI-2025-0887,2025-03-19,18:19:00,Makati ,Quezon Ave,Jeepney,Collision,,Rain,Slippery,Reckless Driving,53.0,male,,4500.0,14.528093513506802,121.05398117612006
MMTI-2025-0888,2025-12-25,22:47:00,Marikina,Ortigas Ave,Taxi,Hit and Run,Major,Rain,Slippery,,32.0,FEMALE,2.0,44500.0,14.539797035869462,121.09428773329267
MMTI-2025-0889,2025-05-13,08:38:00,Manila,Commonwealth Ave,Motorcycle,Hit and Run,,Cloudy,,Overspeeding,51.0,Male,4.0,49500.0,14.503240253874234,120.98744138329575
MMTI-2025-0890,2025-01-17,16:55:00,Marikina,España Blvd,Truck,Side-swipe,,Storm,Dry,Distracted Driving,54.0,Male,4.0,16000.0,14.606352487442232,121.0597181953691
MMTI-2025-0891,2025-02-14,18:59:00,Valenzuela,Katipunan Ave,UV Express,Rear-end,Minor,RAIN,,Reckless Driving,47.0,FEMALE,,21000.0,14.630088739589496,120.91460515734803
MMTI-2025-0892,2025-11-28,18:21:00,Valenzuela,España Blvd,Taxi,Hit and Run,Minor,Cloudy,,Reckless Driving,18.0,FEMALE,0.0,3000.0,14.545045987251974,120.9854299294211
MMTI-2025-0893,2025-05-13,07:37:00,Marikina,España Blvd,Truck,Rear-end,,Storm,,Drunk Driving,30.0,Female,1.0,41000.0,14.536317344160224,120.90524489810083
MMTI-2025-0894,2025-11-05,01:49:00,Pasig,España Blvd,Bus,Collision,Fatal,Storm,Wet,Mechanical Failure,30.0,male,1.0,56000.0,14.698200725422916,120.94659577002571
MMTI-2025-0895,2025-04-22,11:01:00,Pasig,Aurora Blvd,Motorcycle,Hit and Run,Minor,Cloudy,Wet,,21.0,FEMALE,3.0,53000.0,14.539727546581078,121.05419674721436
MMTI-2025-0896,2025-10-30,03:05:00,Pasay,España Blvd,Jeepney,Pedestrian,Minor,Rain,Wet,Distracted Driving,49.0,male,,42500.0,14.583025573478611,120.94206549225025
MMTI-2025-0897,2025-02-16,16:23:00,Pateros,Roxas Blvd,Jeepney,Collision,,Clear,Dry,,69.0,FEMALE,3.0,14500.0,14.570936219931234,121.08914635674654
MMTI-2025-0898,2025-02-03,13:54:00,San Juan,Quezon Ave,UV Express,Collision,,Cloudy,Dry,Reckless Driving,64.0,male,0.0,20000.0,14.669482961668072,120.93547167713133
MMTI-2025-0899,2025-01-05,04:33:00,Pasig,Commonwealth Ave,UV Express,Hit and Run,Minor,Clear,,Mechanical Failure,65.0,male,2.0,81000.0,14.58297527406104,120.93149653884656
MMTI-2025-0900,2025-03-30,05:59:00,manila,Commonwealth Ave,UV Express,Rear-end,Fatal,Clear,Wet,Overspeeding,49.0,Female,2.0,53500.0,14.62506249751625,121.08179617053483
MMTI-2025-0901,2025-05-16,19:20:00,Manila,EDSA,Bus,Collision,,Clear,Wet,,20.0,FEMALE,4.0,94000.0,14.605040920033664,120.9316345156731
MMTI-2025-0902,2025-01-08,11:57:00,Caloocan,C5,Truck,Collision,Minor,Cloudy,,,52.0,FEMALE,1.0,79000.0,14.661885024066054,120.90014432566082
MMTI-2025-0903,2025-09-01,15:57:00,Mandaluyong,Commonwealth Ave,Bus,Pedestrian,Fatal, clear,Dry,,49.0,Female,1.0,30000.0,14.602946806147408,121.06108949622853
MMTI-2025-0904,2025-03-15,07:42:00,Makati,C5,UV Express,Hit and Run,Fatal, clear,Dry,Mechanical Failure,32.0,male,1.0,95000.0,14.631873871834737,120.96572515176305
MMTI-2025-0905,2025-08-25,21:37:00,manila,España Blvd,Jeepney,Side-swipe,Major,Storm,,Traffic Violation,60.0,Female,4.0,96000.0,14.686924882010741,120.90684506259552
MMTI-2025-0906,2025-07-17,20:03:00,Parañaque,Commonwealth Ave,Motorcycle,Rear-end,Minor,Rain,Wet,,38.0,Male,4.0,63500.0,14.596768972065568,120.96878035394512
MMTI-2025-0907,2025-11-18,18:25:00,Valenzuela,Quezon Ave,Truck,Pedestrian,Fatal, clear,,Distracted Driving,65.0,male,,,14.602898181861468,120.96747006824204
MMTI-2025-0908,2025-04-06,08:21:00,Pateros,España Blvd,Truck,Collision,Fatal, clear,Slippery,Distracted Driving,68.0,male,3.0,84000.0,14.50508279795163,121.00866375733351
MMTI-2025-0909,2025-02-18,07:29:00,Taguig,C5,Jeepney,Side-swipe,Major,Storm,Slippery,,45.0,Male,4.0,25000.0,14.579511619836131,121.08824994398002
MMTI-2025-0910,2025-09-19,06:09:00,Caloocan,EDSA,Car,Side-swipe,, clear,Wet,Overspeeding,69.0,male,4.0,31000.0,14.63873894951815,121.09943496962022
MMTI-2025-0911,2025-03-27,11:10:00,Taguig,Commonwealth Ave,UV Express,Pedestrian,Major,RAIN,Wet,,30.0,male,0.0,53000.0,14.559299286290663,121.08019132393859
MMTI-2025-0912,2025-08-04,15:29:00,Marikina,Commonwealth Ave,UV Express,Side-swipe,Minor,Clear,Slippery,Reckless Driving,31.0,Male,0.0,98500.0,14.582075105816578,120.92875831347844
MMTI-2025-0913,2025-03-24,07:25:00,Pasay,Taft Ave,Truck,Pedestrian,Major,Rain,Slippery,Distracted Driving,32.0,male,1.0,53000.0,14.524694284388392,121.04793099699309
MMTI-2025-0914,2025-12-11,04:13:00,Valenzuela,Commonwealth Ave,UV Express,Side-swipe,Fatal,Clear,Dry,Reckless Driving,51.0,Male,,78500.0,14.594221866476806,121.03208428686601
MMTI-2025-0915,2025-06-02,03:34:00, Pasig,Aurora Blvd,Car,Collision,Fatal,Storm,Dry,,34.0,Male,,61500.0,14.58518211481717,120.93369120191969
MMTI-2025-0916,2025-12-30,22:55:00,Pateros,Roxas Blvd,Car,Pedestrian,Minor,Clear,,Traffic Violation,33.0,FEMALE,,57000.0,14.584334823573608,121.02761198148906
MMTI-2025-0917,2025-05-24,23:46:00,Mandaluyong,Roxas Blvd,UV Express,Pedestrian,Fatal,Cloudy,Slippery,Traffic Violation,23.0,Male,0.0,93000.0,14.661198297866507,120.94854884383945
MMTI-2025-0918,2025-09-11,07:37:00,Malabon,Roxas Blvd,Motorcycle,Hit and Run,, clear,,,56.0,FEMALE,0.0,79000.0,14.521559535846626,121.0676411297822
MMTI-2025-0919,2025-11-26,03:36:00,Taguig,C5,Taxi,Rear-end,Fatal, clear,,,,FEMALE,,97000.0,14.507972984533465,121.02941769478937
MMTI-2025-0920,2025-08-14,14:36:00,manila,EDSA,Truck,Hit and Run,Minor,Rain,,Drunk Driving,19.0,male,0.0,39000.0,14.684133938569046,121.06037904922422
MMTI-2025-0921,2025-08-22,08:22:00,Las Piñas,Ortigas Ave,Car,Side-swipe,,Clear,Slippery,,62.0,male,1.0,28500.0,14.611695553020848,121.07269658080828
MMTI-2025-0922,2025-11-28,10:47:00,Navotas,Ortigas Ave,Taxi,Rear-end,,Clear,Slippery,Traffic Violation,57.0,Female,2.0,41000.0,14.520259633532422,121.04438813342219
MMTI-2025-0923,2025-11-24,12:20:00, Pasig,Aurora Blvd,UV Express,Rear-end,,Rain,Slippery,,40.0,male,3.0,48000.0,14.650954169272211,121.09186166699014
MMTI-2025-0924,2025-06-15,00:07:00,Parañaque,Katipunan Ave,Bus,Pedestrian,,Storm,,Drunk Driving,43.0,Male,1.0,13500.0,14.518108443486192,121.01959387647317
MMTI-2025-0925,2025-12-06,12:54:00,Mandaluyong,Commonwealth Ave,UV Express,Side-swipe,,Storm,,Drunk Driving,42.0,Male,,39500.0,14.622684005752365,121.0941490547094
MMTI-2025-0926,2025-06-15,07:28:00,Quezon City,Quezon Ave,Jeepney,Rear-end,Fatal,Clear,,Mechanical Failure,62.0,Female,1.0,30500.0,14.588071180355392,121.0623050648212
MMTI-2025-0927,2025-03-16,00:18:00,Caloocan,EDSA,Taxi,Pedestrian,,Cloudy,,Mechanical Failure,44.0,Female,4.0,76000.0,14.579923366944872,121.01509137286038
MMTI-2025-0928,2025-07-18,23:16:00,Las Piñas,Roxas Blvd,Truck,Side-swipe,Fatal,Rain,Slippery,Traffic Violation,22.0,Female,2.0,91500.0,14.54937907128864,121.00765508499587
MMTI-2025-0929,2025-03-07,03:58:00,manila,Aurora Blvd,Jeepney,Side-swipe,Minor, clear,Wet,Traffic Violation,63.0,Female,3.0,36000.0,14.614851830656251,120.91064029106533
MMTI-2025-0930,2025-11-13,14:31:00,Makati ,Taft Ave,Motorcycle,Rear-end,Minor, clear,,Overspeeding,40.0,FEMALE,,20500.0,14.512755366685997,120.97088245461198
MMTI-2025-0931,2025-05-22,18:16:00,Manila,Katipunan Ave,Truck,Hit and Run,Major,Cloudy,Wet,,37.0,male,2.0,31500.0,14.613971472976232,121.0751937396943
MMTI-2025-0932,2025-07-28,04:49:00,QUEZON CITY,Katipunan Ave,Bus,Collision,,Clear,Slippery,Distracted Driving,67.0,Male,4.0,10000.0,14.605954395851063,121.04607606852235
MMTI-2025-0933,2025-04-10,07:38:00,Pasay,Commonwealth Ave,Motorcycle,Hit and Run,Minor,Storm,Dry,Distracted Driving,43.0,FEMALE,3.0,50500.0,14.639283011070502,120.92770190067182
MMTI-2025-0934,2025-06-25,05:06:00,San Juan,Ortigas Ave,Car,Hit and Run,Fatal,Cloudy,Dry,Drunk Driving,34.0,FEMALE,1.0,31000.0,14.570240136959606,121.0294450545803
MMTI-2025-0935,2025-02-11,10:28:00,Taguig,España Blvd,Bus,Collision,,Clear,,Overspeeding,61.0,male,0.0,23500.0,14.500345779901146,121.09702574391532
MMTI-2025-0936,2025-01-07,00:20:00,Navotas,Roxas Blvd,Motorcycle,Pedestrian,,Storm,Dry,Drunk Driving,30.0,FEMALE,1.0,70500.0,14.543674771451613,120.96904959246065
MMTI-2025-0937,2025-12-16,04:38:00,Las Piñas,Katipunan Ave,Car,Hit and Run,Major, clear,Wet,,19.0,Male,4.0,17000.0,14.661440966925394,120.96233306964493
MMTI-2025-0938,2025-05-30,03:22:00,Pasay,Katipunan Ave,Jeepney,Rear-end,Minor,Cloudy,Wet,Drunk Driving,57.0,male,3.0,86000.0,14.609596086787835,120.97776916888962
MMTI-2025-0939,2025-08-18,03:42:00,QUEZON CITY,C5,Bus,Rear-end,Fatal,Rain,Wet,,30.0,FEMALE,0.0,47500.0,14.511724837000088,121.09646912652423
MMTI-2025-0940,2025-09-03,21:45:00,Makati ,C5,Taxi,Pedestrian,Minor,RAIN,Slippery,,66.0,Female,2.0,43000.0,14.527095133733607,121.05270452230877
MMTI-2025-0941,2025-05-30,20:27:00,Navotas,Taft Ave,Truck,Collision,,Clear,,Distracted Driving,38.0,FEMALE,4.0,51500.0,14.561179516460918,121.098457471708
MMTI-2025-0942,2025-05-28,21:44:00,Quezon City,España Blvd,Taxi,Collision,Major,Clear,Slippery,Drunk Driving,59.0,male,,8000.0,14.606858426374142,120.90944150979335
MMTI-2025-0943,2025-06-05,12:12:00,Las Piñas,España Blvd,Motorcycle,Hit and Run,, clear,Wet,Traffic Violation,61.0,Male,1.0,14500.0,14.591446751281566,120.93714107855016
MMTI-2025-0944,2025-04-24,22:20:00,Makati,Quezon Ave,Truck,Rear-end,,RAIN,,Overspeeding,20.0,FEMALE,1.0,90000.0,14.523266205078828,120.95808833540192
MMTI-2025-0945,2025-05-04,21:52:00,Marikina,Commonwealth Ave,Truck,Rear-end,Fatal,Cloudy,Dry,Drunk Driving,27.0,Female,4.0,87500.0,14.551637059274233,121.08443555596895
MMTI-2025-0946,2025-12-15,18:45:00,San Juan,Quezon Ave,UV Express,Side-swipe,,RAIN,Dry,,,FEMALE,3.0,37500.0,14.66852684900325,120.93789930316318
MMTI-2025-0947,2025-09-07,08:38:00,Manila,Taft Ave,Motorcycle,Hit and Run,Major,RAIN,Wet,Distracted Driving,58.0,Male,0.0,22000.0,14.680443428145633,120.99770736108199
MMTI-2025-0948,2025-04-04,17:20:00,Pasay,Roxas Blvd,UV Express,Hit and Run,Fatal, clear,Slippery,Reckless Driving,54.0,male,0.0,99000.0,14.523880141071835,121.0645754961455
MMTI-2025-0949,2025-04-14,02:35:00,Pateros,Quezon Ave,Car,Pedestrian,Minor,Cloudy,,Distracted Driving,25.0,Female,0.0,51500.0,14.536895665650976,121.0525082822049
MMTI-2025-0950,2025-02-04,07:27:00, Pasig,Ortigas Ave,Truck,Rear-end,, clear,Dry,Mechanical Failure,67.0,Female,,42500.0,14.508751579476597,120.902842228038
MMTI-2025-0951,2025-03-20,10:55:00,Mandaluyong,Commonwealth Ave,Bus,Hit and Run,Major,RAIN,Dry,,42.0,Female,2.0,66500.0,14.512729876079016,120.93679263238194
MMTI-2025-0952,2025-04-10,10:42:00,Valenzuela,EDSA,Taxi,Hit and Run,Minor,Rain,,Reckless Driving,53.0,Female,1.0,72000.0,14.692835307594468,120.91134262548591
MMTI-2025-0953,2025-12-17,02:26:00,manila,España Blvd,Motorcycle,Pedestrian,Major,RAIN,Slippery,Traffic Violation,20.0,Female,0.0,89500.0,14.546732392915937,120.97624267787252
MMTI-2025-0954,2025-10-16,01:52:00,Navotas,Katipunan Ave,Motorcycle,Rear-end,Minor, clear,,Distracted Driving,19.0,FEMALE,4.0,84500.0,14.577210949782234,121.03712199720152
MMTI-2025-0955,2025-07-18,14:58:00,Caloocan,Aurora Blvd,Jeepney,Side-swipe,Fatal,RAIN,,,27.0,FEMALE,4.0,48000.0,14.544767967081677,120.95737270211741
MMTI-2025-0956,2025-03-31,12:16:00,Pasay,Ortigas Ave,UV Express,Collision,,Storm,Wet,Overspeeding,47.0,FEMALE,,71000.0,14.670336729626337,121.09749787360762
MMTI-2025-0957,2025-03-06,20:22:00,Parañaque,Taft Ave,Truck,Hit and Run,,RAIN,,,42.0,FEMALE,2.0,45000.0,14.565202196933885,120.97977661212254
MMTI-2025-0958,2025-09-29,06:15:00,Parañaque,Quezon Ave,Jeepney,Rear-end,,Storm,,,41.0,male,1.0,52000.0,14.528266297981489,120.92173003635233
MMTI-2025-0959,2025-11-30,14:19:00, Pasig,Taft Ave,Motorcycle,Rear-end,Major,Storm,,Drunk Driving,60.0,FEMALE,4.0,57000.0,14.536063046668767,120.98859606835818
MMTI-2025-0960,2025-12-22,06:24:00,Makati ,Commonwealth Ave,Bus,Pedestrian,Major,RAIN,,Mechanical Failure,27.0,FEMALE,2.0,61500.0,14.549139696162984,121.04769313652896
MMTI-2025-0961,2025-09-07,10:39:00, Pasig,España Blvd,UV Express,Collision,Minor,Clear,Dry,Overspeeding,18.0,Male,2.0,13500.0,14.56265877624089,121.08036075138554
MMTI-2025-0962,2025-04-14,23:09:00,Parañaque,Roxas Blvd,Taxi,Collision,Fatal, clear,Slippery,,48.0,male,,24000.0,14.557948209797205,120.92029989779344
MMTI-2025-0963,2025-10-15,05:57:00,Pasig,Commonwealth Ave,Truck,Collision,, clear,,Drunk Driving,53.0,FEMALE,,37500.0,14.637992742431155,121.08073032237499
MMTI-2025-0964,2025-02-28,21:09:00,Valenzuela,C5,Taxi,Collision,Major,Cloudy,,,48.0,Female,0.0,77000.0,14.637624299507994,121.0635903408563
MMTI-2025-0965,2025-08-14,18:36:00,Pasay,Aurora Blvd,Motorcycle,Hit and Run,,Storm,Slippery,Distracted Driving,41.0,Male,1.0,19000.0,14.624806219786562,121.03547463177684
MMTI-2025-0966,2025-03-18,03:59:00,Parañaque,Ortigas Ave,Bus,Collision,Fatal, clear,,Overspeeding,57.0,FEMALE,1.0,48500.0,14.670250565190189,120.93840462939951
MMTI-2025-0967,2025-05-24,16:57:00,Manila,Aurora Blvd,Bus,Rear-end,Minor,RAIN,Wet,Reckless Driving,34.0,FEMALE,3.0,45000.0,14.508091147650534,121.04999952464566
MMTI-2025-0968,2025-12-03,14:42:00,Makati,Ortigas Ave,Jeepney,Collision,Major, clear,Dry,Overspeeding,37.0,FEMALE,1.0,62000.0,14.576003386659021,120.90719663157357
MMTI-2025-0969,2025-12-11,08:44:00,Navotas,Ortigas Ave,Bus,Pedestrian,,Cloudy,Slippery,Drunk Driving,40.0,male,4.0,26500.0,14.597766083898605,120.95333450598018
MMTI-2025-0970,2025-08-19,21:05:00,Marikina,España Blvd,Motorcycle,Collision,Major,Clear,Wet,Distracted Driving,29.0,male,0.0,21500.0,14.614381761553075,120.94738906588984
MMTI-2025-0971,2025-02-14,02:00:00,Manila,Ortigas Ave,Taxi,Pedestrian,Minor,Rain,,,58.0,male,,15500.0,14.622513036611643,120.9112332831385
MMTI-2025-0972,2025-03-13,06:58:00,Makati,Commonwealth Ave,Motorcycle,Collision,Minor,Cloudy,Wet,Mechanical Failure,21.0,Male,3.0,43000.0,14.625090348019203,120.93852771740563
MMTI-2025-0973,2025-04-12,22:31:00, Pasig,Commonwealth Ave,Truck,Side-swipe,,Clear,,Drunk Driving,50.0,Male,0.0,24500.0,14.694838071164073,120.95265231899008
MMTI-2025-0974,2025-10-05,18:12:00,Taguig,C5,Car,Rear-end,Fatal,Rain,Wet,,58.0,male,4.0,54500.0,14.601330890716008,120.9570806029711
MMTI-2025-0975,2025-08-07,08:52:00,Las Piñas,Quezon Ave,Jeepney,Collision,Fatal,Storm,Wet,Distracted Driving,21.0,Male,3.0,46000.0,14.680538692672423,120.91208079549648
MMTI-2025-0976,2025-08-09,02:43:00,Valenzuela,EDSA,UV Express,Collision,Fatal, clear,Slippery,Distracted Driving,54.0,male,,42500.0,14.590157390174438,121.04843852938856
MMTI-2025-0977,2025-09-03,11:31:00,San Juan,Aurora Blvd,Bus,Pedestrian,Major,Rain,,Drunk Driving,20.0,male,3.0,61500.0,14.675994930359185,120.96487355518855
MMTI-2025-0978,2025-07-26,14:55:00,Valenzuela,Aurora Blvd,Car,Rear-end,,Cloudy,Dry,Drunk Driving,68.0,male,3.0,82500.0,14.529876785575476,120.97314200999432
MMTI-2025-0979,2025-08-11,21:57:00,Pasay,Commonwealth Ave,Jeepney,Rear-end,Major,Clear,Dry,,48.0,Female,2.0,45000.0,14.539551296862484,120.99946448712384
MMTI-2025-0980,2025-03-23,09:53:00,QUEZON CITY,Roxas Blvd,Car,Rear-end,, clear,,,45.0,Female,3.0,87000.0,14.511952083339347,121.09228788332048
MMTI-2025-0981,2025-02-04,10:45:00,Pateros,Katipunan Ave,Bus,Rear-end,Major, clear,,Mechanical Failure,44.0,FEMALE,0.0,41000.0,14.626301720974746,120.96771610175142
MMTI-2025-0982,2025-06-09,21:39:00,Malabon,Katipunan Ave,Motorcycle,Pedestrian,Major, clear,Slippery,Traffic Violation,64.0,male,,18000.0,14.573913508005928,121.09408614109982
MMTI-2025-0983,2025-02-02,00:28:00,Las Piñas,Taft Ave,Car,Rear-end,Fatal,RAIN,Wet,Traffic Violation,58.0,FEMALE,2.0,73000.0,14.568151467408567,121.0587636028693
MMTI-2025-0984,2025-12-24,06:57:00,Pasig,Ortigas Ave,Taxi,Pedestrian,Major,RAIN,,Mechanical Failure,,Female,3.0,74000.0,14.593950508371826,120.90387945817928
MMTI-2025-0985,2025-09-19,03:24:00,Pasig,Katipunan Ave,Bus,Collision,,Cloudy,,Reckless Driving,22.0,FEMALE,3.0,26500.0,14.65825631584219,120.95524207310663
MMTI-2025-0986,2025-03-15,11:54:00,Quezon City,Aurora Blvd,Car,Rear-end,Minor,Storm,Slippery,,53.0,Female,2.0,42500.0,14.596939542867668,120.96283365578171
MMTI-2025-0987,2025-10-02,06:52:00,Parañaque,Katipunan Ave,Jeepney,Collision,Fatal,RAIN,Dry,Mechanical Failure,51.0,male,1.0,50000.0,14.584598265142212,121.06371730693088
MMTI-2025-0988,2025-01-06,09:16:00,Parañaque,Commonwealth Ave,Bus,Collision,Minor,RAIN,,Distracted Driving,41.0,FEMALE,1.0,59000.0,14.625177974078088,121.01105287247447
MMTI-2025-0989,2025-11-01,14:48:00,Marikina,C5,Bus,Hit and Run,Fatal,Rain,,,36.0,Female,4.0,18000.0,14.564560744100966,120.90339124370205
MMTI-2025-0990,2025-01-27,10:35:00,Pateros,Ortigas Ave,Car,Side-swipe,, clear,Dry,,59.0,male,3.0,24500.0,14.565322093089048,121.06721466446002
MMTI-2025-0991,2025-01-18,20:18:00,Marikina,Katipunan Ave,Taxi,Pedestrian,Minor, clear,Dry,Drunk Driving,49.0,Male,0.0,19500.0,14.530313985202094,121.00455611670522
MMTI-2025-0992,2025-05-01,02:48:00,Las Piñas,Ortigas Ave,Bus,Collision,,Storm,Dry,,43.0,Male,4.0,55000.0,14.628363741620971,120.9791980336526
MMTI-2025-0993,2025-03-21,17:52:00,Makati,Quezon Ave,Truck,Rear-end,Minor,Storm,Wet,Mechanical Failure,21.0,Male,0.0,84000.0,14.668578636195194,120.94510397386357
MMTI-2025-0994,2025-01-22,01:14:00,Caloocan,Commonwealth Ave,Taxi,Rear-end,,Storm,Slippery,,66.0,FEMALE,0.0,67000.0,14.653107335105002,120.99844545278478
MMTI-2025-0995,2025-12-09,22:44:00,Malabon,España Blvd,Motorcycle,Collision,Major, clear,Dry,Mechanical Failure,32.0,FEMALE,0.0,46500.0,14.640364842236977,121.01631664318093
MMTI-2025-0996,2025-07-08,16:57:00,Pasay,Taft Ave,Car,Rear-end,,Clear,,Reckless Driving,35.0,male,4.0,51500.0,14.531972664348517,120.94031718336667
MMTI-2025-0997,2025-11-08,08:21:00,Parañaque,Ortigas Ave,Bus,Hit and Run,Minor,RAIN,Slippery,,19.0,FEMALE,4.0,85000.0,14.634369274246403,121.05400333315983
MMTI-2025-0998,2025-04-15,05:07:00,Quezon City,Taft Ave,Taxi,Collision,Major,Rain,,Reckless Driving,62.0,Female,4.0,40500.0,14.572187664305835,120.91087351090883
MMTI-2025-0999,2025-11-17,07:36:00,Mandaluyong,Quezon Ave,Jeepney,Collision,Fatal,Clear,Wet,Drunk Driving,39.0,Female,3.0,94000.0,14.577714344441844,120.9654717586307
MMTI-2025-1000,2025-07-20,19:48:00,Pasay,Aurora Blvd,Truck,Pedestrian,,Storm,Wet,Distracted Driving,57.0,Male,0.0,5500.0,14.623855348005932,121.07143319548848
MMTI-2025-0522,2025-08-30,05:39:00,Parañaque,Roxas Blvd,UV Express,Collision,,Rain,Wet,Mechanical Failure,28.0,FEMALE,0.0,55000.0,14.688610939672243,120.99874501571604
MMTI-2025-0738,2025-02-18,03:19:00,Marikina,Aurora Blvd,Truck,Side-swipe,,Storm,,Reckless Driving,41.0,FEMALE,0.0,47000.0,14.560226806566353,120.96674777402188
MMTI-2025-0741,2025-06-19,12:37:00,Malabon,Roxas Blvd,Bus,Rear-end,Minor, clear,,Traffic Violation,57.0,Male,3.0,60000.0,14.613332486105193,121.05850511311344
MMTI-2025-0661,2025-10-07,19:21:00,San Juan,Aurora Blvd,Taxi,Rear-end,,RAIN,Wet,Overspeeding,26.0,Female,3.0,72000.0,14.642320625860282,121.07831733059447
MMTI-2025-0412,2025-06-04,15:47:00,QUEZON CITY,Quezon Ave,Truck,Hit and Run,,Storm,Wet,,18.0,male,3.0,50500.0,14.635698681050075,121.09235254456141
MMTI-2025-0679,2025-10-23,22:51:00,Caloocan,C5,Car,Side-swipe,Minor,Rain,Dry,Traffic Violation,53.0,FEMALE,1.0,16000.0,14.511915477978233,120.96986950689683
MMTI-2025-0627,2025-01-12,17:25:00,Marikina,Taft Ave,UV Express,Hit and Run,Fatal,Cloudy,,Distracted Driving,51.0,male,2.0,91000.0,14.684612757258254,121.04022173413077
MMTI-2025-0514,2025-06-02,10:37:00,Valenzuela,Aurora Blvd,Jeepney,Side-swipe,Fatal,Rain,Wet,Drunk Driving,23.0,male,,15500.0,14.586759784123862,120.90358304382242
MMTI-2025-0860,2025-11-21,20:20:00,manila,España Blvd,Jeepney,Hit and Run,Major,Cloudy,,,36.0,FEMALE,1.0,24500.0,14.580010872018946,120.90066747595768
MMTI-2025-0137,2025-02-10,11:59:00,Valenzuela,Roxas Blvd,UV Express,Hit and Run,Major,Rain,,Reckless Driving,53.0,male,1.0,15500.0,14.623135406882898,121.01736609971417
